[
  {
    "'EC042_3034'": "'EC042_1039'",
    "'EC042_1039'": "'EC042_4224'"
  },
  {
    "'EC042_3034'": "'EC042_1039'",
    "'EC042_1039'": "'EC042_0490'"
  },
  {
    "'EC042_3034'": "'EC042_3487'",
    "'EC042_1039'": "'EC042_2901'"
  },
  {
    "'EC042_3034'": "'EC042_0080'",
    "'EC042_1039'": "'EC042_4026'"
  },
  {
    "'EC042_3034'": "'EC042_0080'",
    "'EC042_1039'": "'EC042_4025'"
  },
  {
    "'EC042_3034'": "'EC042_0079'",
    "'EC042_1039'": "'EC042_4026'"
  },
  {
    "'EC042_3034'": "'EC042_0079'",
    "'EC042_1039'": "'EC042_4025'"
  },
  {
    "'EC042_3034'": "'EC042_2016'",
    "'EC042_1039'": "'EC042_2701'"
  },
  {
    "'EC042_3034'": "'EC042_0117'",
    "'EC042_1039'": "'EC042_1401'"
  },
  {
    "'EC042_3034'": "'EC042_1160'",
    "'EC042_1039'": "'EC042_4410'"
  },
  {
    "'EC042_3034'": "'EC042_0512'",
    "'EC042_1039'": "'ndk'"
  },
  {
    "'EC042_3034'": "'EC042_0512'",
    "'EC042_1039'": "'EC042_1264'"
  },
  {
    "'EC042_3034'": "'EC042_0512'",
    "'EC042_1039'": "'EC042_4461'"
  },
  {
    "'EC042_3034'": "'EC042_0413'",
    "'EC042_1039'": "'EC042_0093'"
  },
  {
    "'EC042_3034'": "'EC042_4421'",
    "'EC042_1039'": "'EC042_1239'"
  },
  {
    "'EC042_3034'": "'EC042_2755'",
    "'EC042_1039'": "'EC042_3123'"
  },
  {
    "'EC042_3034'": "'EC042_2755'",
    "'EC042_1039'": "'EC042_4885'"
  },
  {
    "'EC042_3034'": "'EC042_3353'",
    "'EC042_1039'": "'EC042_4410'"
  },
  {
    "'EC042_3034'": "'EC042_0702'",
    "'EC042_1039'": "'EC042_4131'"
  },
  {
    "'EC042_3034'": "'EC042_4314'",
    "'EC042_1039'": "'EC042_0001'"
  },
  {
    "'EC042_3034'": "'EC042_0155'",
    "'EC042_1039'": "'EC042_1740'"
  },
  {
    "'EC042_3034'": "'EC042_2644'",
    "'EC042_1039'": "'EC042_4240'"
  },
  {
    "'EC042_3034'": "'EC042_3297'",
    "'EC042_1039'": "'EC042_1790'"
  },
  {
    "'EC042_3034'": "'EC042_2623'",
    "'EC042_1039'": "'EC042_2630'"
  },
  {
    "'EC042_3034'": "'EC042_1000'",
    "'EC042_1039'": "'EC042_0169'"
  },
  {
    "'EC042_3034'": "'EC042_3257'",
    "'EC042_1039'": "'EC042_3260'"
  },
  {
    "'EC042_3034'": "'EC042_3257'",
    "'EC042_1039'": "'EC042_3261'"
  },
  {
    "'EC042_3034'": "'EC042_3257'",
    "'EC042_1039'": "'EC042_3262'"
  },
  {
    "'EC042_3034'": "'EC042_0050'",
    "'EC042_1039'": "'EC042_1774'"
  },
  {
    "'EC042_3034'": "'EC042_2032'",
    "'EC042_1039'": "'EC042_0100'"
  },
  {
    "'EC042_3034'": "'EC042_3136'",
    "'EC042_1039'": "'EC042_1945'"
  },
  {
    "'EC042_3034'": "'EC042_1425'",
    "'EC042_1039'": "'EC042_4243'"
  },
  {
    "'EC042_3034'": "'EC042_1926'",
    "'EC042_1039'": "'EC042_3503'"
  },
  {
    "'EC042_3034'": "'EC042_1926'",
    "'EC042_1039'": "'EC042_3502'"
  },
  {
    "'EC042_3034'": "'EC042_2272'",
    "'EC042_1039'": "'EC042_3647'"
  },
  {
    "'EC042_3034'": "'EC042_3783'",
    "'EC042_1039'": "'EC042_0980'"
  },
  {
    "'EC042_3034'": "'EC042_0299'",
    "'EC042_1039'": "'EC042_2709'"
  },
  {
    "'EC042_3034'": "'EC042_0376'",
    "'EC042_1039'": "'EC042_0125'"
  },
  {
    "'EC042_3034'": "'EC042_3078'",
    "'EC042_1039'": "'EC042_2709'"
  },
  {
    "'EC042_3034'": "'EC042_3079'",
    "'EC042_1039'": "'EC042_2709'"
  },
  {
    "'EC042_3034'": "'EC042_3077'",
    "'EC042_1039'": "'EC042_2709'"
  },
  {
    "'EC042_3034'": "'EC042_2733'",
    "'EC042_1039'": "'EC042_1847'"
  },
  {
    "'EC042_3034'": "'EC042_2733'",
    "'EC042_1039'": "'EC042_1848'"
  },
  {
    "'EC042_3034'": "'EC042_2733'",
    "'EC042_1039'": "'EC042_1850'"
  },
  {
    "'EC042_3034'": "'EC042_2733'",
    "'EC042_1039'": "'EC042_1846'"
  },
  {
    "'EC042_3034'": "'EC042_2733'",
    "'EC042_1039'": "'EC042_1849'"
  },
  {
    "'EC042_3034'": "'EC042_2733'",
    "'EC042_1039'": "'EC042_1851'"
  },
  {
    "'EC042_3034'": "'EC042_2732'",
    "'EC042_1039'": "'EC042_1847'"
  },
  {
    "'EC042_3034'": "'EC042_2732'",
    "'EC042_1039'": "'EC042_1848'"
  },
  {
    "'EC042_3034'": "'EC042_2732'",
    "'EC042_1039'": "'EC042_1850'"
  },
  {
    "'EC042_3034'": "'EC042_2732'",
    "'EC042_1039'": "'EC042_1846'"
  },
  {
    "'EC042_3034'": "'EC042_2732'",
    "'EC042_1039'": "'EC042_1849'"
  },
  {
    "'EC042_3034'": "'EC042_2732'",
    "'EC042_1039'": "'EC042_1851'"
  },
  {
    "'EC042_3034'": "'EC042_4381'",
    "'EC042_1039'": "'EC042_4209'"
  },
  {
    "'EC042_3034'": "'EC042_0783'",
    "'EC042_1039'": "'EC042_2632'"
  },
  {
    "'EC042_3034'": "'EC042_0783'",
    "'EC042_1039'": "'EC042_2631'"
  },
  {
    "'EC042_3034'": "'EC042_0783'",
    "'EC042_1039'": "'EC042_2633'"
  },
  {
    "'EC042_3034'": "'EC042_2632'",
    "'EC042_1039'": "'EC042_0784'"
  },
  {
    "'EC042_3034'": "'EC042_2632'",
    "'EC042_1039'": "'EC042_0782'"
  },
  {
    "'EC042_3034'": "'EC042_0784'",
    "'EC042_1039'": "'EC042_2631'"
  },
  {
    "'EC042_3034'": "'EC042_0784'",
    "'EC042_1039'": "'EC042_2633'"
  },
  {
    "'EC042_3034'": "'EC042_2631'",
    "'EC042_1039'": "'EC042_0782'"
  },
  {
    "'EC042_3034'": "'EC042_0782'",
    "'EC042_1039'": "'EC042_2633'"
  },
  {
    "'EC042_3034'": "'EC042_3277'",
    "'EC042_1039'": "'EC042_4077'"
  },
  {
    "'EC042_3034'": "'EC042_3277'",
    "'EC042_1039'": "'EC042_4080'"
  },
  {
    "'EC042_3034'": "'EC042_3277'",
    "'EC042_1039'": "'EC042_4078'"
  },
  {
    "'EC042_3034'": "'EC042_3277'",
    "'EC042_1039'": "'EC042_4079'"
  },
  {
    "'EC042_3034'": "'EC042_1264'",
    "'EC042_1039'": "'EC042_4461'"
  },
  {
    "'EC042_3034'": "'EC042_1859'",
    "'EC042_1039'": "'EC042_3558'"
  },
  {
    "'EC042_3034'": "'EC042_3647'",
    "'EC042_1039'": "'EC042_3124'"
  },
  {
    "'EC042_3034'": "'EC042_3651'",
    "'EC042_1039'": "'EC042_0421'"
  },
  {
    "'EC042_3034'": "'EC042_3409'",
    "'EC042_1039'": "'EC042_4150'"
  }
]