[
  {
    "'EC042_0178'": "'EC042_1163'"
  },
  {
    "'EC042_0178'": "'EC042_2564'"
  },
  {
    "'EC042_0178'": "'EC042_0003'"
  },
  {
    "'EC042_0178'": "'EC042_0159'"
  },
  {
    "'EC042_0178'": "'EC042_1164'"
  },
  {
    "'EC042_0178'": "'s0001'"
  },
  {
    "'EC042_0178'": "'EC042_3538'"
  },
  {
    "'EC042_0178'": "'EC042_3539'"
  },
  {
    "'EC042_0178'": "'EC042_0183'"
  },
  {
    "'EC042_0178'": "'EC042_2557'"
  },
  {
    "'EC042_0178'": "'EC042_4334'"
  },
  {
    "'EC042_0178'": "'EC042_3014'"
  },
  {
    "'EC042_0178'": "'EC042_1161'"
  },
  {
    "'EC042_0178'": "'EC042_4332'"
  },
  {
    "'EC042_0178'": "'EC042_4737'"
  },
  {
    "'EC042_0178'": "'EC042_3491'"
  },
  {
    "'EC042_0178'": "'EC042_3490'"
  },
  {
    "'EC042_0178'": "'EC042_3489'"
  },
  {
    "'EC042_0178'": "'EC042_4736'"
  },
  {
    "'EC042_0178'": "'EC042_3622'"
  },
  {
    "'EC042_0178'": "'EC042_1166'"
  },
  {
    "'EC042_0178'": "'EC042_3623'"
  },
  {
    "'EC042_0178'": "'EC042_1977'"
  },
  {
    "'EC042_0178'": "'EC042_2944'"
  },
  {
    "'EC042_0178'": "'EC042_1202'"
  },
  {
    "'EC042_0178'": "'EC042_4650'"
  },
  {
    "'EC042_0178'": "'EC042_3306'"
  },
  {
    "'EC042_0178'": "'EC042_4333'"
  },
  {
    "'EC042_0178'": "'EC042_4373'"
  },
  {
    "'EC042_0178'": "'EC042_0565'"
  },
  {
    "'EC042_0178'": "'EC042_0566'"
  },
  {
    "'EC042_0178'": "'EC042_0857'"
  },
  {
    "'EC042_0178'": "'EC042_4361'"
  },
  {
    "'EC042_0178'": "'EC042_1389'"
  },
  {
    "'EC042_0178'": "'EC042_1390'"
  },
  {
    "'EC042_0178'": "'EC042_0859'"
  },
  {
    "'EC042_0178'": "'EC042_0449'"
  },
  {
    "'EC042_0178'": "'EC042_4335'"
  },
  {
    "'EC042_0178'": "'EC042_3463'"
  },
  {
    "'EC042_0178'": "'EC042_3700'"
  },
  {
    "'EC042_0178'": "'EC042_0130'"
  },
  {
    "'EC042_0178'": "'EC042_4723'"
  },
  {
    "'EC042_0178'": "'EC042_2778'"
  },
  {
    "'EC042_0178'": "'EC042_1019'"
  },
  {
    "'EC042_0178'": "'EC042_2262'"
  },
  {
    "'EC042_0178'": "'EC042_0916'"
  },
  {
    "'EC042_0178'": "'EC042_4230'"
  },
  {
    "'EC042_0178'": "'EC042_4695'"
  },
  {
    "'EC042_0178'": "'EC042_0858'"
  },
  {
    "'EC042_0178'": "'EC042_3486'"
  },
  {
    "'EC042_0178'": "'EC042_3333'"
  },
  {
    "'EC042_0178'": "'EC042_1265'"
  },
  {
    "'EC042_0178'": "'EC042_2800'"
  },
  {
    "'EC042_0178'": "'EC042_2799'"
  },
  {
    "'EC042_0178'": "'EC042_2570'"
  },
  {
    "'EC042_0178'": "'EC042_4408'"
  },
  {
    "'EC042_0178'": "'EC042_1004'"
  },
  {
    "'EC042_0178'": "'EC042_0864'"
  },
  {
    "'EC042_0178'": "'EC042_0867'"
  },
  {
    "'EC042_0178'": "'EC042_0737'"
  },
  {
    "'EC042_0178'": "'EC042_2979'"
  },
  {
    "'EC042_0178'": "'EC042_3036'"
  },
  {
    "'EC042_0178'": "'EC042_4189'"
  },
  {
    "'EC042_0178'": "'EC042_0173'"
  },
  {
    "'EC042_0178'": "'EC042_3339'"
  },
  {
    "'EC042_0178'": "'EC042_0861'"
  },
  {
    "'EC042_0178'": "'EC042_3981'"
  },
  {
    "'EC042_0178'": "'EC042_4149'"
  },
  {
    "'EC042_0178'": "'EC042_0033'"
  },
  {
    "'EC042_0178'": "'EC042_2679'"
  },
  {
    "'EC042_0178'": "'EC042_2556'"
  },
  {
    "'EC042_0178'": "'EC042_3352'"
  },
  {
    "'EC042_0178'": "'EC042_1129'"
  },
  {
    "'EC042_0178'": "'EC042_3468'"
  },
  {
    "'EC042_0178'": "'EC042_3650'"
  },
  {
    "'EC042_0178'": "'EC042_1860'"
  },
  {
    "'EC042_0178'": "'EC042_0459'"
  },
  {
    "'EC042_0178'": "'EC042_0031'"
  },
  {
    "'EC042_0178'": "'EC042_0102'"
  },
  {
    "'EC042_0178'": "'EC042_4152'"
  },
  {
    "'EC042_0178'": "'EC042_1168'"
  },
  {
    "'EC042_0178'": "'EC042_0171'"
  },
  {
    "'EC042_0178'": "'EC042_0458'"
  },
  {
    "'EC042_0178'": "'EC042_1414'"
  },
  {
    "'EC042_0178'": "'EC042_2958'"
  },
  {
    "'EC042_0178'": "'EC042_2959'"
  },
  {
    "'EC042_0178'": "'EC042_0513'"
  },
  {
    "'EC042_0178'": "'EC042_0027'"
  },
  {
    "'EC042_0178'": "'EC042_4116'"
  },
  {
    "'EC042_0178'": "'EC042_0154'"
  },
  {
    "'EC042_0178'": "'EC042_3918'"
  },
  {
    "'EC042_0178'": "'EC042_1546'"
  },
  {
    "'EC042_0178'": "'EC042_4115'"
  },
  {
    "'EC042_0178'": "'EC042_2553'"
  },
  {
    "'EC042_0178'": "'EC042_4342'"
  },
  {
    "'EC042_0178'": "'EC042_1267'"
  },
  {
    "'EC042_0178'": "'EC042_2616'"
  },
  {
    "'EC042_0178'": "'EC042_2708'"
  },
  {
    "'EC042_0178'": "'EC042_2386'"
  },
  {
    "'EC042_0178'": "'EC042_1402'"
  },
  {
    "'EC042_0178'": "'EC042_4409'"
  },
  {
    "'EC042_0178'": "'EC042_2263'"
  },
  {
    "'EC042_0178'": "'EC042_2265'"
  },
  {
    "'EC042_0178'": "'EC042_4180'"
  },
  {
    "'EC042_0178'": "'EC042_2335'"
  },
  {
    "'EC042_0178'": "'EC042_0142'"
  },
  {
    "'EC042_0178'": "'EC042_0002'"
  },
  {
    "'EC042_0178'": "'EC042_4375'"
  },
  {
    "'EC042_0178'": "'EC042_2264'"
  },
  {
    "'EC042_0178'": "'EC042_2734'"
  },
  {
    "'EC042_0178'": "'EC042_4182'"
  },
  {
    "'EC042_0178'": "'EC042_1207'"
  },
  {
    "'EC042_0178'": "'EC042_2268'"
  },
  {
    "'EC042_0178'": "'EC042_2266'"
  },
  {
    "'EC042_0178'": "'EC042_1388'"
  },
  {
    "'EC042_0178'": "'EC042_4148'"
  },
  {
    "'EC042_0178'": "'EC042_0076'"
  },
  {
    "'EC042_0178'": "'EC042_0075'"
  },
  {
    "'EC042_0178'": "'EC042_0074'"
  },
  {
    "'EC042_0178'": "'EC042_0077'"
  },
  {
    "'EC042_0178'": "'EC042_1008'"
  },
  {
    "'EC042_0178'": "'EC042_3488'"
  },
  {
    "'EC042_0178'": "'EC042_1272'"
  },
  {
    "'EC042_0178'": "'EC042_0180'"
  },
  {
    "'EC042_0178'": "'EC042_0860'"
  },
  {
    "'EC042_0178'": "'EC042_1162'"
  },
  {
    "'EC042_0178'": "'EC042_2719'"
  },
  {
    "'EC042_0178'": "'EC042_2940'"
  },
  {
    "'EC042_0178'": "'EC042_2941'"
  },
  {
    "'EC042_0178'": "'EC042_3149'"
  },
  {
    "'EC042_0178'": "'EC042_0868'"
  },
  {
    "'EC042_0178'": "'EC042_3940'"
  },
  {
    "'EC042_0178'": "'EC042_0135'"
  },
  {
    "'EC042_0178'": "'EC042_0010'"
  },
  {
    "'EC042_0178'": "'EC042_1136'"
  },
  {
    "'EC042_0178'": "'EC042_0869'"
  },
  {
    "'EC042_0178'": "'EC042_0915'"
  },
  {
    "'EC042_0178'": "'EC042_4317'"
  },
  {
    "'EC042_0178'": "'EC042_2814'"
  },
  {
    "'EC042_0178'": "'EC042_1905'"
  },
  {
    "'EC042_0178'": "'EC042_0674'"
  },
  {
    "'EC042_0178'": "'EC042_0108'"
  },
  {
    "'EC042_0178'": "'EC042_4729'"
  },
  {
    "'EC042_0178'": "'EC042_3477'"
  },
  {
    "'EC042_0178'": "'EC042_0997'"
  },
  {
    "'EC042_0178'": "'EC042_1406'"
  },
  {
    "'EC042_0178'": "'EC042_2552'"
  },
  {
    "'EC042_0178'": "'EC042_4221'"
  },
  {
    "'EC042_0178'": "'EC042_3948'"
  },
  {
    "'EC042_0178'": "'EC042_0419'"
  },
  {
    "'EC042_0178'": "'EC042_0134'"
  },
  {
    "'EC042_0178'": "'EC042_0088'"
  },
  {
    "'EC042_0178'": "'EC042_2957'"
  },
  {
    "'EC042_0178'": "'EC042_0056'"
  },
  {
    "'EC042_0178'": "'EC042_2768'"
  },
  {
    "'EC042_0178'": "'EC042_2561'"
  },
  {
    "'EC042_0178'": "'EC042_3467'"
  },
  {
    "'EC042_0178'": "'EC042_3673'"
  },
  {
    "'EC042_0178'": "'EC042_4346'"
  },
  {
    "'EC042_0178'": "'EC042_0403'"
  },
  {
    "'EC042_0178'": "'EC042_3945'"
  },
  {
    "'EC042_0178'": "'EC042_4228'"
  },
  {
    "'EC042_0178'": "'EC042_4372'"
  },
  {
    "'EC042_0178'": "'EC042_2700'"
  },
  {
    "'EC042_0178'": "'EC042_2269'"
  },
  {
    "'EC042_0178'": "'EC042_2677'"
  },
  {
    "'EC042_0178'": "'EC042_2761'"
  },
  {
    "'EC042_0178'": "'EC042_2267'"
  },
  {
    "'EC042_0178'": "'EC042_0998'"
  },
  {
    "'EC042_0178'": "'EC042_4635'"
  },
  {
    "'EC042_0178'": "'EC042_2791'"
  },
  {
    "'EC042_0178'": "'EC042_3941'"
  },
  {
    "'EC042_0178'": "'EC042_0770'"
  },
  {
    "'EC042_0178'": "'EC042_1831'"
  },
  {
    "'EC042_0178'": "'EC042_0450'"
  },
  {
    "'EC042_0178'": "'EC042_2884'"
  },
  {
    "'EC042_0178'": "'EC042_2946'"
  },
  {
    "'EC042_0178'": "'EC042_2945'"
  },
  {
    "'EC042_0178'": "'EC042_2672'"
  },
  {
    "'EC042_0178'": "'EC042_3917'"
  },
  {
    "'EC042_0178'": "'EC042_3630'"
  },
  {
    "'EC042_0178'": "'EC042_4313'"
  },
  {
    "'EC042_0178'": "'EC042_1005'"
  },
  {
    "'EC042_0178'": "'EC042_0164'"
  },
  {
    "'EC042_0178'": "'thiS'"
  },
  {
    "'EC042_0178'": "'EC042_4359'"
  },
  {
    "'EC042_0178'": "'EC042_4357'"
  },
  {
    "'EC042_0178'": "'EC042_0461'"
  },
  {
    "'EC042_0178'": "'EC042_2664'"
  },
  {
    "'EC042_0178'": "'EC042_3024'"
  },
  {
    "'EC042_0178'": "'EC042_0452'"
  },
  {
    "'EC042_0178'": "'EC042_4360'"
  },
  {
    "'EC042_0178'": "'EC042_1387'"
  },
  {
    "'EC042_0178'": "'EC042_1386'"
  },
  {
    "'EC042_0178'": "'EC042_4358'"
  },
  {
    "'EC042_0178'": "'EC042_0177'"
  },
  {
    "'EC042_0178'": "'EC042_0086'"
  },
  {
    "'EC042_0178'": "'EC042_0179'"
  },
  {
    "'EC042_0178'": "'EC042_3479'"
  },
  {
    "'EC042_0178'": "'EC042_0091'"
  },
  {
    "'EC042_0178'": "'EC042_0089'"
  },
  {
    "'EC042_0178'": "'EC042_0092'"
  },
  {
    "'EC042_0178'": "'EC042_4344'"
  },
  {
    "'EC042_0178'": "'EC042_0172'"
  },
  {
    "'EC042_0178'": "'EC042_0087'"
  },
  {
    "'EC042_0178'": "'EC042_0097'"
  },
  {
    "'EC042_0178'": "'EC042_4179'"
  },
  {
    "'EC042_0178'": "'EC042_4364'"
  },
  {
    "'EC042_0178'": "'EC042_0567'"
  }
]