[
  {
    "'ECO26_3909'": "'ECO26_1081'",
    "'ECO26_1081'": "'ECO26_4741'"
  },
  {
    "'ECO26_3909'": "'ECO26_1081'",
    "'ECO26_1081'": "'ECO26_0487'"
  },
  {
    "'ECO26_3909'": "'ECO26_4301'",
    "'ECO26_1081'": "'ECO26_3771'"
  },
  {
    "'ECO26_3909'": "'ECO26_0081'",
    "'ECO26_1081'": "'ECO26_4912'"
  },
  {
    "'ECO26_3909'": "'ECO26_0081'",
    "'ECO26_1081'": "'ECO26_4913'"
  },
  {
    "'ECO26_3909'": "'ECO26_0080'",
    "'ECO26_1081'": "'ECO26_4912'"
  },
  {
    "'ECO26_3909'": "'ECO26_0080'",
    "'ECO26_1081'": "'ECO26_4913'"
  },
  {
    "'ECO26_3909'": "'ECO26_2687'",
    "'ECO26_1081'": "'ECO26_3547'"
  },
  {
    "'ECO26_3909'": "'ECO26_1842'",
    "'ECO26_1081'": "'ECO26_0120'"
  },
  {
    "'ECO26_3909'": "'ECO26_1423'",
    "'ECO26_1081'": "'ECO26_5157'"
  },
  {
    "'ECO26_3909'": "'ECO26_0509'",
    "'ECO26_1081'": "'ECO26_3565'"
  },
  {
    "'ECO26_3909'": "'ECO26_0509'",
    "'ECO26_1081'": "'ECO26_1720'"
  },
  {
    "'ECO26_3909'": "'ECO26_0509'",
    "'ECO26_1081'": "'ECO26_5207'"
  },
  {
    "'ECO26_3909'": "'ECO26_0095'",
    "'ECO26_1081'": "'ECO26_0414'"
  },
  {
    "'ECO26_3909'": "'ECO26_1703'",
    "'ECO26_1081'": "'ECO26_5169'"
  },
  {
    "'ECO26_3909'": "'ECO26_3598'",
    "'ECO26_1081'": "'ECO26_4001'"
  },
  {
    "'ECO26_3909'": "'ECO26_3598'",
    "'ECO26_1081'": "'ECO26_5594'"
  },
  {
    "'ECO26_3909'": "'ECO26_4161'",
    "'ECO26_1081'": "'ECO26_5157'"
  },
  {
    "'ECO26_3909'": "'ECO26_0738'",
    "'ECO26_1081'": "'ECO26_4834'"
  },
  {
    "'ECO26_3909'": "'ECO26_4644'",
    "'ECO26_1081'": "'ECO26_0002'"
  },
  {
    "'ECO26_3909'": "'ECO26_2295'",
    "'ECO26_1081'": "'ECO26_0158'"
  },
  {
    "'ECO26_3909'": "'ECO26_3488'",
    "'ECO26_1081'": "'ECO26_4723'"
  },
  {
    "'ECO26_3909'": "'ECO26_4113'",
    "'ECO26_1081'": "'ECO26_2350'"
  },
  {
    "'ECO26_3909'": "'ECO26_3473'",
    "'ECO26_1081'": "'ECO26_3467'"
  },
  {
    "'ECO26_3909'": "'ECO26_1036'",
    "'ECO26_1081'": "'ECO26_0173'"
  },
  {
    "'ECO26_3909'": "'ECO26_4994'",
    "'ECO26_1081'": "'ECO26_4080'"
  },
  {
    "'ECO26_3909'": "'ECO26_4994'",
    "'ECO26_1081'": "'ECO26_4078'"
  },
  {
    "'ECO26_3909'": "'ECO26_4994'",
    "'ECO26_1081'": "'ECO26_4079'"
  },
  {
    "'ECO26_3909'": "'ECO26_2334'",
    "'ECO26_1081'": "'ECO26_0049'"
  },
  {
    "'ECO26_3909'": "'ECO26_0102'",
    "'ECO26_1081'": "'ECO26_2717'"
  },
  {
    "'ECO26_3909'": "'ECO26_2546'",
    "'ECO26_1081'": "'ECO26_4014'"
  },
  {
    "'ECO26_3909'": "'ECO26_1864'",
    "'ECO26_1081'": "'ECO26_4720'"
  },
  {
    "'ECO26_3909'": "'ECO26_2536'",
    "'ECO26_1081'": "'ECO26_4317'"
  },
  {
    "'ECO26_3909'": "'ECO26_2536'",
    "'ECO26_1081'": "'ECO26_4316'"
  },
  {
    "'ECO26_3909'": "'ECO26_2940'",
    "'ECO26_1081'": "'ECO26_4474'"
  },
  {
    "'ECO26_3909'": "'ECO26_4587'",
    "'ECO26_1081'": "'ECO26_1014'"
  },
  {
    "'ECO26_3909'": "'ECO26_0294'",
    "'ECO26_1081'": "'ECO26_3555'"
  },
  {
    "'ECO26_3909'": "'ECO26_0128'",
    "'ECO26_1081'": "'ECO26_0376'"
  },
  {
    "'ECO26_3909'": "'ECO26_3957'",
    "'ECO26_1081'": "'ECO26_3555'"
  },
  {
    "'ECO26_3909'": "'ECO26_3956'",
    "'ECO26_1081'": "'ECO26_3555'"
  },
  {
    "'ECO26_3909'": "'ECO26_3955'",
    "'ECO26_1081'": "'ECO26_3555'"
  },
  {
    "'ECO26_3909'": "'ECO26_3576'",
    "'ECO26_1081'": "'ECO26_2409'"
  },
  {
    "'ECO26_3909'": "'ECO26_3576'",
    "'ECO26_1081'": "'ECO26_2408'"
  },
  {
    "'ECO26_3909'": "'ECO26_3576'",
    "'ECO26_1081'": "'ECO26_2407'"
  },
  {
    "'ECO26_3909'": "'ECO26_3576'",
    "'ECO26_1081'": "'ECO26_2411'"
  },
  {
    "'ECO26_3909'": "'ECO26_3576'",
    "'ECO26_1081'": "'ECO26_2410'"
  },
  {
    "'ECO26_3909'": "'ECO26_3576'",
    "'ECO26_1081'": "'ECO26_2412'"
  },
  {
    "'ECO26_3909'": "'ECO26_3575'",
    "'ECO26_1081'": "'ECO26_2409'"
  },
  {
    "'ECO26_3909'": "'ECO26_3575'",
    "'ECO26_1081'": "'ECO26_2408'"
  },
  {
    "'ECO26_3909'": "'ECO26_3575'",
    "'ECO26_1081'": "'ECO26_2407'"
  },
  {
    "'ECO26_3909'": "'ECO26_3575'",
    "'ECO26_1081'": "'ECO26_2411'"
  },
  {
    "'ECO26_3909'": "'ECO26_3575'",
    "'ECO26_1081'": "'ECO26_2410'"
  },
  {
    "'ECO26_3909'": "'ECO26_3575'",
    "'ECO26_1081'": "'ECO26_2412'"
  },
  {
    "'ECO26_3909'": "'ECO26_4756'",
    "'ECO26_1081'": "'ECO26_5123'"
  },
  {
    "'ECO26_3909'": "'ECO26_3475'",
    "'ECO26_1081'": "'ECO26_0817'"
  },
  {
    "'ECO26_3909'": "'ECO26_3475'",
    "'ECO26_1081'": "'ECO26_0818'"
  },
  {
    "'ECO26_3909'": "'ECO26_3475'",
    "'ECO26_1081'": "'ECO26_0819'"
  },
  {
    "'ECO26_3909'": "'ECO26_0817'",
    "'ECO26_1081'": "'ECO26_3474'"
  },
  {
    "'ECO26_3909'": "'ECO26_0817'",
    "'ECO26_1081'": "'ECO26_3476'"
  },
  {
    "'ECO26_3909'": "'ECO26_0818'",
    "'ECO26_1081'": "'ECO26_3474'"
  },
  {
    "'ECO26_3909'": "'ECO26_0818'",
    "'ECO26_1081'": "'ECO26_3476'"
  },
  {
    "'ECO26_3909'": "'ECO26_3474'",
    "'ECO26_1081'": "'ECO26_0819'"
  },
  {
    "'ECO26_3909'": "'ECO26_0819'",
    "'ECO26_1081'": "'ECO26_3476'"
  },
  {
    "'ECO26_3909'": "'ECO26_4095'",
    "'ECO26_1081'": "'ECO26_4856'"
  },
  {
    "'ECO26_3909'": "'ECO26_4095'",
    "'ECO26_1081'": "'ECO26_4857'"
  },
  {
    "'ECO26_3909'": "'ECO26_4095'",
    "'ECO26_1081'": "'ECO26_4854'"
  },
  {
    "'ECO26_3909'": "'ECO26_4095'",
    "'ECO26_1081'": "'ECO26_4855'"
  },
  {
    "'ECO26_3909'": "'ECO26_1720'",
    "'ECO26_1081'": "'ECO26_5207'"
  },
  {
    "'ECO26_3909'": "'ECO26_2420'",
    "'ECO26_1081'": "'ECO26_4383'"
  },
  {
    "'ECO26_3909'": "'ECO26_4474'",
    "'ECO26_1081'": "'ECO26_4002'"
  },
  {
    "'ECO26_3909'": "'ECO26_0421'",
    "'ECO26_1081'": "'ECO26_4478'"
  },
  {
    "'ECO26_3909'": "'ECO26_4814'",
    "'ECO26_1081'": "'ECO26_4222'"
  }
]