[
  {
    "'ECO26_0182'": "'ECO26_1426'"
  },
  {
    "'ECO26_0182'": "'ECO26_3311'"
  },
  {
    "'ECO26_0182'": "'ECO26_0004'"
  },
  {
    "'ECO26_0182'": "'ECO26_0162'"
  },
  {
    "'ECO26_0182'": "'ECO26_1427'"
  },
  {
    "'ECO26_0182'": "'s0001'"
  },
  {
    "'ECO26_0182'": "'ECO26_4354'"
  },
  {
    "'ECO26_0182'": "'ECO26_0187'"
  },
  {
    "'ECO26_0182'": "'ECO26_4353'"
  },
  {
    "'ECO26_0182'": "'ECO26_3304'"
  },
  {
    "'ECO26_0182'": "'ECO26_5076'"
  },
  {
    "'ECO26_0182'": "'ECO26_3890'"
  },
  {
    "'ECO26_0182'": "'ECO26_1424'"
  },
  {
    "'ECO26_0182'": "'ECO26_5074'"
  },
  {
    "'ECO26_0182'": "'ECO26_4305'"
  },
  {
    "'ECO26_0182'": "'ECO26_4304'"
  },
  {
    "'ECO26_0182'": "'ECO26_5431'"
  },
  {
    "'ECO26_0182'": "'ECO26_4303'"
  },
  {
    "'ECO26_0182'": "'ECO26_5432'"
  },
  {
    "'ECO26_0182'": "'ECO26_4448'"
  },
  {
    "'ECO26_0182'": "'ECO26_1429'"
  },
  {
    "'ECO26_0182'": "'ECO26_2581'"
  },
  {
    "'ECO26_0182'": "'ECO26_4449'"
  },
  {
    "'ECO26_0182'": "'ECO26_3819'"
  },
  {
    "'ECO26_0182'": "'ECO26_1665'"
  },
  {
    "'ECO26_0182'": "'ECO26_5343'"
  },
  {
    "'ECO26_0182'": "'ECO26_4122'"
  },
  {
    "'ECO26_0182'": "'ECO26_5075'"
  },
  {
    "'ECO26_0182'": "'ECO26_5115'"
  },
  {
    "'ECO26_0182'": "'ECO26_0555'"
  },
  {
    "'ECO26_0182'": "'ECO26_0556'"
  },
  {
    "'ECO26_0182'": "'ECO26_0900'"
  },
  {
    "'ECO26_0182'": "'ECO26_5103'"
  },
  {
    "'ECO26_0182'": "'ECO26_1828'"
  },
  {
    "'ECO26_0182'": "'ECO26_1829'"
  },
  {
    "'ECO26_0182'": "'ECO26_0902'"
  },
  {
    "'ECO26_0182'": "'ECO26_0446'"
  },
  {
    "'ECO26_0182'": "'ECO26_5077'"
  },
  {
    "'ECO26_0182'": "'ECO26_4277'"
  },
  {
    "'ECO26_0182'": "'ECO26_4523'"
  },
  {
    "'ECO26_0182'": "'ECO26_0133'"
  },
  {
    "'ECO26_0182'": "'ECO26_5416'"
  },
  {
    "'ECO26_0182'": "'ECO26_3621'"
  },
  {
    "'ECO26_0182'": "'ECO26_1055'"
  },
  {
    "'ECO26_0182'": "'ECO26_2930'"
  },
  {
    "'ECO26_0182'": "'ECO26_0954'"
  },
  {
    "'ECO26_0182'": "'ECO26_4735'"
  },
  {
    "'ECO26_0182'": "'ECO26_5384'"
  },
  {
    "'ECO26_0182'": "'ECO26_0901'"
  },
  {
    "'ECO26_0182'": "'ECO26_4300'"
  },
  {
    "'ECO26_0182'": "'ECO26_4141'"
  },
  {
    "'ECO26_0182'": "'ECO26_1721'"
  },
  {
    "'ECO26_0182'": "'ECO26_3642'"
  },
  {
    "'ECO26_0182'": "'ECO26_3641'"
  },
  {
    "'ECO26_0182'": "'ECO26_3317'"
  },
  {
    "'ECO26_0182'": "'ECO26_5155'"
  },
  {
    "'ECO26_0182'": "'ECO26_1040'"
  },
  {
    "'ECO26_0182'": "'ECO26_0909'"
  },
  {
    "'ECO26_0182'": "'ECO26_0907'"
  },
  {
    "'ECO26_0182'": "'ECO26_0781'"
  },
  {
    "'ECO26_0182'": "'ECO26_3850'"
  },
  {
    "'ECO26_0182'": "'ECO26_3911'"
  },
  {
    "'ECO26_0182'": "'ECO26_4777'"
  },
  {
    "'ECO26_0182'": "'ECO26_0177'"
  },
  {
    "'ECO26_0182'": "'ECO26_4143'"
  },
  {
    "'ECO26_0182'": "'ECO26_0904'"
  },
  {
    "'ECO26_0182'": "'ECO26_4952'"
  },
  {
    "'ECO26_0182'": "'ECO26_4815'"
  },
  {
    "'ECO26_0182'": "'ECO26_0031'"
  },
  {
    "'ECO26_0182'": "'ECO26_3524'"
  },
  {
    "'ECO26_0182'": "'ECO26_3303'"
  },
  {
    "'ECO26_0182'": "'ECO26_4160'"
  },
  {
    "'ECO26_0182'": "'ECO26_1395'"
  },
  {
    "'ECO26_0182'": "'ECO26_4281'"
  },
  {
    "'ECO26_0182'": "'ECO26_4477'"
  },
  {
    "'ECO26_0182'": "'ECO26_2421'"
  },
  {
    "'ECO26_0182'": "'ECO26_0453'"
  },
  {
    "'ECO26_0182'": "'ECO26_0029'"
  },
  {
    "'ECO26_0182'": "'ECO26_0106'"
  },
  {
    "'ECO26_0182'": "'ECO26_4812'"
  },
  {
    "'ECO26_0182'": "'ECO26_1431'"
  },
  {
    "'ECO26_0182'": "'ECO26_0175'"
  },
  {
    "'ECO26_0182'": "'ECO26_0452'"
  },
  {
    "'ECO26_0182'": "'ECO26_1855'"
  },
  {
    "'ECO26_0182'": "'ECO26_3835'"
  },
  {
    "'ECO26_0182'": "'ECO26_3834'"
  },
  {
    "'ECO26_0182'": "'ECO26_0510'"
  },
  {
    "'ECO26_0182'": "'ECO26_0025'"
  },
  {
    "'ECO26_0182'": "'ECO26_4848'"
  },
  {
    "'ECO26_0182'": "'ECO26_0157'"
  },
  {
    "'ECO26_0182'": "'ECO26_4989'"
  },
  {
    "'ECO26_0182'": "'ECO26_2014'"
  },
  {
    "'ECO26_0182'": "'ECO26_4849'"
  },
  {
    "'ECO26_0182'": "'ECO26_3300'"
  },
  {
    "'ECO26_0182'": "'ECO26_5084'"
  },
  {
    "'ECO26_0182'": "'ECO26_1723'"
  },
  {
    "'ECO26_0182'": "'ECO26_3456'"
  },
  {
    "'ECO26_0182'": "'ECO26_3554'"
  },
  {
    "'ECO26_0182'": "'ECO26_3065'"
  },
  {
    "'ECO26_0182'": "'ECO26_1843'"
  },
  {
    "'ECO26_0182'": "'ECO26_5156'"
  },
  {
    "'ECO26_0182'": "'ECO26_2931'"
  },
  {
    "'ECO26_0182'": "'ECO26_2933'"
  },
  {
    "'ECO26_0182'": "'ECO26_4784'"
  },
  {
    "'ECO26_0182'": "'ECO26_3012'"
  },
  {
    "'ECO26_0182'": "'ECO26_0145'"
  },
  {
    "'ECO26_0182'": "'ECO26_0003'"
  },
  {
    "'ECO26_0182'": "'ECO26_5117'"
  },
  {
    "'ECO26_0182'": "'ECO26_2932'"
  },
  {
    "'ECO26_0182'": "'ECO26_3577'"
  },
  {
    "'ECO26_0182'": "'ECO26_4782'"
  },
  {
    "'ECO26_0182'": "'ECO26_1670'"
  },
  {
    "'ECO26_0182'": "'ECO26_2934'"
  },
  {
    "'ECO26_0182'": "'ECO26_2936'"
  },
  {
    "'ECO26_0182'": "'ECO26_1827'"
  },
  {
    "'ECO26_0182'": "'ECO26_4816'"
  },
  {
    "'ECO26_0182'": "'ECO26_0076'"
  },
  {
    "'ECO26_0182'": "'ECO26_0075'"
  },
  {
    "'ECO26_0182'": "'ECO26_0074'"
  },
  {
    "'ECO26_0182'": "'ECO26_0077'"
  },
  {
    "'ECO26_0182'": "'ECO26_1044'"
  },
  {
    "'ECO26_0182'": "'ECO26_4302'"
  },
  {
    "'ECO26_0182'": "'ECO26_1728'"
  },
  {
    "'ECO26_0182'": "'ECO26_0184'"
  },
  {
    "'ECO26_0182'": "'ECO26_0903'"
  },
  {
    "'ECO26_0182'": "'ECO26_1425'"
  },
  {
    "'ECO26_0182'": "'ECO26_3562'"
  },
  {
    "'ECO26_0182'": "'ECO26_3815'"
  },
  {
    "'ECO26_0182'": "'ECO26_3816'"
  },
  {
    "'ECO26_0182'": "'ECO26_4041'"
  },
  {
    "'ECO26_0182'": "'ECO26_0910'"
  },
  {
    "'ECO26_0182'": "'ECO26_4967'"
  },
  {
    "'ECO26_0182'": "'ECO26_0136'"
  },
  {
    "'ECO26_0182'": "'ECO26_0009'"
  },
  {
    "'ECO26_0182'": "'ECO26_1402'"
  },
  {
    "'ECO26_0182'": "'ECO26_0911'"
  },
  {
    "'ECO26_0182'": "'ECO26_0953'"
  },
  {
    "'ECO26_0182'": "'ECO26_4643'"
  },
  {
    "'ECO26_0182'": "'ECO26_3656'"
  },
  {
    "'ECO26_0182'": "'ECO26_2515'"
  },
  {
    "'ECO26_0182'": "'ECO26_0713'"
  },
  {
    "'ECO26_0182'": "'ECO26_0111'"
  },
  {
    "'ECO26_0182'": "'ECO26_5423'"
  },
  {
    "'ECO26_0182'": "'ECO26_4291'"
  },
  {
    "'ECO26_0182'": "'ECO26_1033'"
  },
  {
    "'ECO26_0182'": "'ECO26_1847'"
  },
  {
    "'ECO26_0182'": "'ECO26_4744'"
  },
  {
    "'ECO26_0182'": "'ECO26_3299'"
  },
  {
    "'ECO26_0182'": "'ECO26_4958'"
  },
  {
    "'ECO26_0182'": "'ECO26_0419'"
  },
  {
    "'ECO26_0182'": "'ECO26_0135'"
  },
  {
    "'ECO26_0182'": "'ECO26_0090'"
  },
  {
    "'ECO26_0182'": "'ECO26_3833'"
  },
  {
    "'ECO26_0182'": "'ECO26_3611'"
  },
  {
    "'ECO26_0182'": "'ECO26_0056'"
  },
  {
    "'ECO26_0182'": "'ECO26_3308'"
  },
  {
    "'ECO26_0182'": "'ECO26_4280'"
  },
  {
    "'ECO26_0182'": "'ECO26_4500'"
  },
  {
    "'ECO26_0182'": "'ECO26_5087'"
  },
  {
    "'ECO26_0182'": "'ECO26_0402'"
  },
  {
    "'ECO26_0182'": "'ECO26_4961'"
  },
  {
    "'ECO26_0182'": "'ECO26_4737'"
  },
  {
    "'ECO26_0182'": "'ECO26_5114'"
  },
  {
    "'ECO26_0182'": "'ECO26_3546'"
  },
  {
    "'ECO26_0182'": "'ECO26_2937'"
  },
  {
    "'ECO26_0182'": "'ECO26_3522'"
  },
  {
    "'ECO26_0182'": "'ECO26_3604'"
  },
  {
    "'ECO26_0182'": "'ECO26_2935'"
  },
  {
    "'ECO26_0182'": "'ECO26_1034'"
  },
  {
    "'ECO26_0182'": "'ECO26_5329'"
  },
  {
    "'ECO26_0182'": "'ECO26_3632'"
  },
  {
    "'ECO26_0182'": "'ECO26_4966'"
  },
  {
    "'ECO26_0182'": "'ECO26_0804'"
  },
  {
    "'ECO26_0182'": "'ECO26_2392'"
  },
  {
    "'ECO26_0182'": "'ECO26_0447'"
  },
  {
    "'ECO26_0182'": "'ECO26_3755'"
  },
  {
    "'ECO26_0182'": "'ECO26_3821'"
  },
  {
    "'ECO26_0182'": "'ECO26_3820'"
  },
  {
    "'ECO26_0182'": "'ECO26_3515'"
  },
  {
    "'ECO26_0182'": "'ECO26_4990'"
  },
  {
    "'ECO26_0182'": "'ECO26_4457'"
  },
  {
    "'ECO26_0182'": "'ECO26_4645'"
  },
  {
    "'ECO26_0182'": "'ECO26_1041'"
  },
  {
    "'ECO26_0182'": "'ECO26_0168'"
  },
  {
    "'ECO26_0182'": "'ECO26_5100'"
  },
  {
    "'ECO26_0182'": "'ECO26_5098'"
  },
  {
    "'ECO26_0182'": "'ECO26_5101'"
  },
  {
    "'ECO26_0182'": "'ECO26_0455'"
  },
  {
    "'ECO26_0182'": "'ECO26_3508'"
  },
  {
    "'ECO26_0182'": "'ECO26_3899'"
  },
  {
    "'ECO26_0182'": "'ECO26_0449'"
  },
  {
    "'ECO26_0182'": "'ECO26_5102'"
  },
  {
    "'ECO26_0182'": "'ECO26_1825'"
  },
  {
    "'ECO26_0182'": "'ECO26_1826'"
  },
  {
    "'ECO26_0182'": "'ECO26_5099'"
  },
  {
    "'ECO26_0182'": "'ECO26_0181'"
  },
  {
    "'ECO26_0182'": "'ECO26_0088'"
  },
  {
    "'ECO26_0182'": "'ECO26_0183'"
  },
  {
    "'ECO26_0182'": "'ECO26_4293'"
  },
  {
    "'ECO26_0182'": "'ECO26_0093'"
  },
  {
    "'ECO26_0182'": "'ECO26_0091'"
  },
  {
    "'ECO26_0182'": "'ECO26_0094'"
  },
  {
    "'ECO26_0182'": "'ECO26_5085'"
  },
  {
    "'ECO26_0182'": "'ECO26_0176'"
  },
  {
    "'ECO26_0182'": "'ECO26_0089'"
  },
  {
    "'ECO26_0182'": "'ECO26_0099'"
  },
  {
    "'ECO26_0182'": "'ECO26_4785'"
  },
  {
    "'ECO26_0182'": "'ECO26_5106'"
  },
  {
    "'ECO26_0182'": "'ECO26_0557'"
  }
]