[
  {
    "'ECO26_1081'": "'ECO26_5187'",
    "'ECO26_0237'": "'ECO26_0118'",
    "'ECO26_4764'": "'ECO26_0788'"
  },
  {
    "'ECO26_1081'": "'ECO26_5187'",
    "'ECO26_0237'": "'ECO26_0118'",
    "'ECO26_4764'": "'ECO26_0789'"
  },
  {
    "'ECO26_1081'": "'ECO26_5187'",
    "'ECO26_0237'": "'ECO26_0786'",
    "'ECO26_4764'": "'ECO26_0788'"
  },
  {
    "'ECO26_1081'": "'ECO26_5187'",
    "'ECO26_0237'": "'ECO26_0786'",
    "'ECO26_4764'": "'ECO26_0789'"
  },
  {
    "'ECO26_1081'": "'ECO26_5187'",
    "'ECO26_0237'": "'ECO26_0787'",
    "'ECO26_4764'": "'ECO26_0788'"
  },
  {
    "'ECO26_1081'": "'ECO26_5187'",
    "'ECO26_0237'": "'ECO26_0787'",
    "'ECO26_4764'": "'ECO26_0789'"
  },
  {
    "'ECO26_1081'": "'ECO26_0509'",
    "'ECO26_0237'": "'ECO26_4468'",
    "'ECO26_4764'": "'ECO26_5589'"
  },
  {
    "'ECO26_1081'": "'ECO26_0118'",
    "'ECO26_0237'": "'ECO26_3598'",
    "'ECO26_4764'": "'ECO26_0562'"
  },
  {
    "'ECO26_1081'": "'ECO26_0118'",
    "'ECO26_0237'": "'ECO26_0562'",
    "'ECO26_4764'": "'ECO26_4001'"
  },
  {
    "'ECO26_1081'": "'ECO26_0118'",
    "'ECO26_0237'": "'ECO26_0562'",
    "'ECO26_4764'": "'ECO26_5594'"
  },
  {
    "'ECO26_1081'": "'ECO26_0118'",
    "'ECO26_0237'": "'ECO26_4007'",
    "'ECO26_4764'": "'ECO26_0788'"
  },
  {
    "'ECO26_1081'": "'ECO26_0118'",
    "'ECO26_0237'": "'ECO26_4007'",
    "'ECO26_4764'": "'ECO26_0789'"
  },
  {
    "'ECO26_1081'": "'ECO26_0786'",
    "'ECO26_0237'": "'ECO26_4007'",
    "'ECO26_4764'": "'ECO26_0788'"
  },
  {
    "'ECO26_1081'": "'ECO26_0786'",
    "'ECO26_0237'": "'ECO26_4007'",
    "'ECO26_4764'": "'ECO26_0789'"
  },
  {
    "'ECO26_1081'": "'ECO26_0787'",
    "'ECO26_0237'": "'ECO26_4007'",
    "'ECO26_4764'": "'ECO26_0788'"
  },
  {
    "'ECO26_1081'": "'ECO26_0787'",
    "'ECO26_0237'": "'ECO26_4007'",
    "'ECO26_4764'": "'ECO26_0789'"
  },
  {
    "'ECO26_1081'": "'ECO26_3598'",
    "'ECO26_0237'": "'ECO26_0997'",
    "'ECO26_4764'": "'ECO26_4980'"
  },
  {
    "'ECO26_1081'": "'ECO26_3598'",
    "'ECO26_0237'": "'ECO26_0997'",
    "'ECO26_4764'": "'ECO26_4981'"
  },
  {
    "'ECO26_1081'": "'ECO26_3598'",
    "'ECO26_0237'": "'ECO26_3994'",
    "'ECO26_4764'": "'ECO26_0562'"
  },
  {
    "'ECO26_1081'": "'ECO26_3598'",
    "'ECO26_0237'": "'ECO26_3993'",
    "'ECO26_4764'": "'ECO26_0562'"
  },
  {
    "'ECO26_1081'": "'ECO26_3598'",
    "'ECO26_0237'": "'ECO26_3992'",
    "'ECO26_4764'": "'ECO26_0562'"
  },
  {
    "'ECO26_1081'": "'ECO26_3598'",
    "'ECO26_0237'": "'ECO26_5119'",
    "'ECO26_4764'": "'ECO26_5073'"
  },
  {
    "'ECO26_1081'": "'ECO26_3598'",
    "'ECO26_0237'": "'ECO26_5073'",
    "'ECO26_4764'": "'ECO26_0782'"
  },
  {
    "'ECO26_1081'": "'ECO26_3598'",
    "'ECO26_0237'": "'ECO26_5073'",
    "'ECO26_4764'": "'ECO26_0783'"
  },
  {
    "'ECO26_1081'": "'ECO26_3598'",
    "'ECO26_0237'": "'ECO26_5073'",
    "'ECO26_4764'": "'ECO26_0784'"
  },
  {
    "'ECO26_1081'": "'ECO26_3598'",
    "'ECO26_0237'": "'ECO26_5073'",
    "'ECO26_4764'": "'ECO26_0785'"
  },
  {
    "'ECO26_1081'": "'ECO26_3278'",
    "'ECO26_0237'": "'ECO26_3439'",
    "'ECO26_4764'": "'ECO26_5029'"
  },
  {
    "'ECO26_1081'": "'ECO26_0549'",
    "'ECO26_0237'": "'ECO26_5119'",
    "'ECO26_4764'": "'ECO26_5073'"
  },
  {
    "'ECO26_1081'": "'ECO26_0549'",
    "'ECO26_0237'": "'ECO26_5073'",
    "'ECO26_4764'": "'ECO26_0782'"
  },
  {
    "'ECO26_1081'": "'ECO26_0549'",
    "'ECO26_0237'": "'ECO26_5073'",
    "'ECO26_4764'": "'ECO26_0783'"
  },
  {
    "'ECO26_1081'": "'ECO26_0549'",
    "'ECO26_0237'": "'ECO26_5073'",
    "'ECO26_4764'": "'ECO26_0784'"
  },
  {
    "'ECO26_1081'": "'ECO26_0549'",
    "'ECO26_0237'": "'ECO26_5073'",
    "'ECO26_4764'": "'ECO26_0785'"
  },
  {
    "'ECO26_1081'": "'ECO26_0544'",
    "'ECO26_0237'": "'ECO26_5119'",
    "'ECO26_4764'": "'ECO26_5073'"
  },
  {
    "'ECO26_1081'": "'ECO26_0544'",
    "'ECO26_0237'": "'ECO26_5073'",
    "'ECO26_4764'": "'ECO26_0782'"
  },
  {
    "'ECO26_1081'": "'ECO26_0544'",
    "'ECO26_0237'": "'ECO26_5073'",
    "'ECO26_4764'": "'ECO26_0783'"
  },
  {
    "'ECO26_1081'": "'ECO26_0544'",
    "'ECO26_0237'": "'ECO26_5073'",
    "'ECO26_4764'": "'ECO26_0784'"
  },
  {
    "'ECO26_1081'": "'ECO26_0544'",
    "'ECO26_0237'": "'ECO26_5073'",
    "'ECO26_4764'": "'ECO26_0785'"
  },
  {
    "'ECO26_1081'": "'ECO26_4844'",
    "'ECO26_0237'": "'ECO26_2546'",
    "'ECO26_4764'": "'ECO26_2688'"
  },
  {
    "'ECO26_1081'": "'ECO26_4844'",
    "'ECO26_0237'": "'ECO26_2546'",
    "'ECO26_4764'": "'ECO26_2689'"
  },
  {
    "'ECO26_1081'": "'ECO26_4844'",
    "'ECO26_0237'": "'ECO26_2546'",
    "'ECO26_4764'": "'ECO26_4666'"
  },
  {
    "'ECO26_1081'": "'ECO26_4844'",
    "'ECO26_0237'": "'ECO26_2688'",
    "'ECO26_4764'": "'ECO26_4013'"
  },
  {
    "'ECO26_1081'": "'ECO26_4844'",
    "'ECO26_0237'": "'ECO26_2689'",
    "'ECO26_4764'": "'ECO26_4013'"
  },
  {
    "'ECO26_1081'": "'ECO26_4844'",
    "'ECO26_0237'": "'ECO26_4013'",
    "'ECO26_4764'": "'ECO26_4666'"
  },
  {
    "'ECO26_1081'": "'ECO26_4846'",
    "'ECO26_0237'": "'ECO26_2546'",
    "'ECO26_4764'": "'ECO26_2688'"
  },
  {
    "'ECO26_1081'": "'ECO26_4846'",
    "'ECO26_0237'": "'ECO26_2546'",
    "'ECO26_4764'": "'ECO26_2689'"
  },
  {
    "'ECO26_1081'": "'ECO26_4846'",
    "'ECO26_0237'": "'ECO26_2546'",
    "'ECO26_4764'": "'ECO26_4666'"
  },
  {
    "'ECO26_1081'": "'ECO26_4846'",
    "'ECO26_0237'": "'ECO26_2688'",
    "'ECO26_4764'": "'ECO26_4013'"
  },
  {
    "'ECO26_1081'": "'ECO26_4846'",
    "'ECO26_0237'": "'ECO26_2689'",
    "'ECO26_4764'": "'ECO26_4013'"
  },
  {
    "'ECO26_1081'": "'ECO26_4846'",
    "'ECO26_0237'": "'ECO26_4013'",
    "'ECO26_4764'": "'ECO26_4666'"
  },
  {
    "'ECO26_1081'": "'ECO26_4847'",
    "'ECO26_0237'": "'ECO26_2546'",
    "'ECO26_4764'": "'ECO26_2688'"
  },
  {
    "'ECO26_1081'": "'ECO26_4847'",
    "'ECO26_0237'": "'ECO26_2546'",
    "'ECO26_4764'": "'ECO26_2689'"
  },
  {
    "'ECO26_1081'": "'ECO26_4847'",
    "'ECO26_0237'": "'ECO26_2546'",
    "'ECO26_4764'": "'ECO26_4666'"
  },
  {
    "'ECO26_1081'": "'ECO26_4847'",
    "'ECO26_0237'": "'ECO26_2688'",
    "'ECO26_4764'": "'ECO26_4013'"
  },
  {
    "'ECO26_1081'": "'ECO26_4847'",
    "'ECO26_0237'": "'ECO26_2689'",
    "'ECO26_4764'": "'ECO26_4013'"
  },
  {
    "'ECO26_1081'": "'ECO26_4847'",
    "'ECO26_0237'": "'ECO26_4013'",
    "'ECO26_4764'": "'ECO26_4666'"
  },
  {
    "'ECO26_1081'": "'ECO26_4842'",
    "'ECO26_0237'": "'ECO26_2546'",
    "'ECO26_4764'": "'ECO26_2688'"
  },
  {
    "'ECO26_1081'": "'ECO26_4842'",
    "'ECO26_0237'": "'ECO26_2546'",
    "'ECO26_4764'": "'ECO26_2689'"
  },
  {
    "'ECO26_1081'": "'ECO26_4842'",
    "'ECO26_0237'": "'ECO26_2546'",
    "'ECO26_4764'": "'ECO26_4666'"
  },
  {
    "'ECO26_1081'": "'ECO26_4842'",
    "'ECO26_0237'": "'ECO26_2688'",
    "'ECO26_4764'": "'ECO26_4013'"
  },
  {
    "'ECO26_1081'": "'ECO26_4842'",
    "'ECO26_0237'": "'ECO26_2689'",
    "'ECO26_4764'": "'ECO26_4013'"
  },
  {
    "'ECO26_1081'": "'ECO26_4842'",
    "'ECO26_0237'": "'ECO26_4013'",
    "'ECO26_4764'": "'ECO26_4666'"
  },
  {
    "'ECO26_1081'": "'ECO26_4841'",
    "'ECO26_0237'": "'ECO26_2546'",
    "'ECO26_4764'": "'ECO26_2688'"
  },
  {
    "'ECO26_1081'": "'ECO26_4841'",
    "'ECO26_0237'": "'ECO26_2546'",
    "'ECO26_4764'": "'ECO26_2689'"
  },
  {
    "'ECO26_1081'": "'ECO26_4841'",
    "'ECO26_0237'": "'ECO26_2546'",
    "'ECO26_4764'": "'ECO26_4666'"
  },
  {
    "'ECO26_1081'": "'ECO26_4841'",
    "'ECO26_0237'": "'ECO26_2688'",
    "'ECO26_4764'": "'ECO26_4013'"
  },
  {
    "'ECO26_1081'": "'ECO26_4841'",
    "'ECO26_0237'": "'ECO26_2689'",
    "'ECO26_4764'": "'ECO26_4013'"
  },
  {
    "'ECO26_1081'": "'ECO26_4841'",
    "'ECO26_0237'": "'ECO26_4013'",
    "'ECO26_4764'": "'ECO26_4666'"
  },
  {
    "'ECO26_1081'": "'ECO26_4843'",
    "'ECO26_0237'": "'ECO26_2546'",
    "'ECO26_4764'": "'ECO26_2688'"
  },
  {
    "'ECO26_1081'": "'ECO26_4843'",
    "'ECO26_0237'": "'ECO26_2546'",
    "'ECO26_4764'": "'ECO26_2689'"
  },
  {
    "'ECO26_1081'": "'ECO26_4843'",
    "'ECO26_0237'": "'ECO26_2546'",
    "'ECO26_4764'": "'ECO26_4666'"
  },
  {
    "'ECO26_1081'": "'ECO26_4843'",
    "'ECO26_0237'": "'ECO26_2688'",
    "'ECO26_4764'": "'ECO26_4013'"
  },
  {
    "'ECO26_1081'": "'ECO26_4843'",
    "'ECO26_0237'": "'ECO26_2689'",
    "'ECO26_4764'": "'ECO26_4013'"
  },
  {
    "'ECO26_1081'": "'ECO26_4843'",
    "'ECO26_0237'": "'ECO26_4013'",
    "'ECO26_4764'": "'ECO26_4666'"
  },
  {
    "'ECO26_1081'": "'ECO26_4845'",
    "'ECO26_0237'": "'ECO26_2546'",
    "'ECO26_4764'": "'ECO26_2688'"
  },
  {
    "'ECO26_1081'": "'ECO26_4845'",
    "'ECO26_0237'": "'ECO26_2546'",
    "'ECO26_4764'": "'ECO26_2689'"
  },
  {
    "'ECO26_1081'": "'ECO26_4845'",
    "'ECO26_0237'": "'ECO26_2546'",
    "'ECO26_4764'": "'ECO26_4666'"
  },
  {
    "'ECO26_1081'": "'ECO26_4845'",
    "'ECO26_0237'": "'ECO26_2688'",
    "'ECO26_4764'": "'ECO26_4013'"
  },
  {
    "'ECO26_1081'": "'ECO26_4845'",
    "'ECO26_0237'": "'ECO26_2689'",
    "'ECO26_4764'": "'ECO26_4013'"
  },
  {
    "'ECO26_1081'": "'ECO26_4845'",
    "'ECO26_0237'": "'ECO26_4013'",
    "'ECO26_4764'": "'ECO26_4666'"
  },
  {
    "'ECO26_1081'": "'ECO26_4840'",
    "'ECO26_0237'": "'ECO26_2546'",
    "'ECO26_4764'": "'ECO26_2688'"
  },
  {
    "'ECO26_1081'": "'ECO26_4840'",
    "'ECO26_0237'": "'ECO26_2546'",
    "'ECO26_4764'": "'ECO26_2689'"
  },
  {
    "'ECO26_1081'": "'ECO26_4840'",
    "'ECO26_0237'": "'ECO26_2546'",
    "'ECO26_4764'": "'ECO26_4666'"
  },
  {
    "'ECO26_1081'": "'ECO26_4840'",
    "'ECO26_0237'": "'ECO26_2688'",
    "'ECO26_4764'": "'ECO26_4013'"
  },
  {
    "'ECO26_1081'": "'ECO26_4840'",
    "'ECO26_0237'": "'ECO26_2689'",
    "'ECO26_4764'": "'ECO26_4013'"
  },
  {
    "'ECO26_1081'": "'ECO26_4840'",
    "'ECO26_0237'": "'ECO26_4013'",
    "'ECO26_4764'": "'ECO26_4666'"
  },
  {
    "'ECO26_1081'": "'ECO26_4771'",
    "'ECO26_0237'": "'ECO26_5412'",
    "'ECO26_4764'": "'ECO26_4563'"
  },
  {
    "'ECO26_1081'": "'ECO26_4771'",
    "'ECO26_0237'": "'ECO26_5412'",
    "'ECO26_4764'": "'ECO26_4566'"
  },
  {
    "'ECO26_1081'": "'ECO26_4771'",
    "'ECO26_0237'": "'ECO26_5412'",
    "'ECO26_4764'": "'ECO26_4565'"
  },
  {
    "'ECO26_1081'": "'ECO26_4771'",
    "'ECO26_0237'": "'ECO26_5412'",
    "'ECO26_4764'": "'ECO26_4564'"
  },
  {
    "'ECO26_1081'": "'ECO26_4771'",
    "'ECO26_0237'": "'ECO26_5412'",
    "'ECO26_4764'": "'ECO26_4567'"
  },
  {
    "'ECO26_1081'": "'ECO26_0374'",
    "'ECO26_0237'": "'ECO26_1036'",
    "'ECO26_4764'": "'ECO26_3813'"
  },
  {
    "'ECO26_1081'": "'ECO26_2433'",
    "'ECO26_0237'": "'ECO26_0808'",
    "'ECO26_4764'": "'ECO26_3643'"
  },
  {
    "'ECO26_1081'": "'ECO26_4806'",
    "'ECO26_0237'": "'ECO26_3629'",
    "'ECO26_4764'": "'ECO26_4587'"
  },
  {
    "'ECO26_1081'": "'ECO26_2340'",
    "'ECO26_0237'": "'ECO26_2339'",
    "'ECO26_4764'": "'ECO26_5073'"
  },
  {
    "'ECO26_1081'": "'ECO26_2546'",
    "'ECO26_0237'": "'ECO26_5119'",
    "'ECO26_4764'": "'ECO26_2431'"
  },
  {
    "'ECO26_1081'": "'ECO26_2546'",
    "'ECO26_0237'": "'ECO26_2431'",
    "'ECO26_4764'": "'ECO26_0782'"
  },
  {
    "'ECO26_1081'": "'ECO26_2546'",
    "'ECO26_0237'": "'ECO26_2431'",
    "'ECO26_4764'": "'ECO26_0783'"
  },
  {
    "'ECO26_1081'": "'ECO26_2546'",
    "'ECO26_0237'": "'ECO26_2431'",
    "'ECO26_4764'": "'ECO26_0784'"
  },
  {
    "'ECO26_1081'": "'ECO26_2546'",
    "'ECO26_0237'": "'ECO26_2431'",
    "'ECO26_4764'": "'ECO26_0785'"
  },
  {
    "'ECO26_1081'": "'ECO26_2546'",
    "'ECO26_0237'": "'ECO26_4002'",
    "'ECO26_4764'": "'ECO26_4666'"
  },
  {
    "'ECO26_1081'": "'ECO26_3849'",
    "'ECO26_0237'": "'ECO26_4491'",
    "'ECO26_4764'": "'ECO26_2431'"
  },
  {
    "'ECO26_1081'": "'ECO26_2690'",
    "'ECO26_0237'": "'ECO26_4526'",
    "'ECO26_4764'": "'ECO26_4474'"
  },
  {
    "'ECO26_1081'": "'ECO26_3994'",
    "'ECO26_0237'": "'ECO26_0562'",
    "'ECO26_4764'": "'ECO26_4001'"
  },
  {
    "'ECO26_1081'": "'ECO26_3994'",
    "'ECO26_0237'": "'ECO26_0562'",
    "'ECO26_4764'": "'ECO26_5594'"
  },
  {
    "'ECO26_1081'": "'ECO26_3993'",
    "'ECO26_0237'": "'ECO26_0562'",
    "'ECO26_4764'": "'ECO26_4001'"
  },
  {
    "'ECO26_1081'": "'ECO26_3993'",
    "'ECO26_0237'": "'ECO26_0562'",
    "'ECO26_4764'": "'ECO26_5594'"
  },
  {
    "'ECO26_1081'": "'ECO26_3992'",
    "'ECO26_0237'": "'ECO26_0562'",
    "'ECO26_4764'": "'ECO26_4001'"
  },
  {
    "'ECO26_1081'": "'ECO26_3992'",
    "'ECO26_0237'": "'ECO26_0562'",
    "'ECO26_4764'": "'ECO26_5594'"
  },
  {
    "'ECO26_1081'": "'ECO26_4526'",
    "'ECO26_0237'": "'ECO26_0821'",
    "'ECO26_4764'": "'ECO26_4474'"
  },
  {
    "'ECO26_1081'": "'ECO26_4587'",
    "'ECO26_0237'": "'ECO26_3228'",
    "'ECO26_4764'": "'ECO26_5408'"
  },
  {
    "'ECO26_1081'": "'ECO26_4587'",
    "'ECO26_0237'": "'ECO26_3227'",
    "'ECO26_4764'": "'ECO26_5408'"
  },
  {
    "'ECO26_1081'": "'ECO26_3957'",
    "'ECO26_0237'": "'ECO26_5119'",
    "'ECO26_4764'": "'ECO26_5073'"
  },
  {
    "'ECO26_1081'": "'ECO26_3957'",
    "'ECO26_0237'": "'ECO26_5073'",
    "'ECO26_4764'": "'ECO26_0782'"
  },
  {
    "'ECO26_1081'": "'ECO26_3957'",
    "'ECO26_0237'": "'ECO26_5073'",
    "'ECO26_4764'": "'ECO26_0783'"
  },
  {
    "'ECO26_1081'": "'ECO26_3957'",
    "'ECO26_0237'": "'ECO26_5073'",
    "'ECO26_4764'": "'ECO26_0784'"
  },
  {
    "'ECO26_1081'": "'ECO26_3957'",
    "'ECO26_0237'": "'ECO26_5073'",
    "'ECO26_4764'": "'ECO26_0785'"
  },
  {
    "'ECO26_1081'": "'ECO26_3956'",
    "'ECO26_0237'": "'ECO26_5119'",
    "'ECO26_4764'": "'ECO26_5073'"
  },
  {
    "'ECO26_1081'": "'ECO26_3956'",
    "'ECO26_0237'": "'ECO26_5073'",
    "'ECO26_4764'": "'ECO26_0782'"
  },
  {
    "'ECO26_1081'": "'ECO26_3956'",
    "'ECO26_0237'": "'ECO26_5073'",
    "'ECO26_4764'": "'ECO26_0783'"
  },
  {
    "'ECO26_1081'": "'ECO26_3956'",
    "'ECO26_0237'": "'ECO26_5073'",
    "'ECO26_4764'": "'ECO26_0784'"
  },
  {
    "'ECO26_1081'": "'ECO26_3956'",
    "'ECO26_0237'": "'ECO26_5073'",
    "'ECO26_4764'": "'ECO26_0785'"
  },
  {
    "'ECO26_1081'": "'ECO26_3955'",
    "'ECO26_0237'": "'ECO26_5119'",
    "'ECO26_4764'": "'ECO26_5073'"
  },
  {
    "'ECO26_1081'": "'ECO26_3955'",
    "'ECO26_0237'": "'ECO26_5073'",
    "'ECO26_4764'": "'ECO26_0782'"
  },
  {
    "'ECO26_1081'": "'ECO26_3955'",
    "'ECO26_0237'": "'ECO26_5073'",
    "'ECO26_4764'": "'ECO26_0783'"
  },
  {
    "'ECO26_1081'": "'ECO26_3955'",
    "'ECO26_0237'": "'ECO26_5073'",
    "'ECO26_4764'": "'ECO26_0784'"
  },
  {
    "'ECO26_1081'": "'ECO26_3955'",
    "'ECO26_0237'": "'ECO26_5073'",
    "'ECO26_4764'": "'ECO26_0785'"
  },
  {
    "'ECO26_1081'": "'ECO26_5119'",
    "'ECO26_0237'": "'ECO26_0562'",
    "'ECO26_4764'": "'ECO26_5073'"
  },
  {
    "'ECO26_1081'": "'ECO26_5119'",
    "'ECO26_0237'": "'ECO26_4001'",
    "'ECO26_4764'": "'ECO26_5073'"
  },
  {
    "'ECO26_1081'": "'ECO26_5119'",
    "'ECO26_0237'": "'ECO26_4013'",
    "'ECO26_4764'": "'ECO26_2431'"
  },
  {
    "'ECO26_1081'": "'ECO26_5119'",
    "'ECO26_0237'": "'ECO26_5073'",
    "'ECO26_4764'": "'ECO26_5594'"
  },
  {
    "'ECO26_1081'": "'ECO26_5119'",
    "'ECO26_0237'": "'ECO26_5073'",
    "'ECO26_4764'": "'ECO26_0538'"
  },
  {
    "'ECO26_1081'": "'ECO26_4076'",
    "'ECO26_0237'": "'ECO26_5118'",
    "'ECO26_4764'": "'ECO26_5073'"
  },
  {
    "'ECO26_1081'": "'ECO26_4484'",
    "'ECO26_0237'": "'ECO26_0152'",
    "'ECO26_4764'": "'ECO26_3566'"
  },
  {
    "'ECO26_1081'": "'ECO26_0817'",
    "'ECO26_0237'": "'ECO26_3477'",
    "'ECO26_4764'": "'ECO26_4668'"
  },
  {
    "'ECO26_1081'": "'ECO26_0818'",
    "'ECO26_0237'": "'ECO26_3477'",
    "'ECO26_4764'": "'ECO26_4668'"
  },
  {
    "'ECO26_1081'": "'ECO26_3477'",
    "'ECO26_0237'": "'ECO26_4668'",
    "'ECO26_4764'": "'ECO26_0819'"
  },
  {
    "'ECO26_1081'": "'ECO26_0562'",
    "'ECO26_0237'": "'ECO26_1028'",
    "'ECO26_4764'": "'ECO26_5068'"
  },
  {
    "'ECO26_1081'": "'ECO26_0562'",
    "'ECO26_0237'": "'ECO26_1028'",
    "'ECO26_4764'": "'ECO26_5069'"
  },
  {
    "'ECO26_1081'": "'ECO26_0562'",
    "'ECO26_0237'": "'ECO26_5073'",
    "'ECO26_4764'": "'ECO26_0782'"
  },
  {
    "'ECO26_1081'": "'ECO26_0562'",
    "'ECO26_0237'": "'ECO26_5073'",
    "'ECO26_4764'": "'ECO26_0783'"
  },
  {
    "'ECO26_1081'": "'ECO26_0562'",
    "'ECO26_0237'": "'ECO26_5073'",
    "'ECO26_4764'": "'ECO26_0784'"
  },
  {
    "'ECO26_1081'": "'ECO26_0562'",
    "'ECO26_0237'": "'ECO26_5073'",
    "'ECO26_4764'": "'ECO26_0785'"
  },
  {
    "'ECO26_1081'": "'ECO26_1844'",
    "'ECO26_0237'": "'ECO26_0968'",
    "'ECO26_4764'": "'ECO26_4159'"
  },
  {
    "'ECO26_1081'": "'ECO26_4001'",
    "'ECO26_0237'": "'ECO26_5073'",
    "'ECO26_4764'": "'ECO26_0782'"
  },
  {
    "'ECO26_1081'": "'ECO26_4001'",
    "'ECO26_0237'": "'ECO26_5073'",
    "'ECO26_4764'": "'ECO26_0783'"
  },
  {
    "'ECO26_1081'": "'ECO26_4001'",
    "'ECO26_0237'": "'ECO26_5073'",
    "'ECO26_4764'": "'ECO26_0784'"
  },
  {
    "'ECO26_1081'": "'ECO26_4001'",
    "'ECO26_0237'": "'ECO26_5073'",
    "'ECO26_4764'": "'ECO26_0785'"
  },
  {
    "'ECO26_1081'": "'ECO26_4013'",
    "'ECO26_0237'": "'ECO26_2431'",
    "'ECO26_4764'": "'ECO26_0782'"
  },
  {
    "'ECO26_1081'": "'ECO26_4013'",
    "'ECO26_0237'": "'ECO26_2431'",
    "'ECO26_4764'": "'ECO26_0783'"
  },
  {
    "'ECO26_1081'": "'ECO26_4013'",
    "'ECO26_0237'": "'ECO26_2431'",
    "'ECO26_4764'": "'ECO26_0784'"
  },
  {
    "'ECO26_1081'": "'ECO26_4013'",
    "'ECO26_0237'": "'ECO26_2431'",
    "'ECO26_4764'": "'ECO26_0785'"
  },
  {
    "'ECO26_1081'": "'ECO26_4013'",
    "'ECO26_0237'": "'ECO26_4002'",
    "'ECO26_4764'": "'ECO26_4666'"
  },
  {
    "'ECO26_1081'": "'ECO26_5073'",
    "'ECO26_0237'": "'ECO26_5594'",
    "'ECO26_4764'": "'ECO26_0782'"
  },
  {
    "'ECO26_1081'": "'ECO26_5073'",
    "'ECO26_0237'": "'ECO26_5594'",
    "'ECO26_4764'": "'ECO26_0783'"
  },
  {
    "'ECO26_1081'": "'ECO26_5073'",
    "'ECO26_0237'": "'ECO26_5594'",
    "'ECO26_4764'": "'ECO26_0784'"
  },
  {
    "'ECO26_1081'": "'ECO26_5073'",
    "'ECO26_0237'": "'ECO26_5594'",
    "'ECO26_4764'": "'ECO26_0785'"
  },
  {
    "'ECO26_1081'": "'ECO26_5073'",
    "'ECO26_0237'": "'ECO26_0782'",
    "'ECO26_4764'": "'ECO26_0538'"
  },
  {
    "'ECO26_1081'": "'ECO26_5073'",
    "'ECO26_0237'": "'ECO26_0783'",
    "'ECO26_4764'": "'ECO26_0538'"
  },
  {
    "'ECO26_1081'": "'ECO26_5073'",
    "'ECO26_0237'": "'ECO26_0784'",
    "'ECO26_4764'": "'ECO26_0538'"
  },
  {
    "'ECO26_1081'": "'ECO26_5073'",
    "'ECO26_0237'": "'ECO26_0785'",
    "'ECO26_4764'": "'ECO26_0538'"
  },
  {
    "'ECO26_1081'": "'ECO26_4468'",
    "'ECO26_0237'": "'ECO26_5589'",
    "'ECO26_4764'": "'ECO26_1720'"
  },
  {
    "'ECO26_1081'": "'ECO26_3228'",
    "'ECO26_0237'": "'ECO26_3744'",
    "'ECO26_4764'": "'ECO26_5408'"
  },
  {
    "'ECO26_1081'": "'ECO26_3228'",
    "'ECO26_0237'": "'ECO26_3745'",
    "'ECO26_4764'": "'ECO26_5408'"
  },
  {
    "'ECO26_1081'": "'ECO26_3227'",
    "'ECO26_0237'": "'ECO26_3744'",
    "'ECO26_4764'": "'ECO26_5408'"
  },
  {
    "'ECO26_1081'": "'ECO26_3227'",
    "'ECO26_0237'": "'ECO26_3745'",
    "'ECO26_4764'": "'ECO26_5408'"
  },
  {
    "'ECO26_1081'": "'ECO26_3744'",
    "'ECO26_0237'": "'ECO26_5408'",
    "'ECO26_4764'": "'ECO26_1014'"
  },
  {
    "'ECO26_1081'": "'ECO26_3745'",
    "'ECO26_0237'": "'ECO26_5408'",
    "'ECO26_4764'": "'ECO26_1014'"
  },
  {
    "'ECO26_1081'": "'ECO26_4002'",
    "'ECO26_0237'": "'ECO26_0008'",
    "'ECO26_4764'": "'ECO26_3507'"
  }
]