[
  {
    "'g.32468.CDS.4988'": "'Unknown'"
  },
  {
    "'g.32468.CDS.4988'": "'g.32468.CDS.4231'"
  },
  {
    "'g.32468.CDS.4988'": "'g.32468.CDS.749'"
  },
  {
    "'g.32468.CDS.4988'": "'g.32468.CDS.982'"
  },
  {
    "'g.32468.CDS.4988'": "'g.32468.CDS.4372'"
  },
  {
    "'g.32468.CDS.4988'": "'g.32468.CDS.436'"
  },
  {
    "'g.32468.CDS.4988'": "'999413.4.peg.149'"
  },
  {
    "'g.32468.CDS.4988'": "'g.32468.CDS.452'"
  },
  {
    "'g.32468.CDS.4988'": "'g.32468.CDS.4712'"
  },
  {
    "'g.32468.CDS.4988'": "'g.32468.CDS.549'"
  },
  {
    "'g.32468.CDS.4988'": "'g.32468.CDS.1986'"
  },
  {
    "'g.32468.CDS.4988'": "'999413.4.peg.1089'"
  },
  {
    "'g.32468.CDS.4988'": "'g.32468.CDS.2899'"
  },
  {
    "'g.32468.CDS.4988'": "'g.32468.CDS.3055'"
  },
  {
    "'g.32468.CDS.4988'": "'g.32468.CDS.1537'"
  },
  {
    "'g.32468.CDS.4988'": "'g.32468.CDS.3538'"
  },
  {
    "'g.32468.CDS.4988'": "'g.32468.CDS.3153'"
  },
  {
    "'g.32468.CDS.4988'": "'999413.4.peg.3201'"
  },
  {
    "'g.32468.CDS.4988'": "'g.32468.CDS.1158'"
  },
  {
    "'g.32468.CDS.4988'": "'g.32468.CDS.4630'"
  },
  {
    "'g.32468.CDS.4988'": "'g.32468.CDS.3883'"
  },
  {
    "'g.32468.CDS.4988'": "'999413.4.peg.3613'"
  },
  {
    "'g.32468.CDS.4988'": "'999413.4.peg.3604'"
  },
  {
    "'g.32468.CDS.4988'": "'g.32468.CDS.3356'"
  },
  {
    "'g.32468.CDS.4988'": "'999413.4.peg.1165'"
  },
  {
    "'g.32468.CDS.4988'": "'g.32468.CDS.3492'"
  },
  {
    "'g.32468.CDS.4988'": "'g.32468.CDS.19'"
  },
  {
    "'g.32468.CDS.4988'": "'g.32468.CDS.3311'"
  },
  {
    "'g.32468.CDS.4988'": "'g.32468.CDS.3296'"
  },
  {
    "'g.32468.CDS.4988'": "'999413.4.peg.150'"
  },
  {
    "'g.32468.CDS.4988'": "'g.32468.CDS.3365'"
  },
  {
    "'g.32468.CDS.4988'": "'g.32468.CDS.343'"
  },
  {
    "'g.32468.CDS.4988'": "'g.32468.CDS.1962'"
  },
  {
    "'g.32468.CDS.4988'": "'g.32468.CDS.1120'"
  },
  {
    "'g.32468.CDS.4988'": "'999413.4.peg.4047'"
  },
  {
    "'g.32468.CDS.4988'": "'999413.4.peg.4048'"
  },
  {
    "'g.32468.CDS.4988'": "'999413.4.peg.151'"
  },
  {
    "'g.32468.CDS.4988'": "'g.32468.CDS.1022'"
  },
  {
    "'g.32468.CDS.4988'": "'999413.4.peg.1087'"
  },
  {
    "'g.32468.CDS.4988'": "'999413.4.peg.3387'"
  },
  {
    "'g.32468.CDS.4988'": "'g.32468.CDS.4335'"
  },
  {
    "'g.32468.CDS.4988'": "'g.32468.CDS.4497'"
  },
  {
    "'g.32468.CDS.4988'": "'g.32468.CDS.4548'"
  },
  {
    "'g.32468.CDS.4988'": "'g.32468.CDS.2463'"
  },
  {
    "'g.32468.CDS.4988'": "'g.32468.CDS.303'"
  },
  {
    "'g.32468.CDS.4988'": "'g.32468.CDS.2813'"
  },
  {
    "'g.32468.CDS.4988'": "'g.32468.CDS.1532'"
  },
  {
    "'g.32468.CDS.4988'": "'g.32468.CDS.4790'"
  },
  {
    "'g.32468.CDS.4988'": "'g.32468.CDS.4674'"
  },
  {
    "'g.32468.CDS.4988'": "'g.32468.CDS.3096'"
  },
  {
    "'g.32468.CDS.4988'": "'999413.4.peg.3510'"
  },
  {
    "'g.32468.CDS.4988'": "'g.32468.CDS.3838'"
  },
  {
    "'g.32468.CDS.4988'": "'g.32468.CDS.1035'"
  },
  {
    "'g.32468.CDS.4988'": "'g.32468.CDS.1038'"
  },
  {
    "'g.32468.CDS.4988'": "'g.32468.CDS.1270'"
  },
  {
    "'g.32468.CDS.4988'": "'g.32468.CDS.1446'"
  },
  {
    "'g.32468.CDS.4988'": "'g.32468.CDS.1541'"
  },
  {
    "'g.32468.CDS.4988'": "'g.32468.CDS.1597'"
  },
  {
    "'g.32468.CDS.4988'": "'g.32468.CDS.1754'"
  },
  {
    "'g.32468.CDS.4988'": "'g.32468.CDS.2198'"
  },
  {
    "'g.32468.CDS.4988'": "'g.32468.CDS.2306'"
  },
  {
    "'g.32468.CDS.4988'": "'g.32468.CDS.2596'"
  },
  {
    "'g.32468.CDS.4988'": "'g.32468.CDS.3298'"
  },
  {
    "'g.32468.CDS.4988'": "'g.32468.CDS.3415'"
  },
  {
    "'g.32468.CDS.4988'": "'g.32468.CDS.3447'"
  },
  {
    "'g.32468.CDS.4988'": "'g.32468.CDS.3590'"
  },
  {
    "'g.32468.CDS.4988'": "'g.32468.CDS.3638'"
  },
  {
    "'g.32468.CDS.4988'": "'g.32468.CDS.3648'"
  },
  {
    "'g.32468.CDS.4988'": "'g.32468.CDS.3761'"
  },
  {
    "'g.32468.CDS.4988'": "'g.32468.CDS.3818'"
  },
  {
    "'g.32468.CDS.4988'": "'g.32468.CDS.1020'"
  },
  {
    "'g.32468.CDS.4988'": "'g.32468.CDS.1051'"
  },
  {
    "'g.32468.CDS.4988'": "'g.32468.CDS.1080'"
  },
  {
    "'g.32468.CDS.4988'": "'g.32468.CDS.1119'"
  },
  {
    "'g.32468.CDS.4988'": "'g.32468.CDS.1155'"
  },
  {
    "'g.32468.CDS.4988'": "'g.32468.CDS.1181'"
  },
  {
    "'g.32468.CDS.4988'": "'g.32468.CDS.1183'"
  },
  {
    "'g.32468.CDS.4988'": "'g.32468.CDS.1198'"
  },
  {
    "'g.32468.CDS.4988'": "'g.32468.CDS.1225'"
  },
  {
    "'g.32468.CDS.4988'": "'g.32468.CDS.1226'"
  },
  {
    "'g.32468.CDS.4988'": "'g.32468.CDS.1233'"
  },
  {
    "'g.32468.CDS.4988'": "'g.32468.CDS.1320'"
  },
  {
    "'g.32468.CDS.4988'": "'g.32468.CDS.1336'"
  },
  {
    "'g.32468.CDS.4988'": "'g.32468.CDS.1366'"
  },
  {
    "'g.32468.CDS.4988'": "'g.32468.CDS.1438'"
  },
  {
    "'g.32468.CDS.4988'": "'g.32468.CDS.1478'"
  },
  {
    "'g.32468.CDS.4988'": "'g.32468.CDS.1510'"
  },
  {
    "'g.32468.CDS.4988'": "'g.32468.CDS.1536'"
  },
  {
    "'g.32468.CDS.4988'": "'g.32468.CDS.1572'"
  },
  {
    "'g.32468.CDS.4988'": "'g.32468.CDS.1607'"
  },
  {
    "'g.32468.CDS.4988'": "'g.32468.CDS.1625'"
  },
  {
    "'g.32468.CDS.4988'": "'g.32468.CDS.1636'"
  },
  {
    "'g.32468.CDS.4988'": "'g.32468.CDS.1653'"
  },
  {
    "'g.32468.CDS.4988'": "'g.32468.CDS.1663'"
  },
  {
    "'g.32468.CDS.4988'": "'g.32468.CDS.1689'"
  },
  {
    "'g.32468.CDS.4988'": "'g.32468.CDS.1701'"
  },
  {
    "'g.32468.CDS.4988'": "'g.32468.CDS.1713'"
  },
  {
    "'g.32468.CDS.4988'": "'g.32468.CDS.1730'"
  },
  {
    "'g.32468.CDS.4988'": "'g.32468.CDS.1735'"
  },
  {
    "'g.32468.CDS.4988'": "'g.32468.CDS.1788'"
  },
  {
    "'g.32468.CDS.4988'": "'g.32468.CDS.1791'"
  },
  {
    "'g.32468.CDS.4988'": "'g.32468.CDS.1871'"
  },
  {
    "'g.32468.CDS.4988'": "'g.32468.CDS.1934'"
  },
  {
    "'g.32468.CDS.4988'": "'g.32468.CDS.1994'"
  },
  {
    "'g.32468.CDS.4988'": "'g.32468.CDS.2077'"
  },
  {
    "'g.32468.CDS.4988'": "'g.32468.CDS.2126'"
  },
  {
    "'g.32468.CDS.4988'": "'g.32468.CDS.2200'"
  },
  {
    "'g.32468.CDS.4988'": "'g.32468.CDS.2666'"
  },
  {
    "'g.32468.CDS.4988'": "'g.32468.CDS.2861'"
  },
  {
    "'g.32468.CDS.4988'": "'g.32468.CDS.2952'"
  },
  {
    "'g.32468.CDS.4988'": "'g.32468.CDS.3001'"
  },
  {
    "'g.32468.CDS.4988'": "'g.32468.CDS.3013'"
  },
  {
    "'g.32468.CDS.4988'": "'g.32468.CDS.3111'"
  },
  {
    "'g.32468.CDS.4988'": "'g.32468.CDS.3297'"
  },
  {
    "'g.32468.CDS.4988'": "'g.32468.CDS.3323'"
  },
  {
    "'g.32468.CDS.4988'": "'g.32468.CDS.3336'"
  },
  {
    "'g.32468.CDS.4988'": "'g.32468.CDS.3358'"
  },
  {
    "'g.32468.CDS.4988'": "'g.32468.CDS.3402'"
  },
  {
    "'g.32468.CDS.4988'": "'g.32468.CDS.3448'"
  },
  {
    "'g.32468.CDS.4988'": "'g.32468.CDS.3531'"
  },
  {
    "'g.32468.CDS.4988'": "'g.32468.CDS.3580'"
  },
  {
    "'g.32468.CDS.4988'": "'g.32468.CDS.359'"
  },
  {
    "'g.32468.CDS.4988'": "'g.32468.CDS.37'"
  },
  {
    "'g.32468.CDS.4988'": "'g.32468.CDS.3714'"
  },
  {
    "'g.32468.CDS.4988'": "'g.32468.CDS.3739'"
  },
  {
    "'g.32468.CDS.4988'": "'g.32468.CDS.3757'"
  },
  {
    "'g.32468.CDS.4988'": "'g.32468.CDS.3790'"
  },
  {
    "'g.32468.CDS.4988'": "'g.32468.CDS.3821'"
  },
  {
    "'g.32468.CDS.4988'": "'g.32468.CDS.3865'"
  },
  {
    "'g.32468.CDS.4988'": "'g.32468.CDS.3870'"
  },
  {
    "'g.32468.CDS.4988'": "'g.32468.CDS.3925'"
  },
  {
    "'g.32468.CDS.4988'": "'g.32468.CDS.462'"
  },
  {
    "'g.32468.CDS.4988'": "'g.32468.CDS.4650'"
  },
  {
    "'g.32468.CDS.4988'": "'g.32468.CDS.4697'"
  },
  {
    "'g.32468.CDS.4988'": "'g.32468.CDS.60'"
  },
  {
    "'g.32468.CDS.4988'": "'g.32468.CDS.736'"
  },
  {
    "'g.32468.CDS.4988'": "'g.32468.CDS.1322'"
  },
  {
    "'g.32468.CDS.4988'": "'g.32468.CDS.1551'"
  },
  {
    "'g.32468.CDS.4988'": "'g.32468.CDS.1857'"
  },
  {
    "'g.32468.CDS.4988'": "'g.32468.CDS.1932'"
  },
  {
    "'g.32468.CDS.4988'": "'g.32468.CDS.3102'"
  },
  {
    "'g.32468.CDS.4988'": "'g.32468.CDS.3227'"
  },
  {
    "'g.32468.CDS.4988'": "'g.32468.CDS.3355'"
  },
  {
    "'g.32468.CDS.4988'": "'g.32468.CDS.3436'"
  },
  {
    "'g.32468.CDS.4988'": "'g.32468.CDS.3575'"
  },
  {
    "'g.32468.CDS.4988'": "'g.32468.CDS.3589'"
  },
  {
    "'g.32468.CDS.4988'": "'g.32468.CDS.4505'"
  }
]