'ACLS_a','EX_val_L(e)','LPAMS'
'ACLS_a','LPAMS','VALTA'
'ACLS_a','LPAMS','VALabc'
'ACONT','ACONTa','ATPS4'
'ACONT','ACONTb','ATPS4'
'ADK7','GK1','NDPK8'
'ADK7','GK2','NDPK8'
'AKGS','EX_o2(e)','EX_succ(e)'
'AKGS','EX_o2(e)','SUCCt2r'
'AKGS','EX_succ(e)','FUM'
'AKGS','EX_succ(e)','O2t'
'AKGS','FUM','SUCCt2r'
'AKGS','O2t','SUCCt2r'
'AKGt2r','EX_o2(e)','EX_succ(e)'
'AKGt2r','EX_o2(e)','FUM'
'AKGt2r','EX_o2(e)','MDH'
'AKGt2r','EX_o2(e)','NADH6'
'AKGt2r','EX_o2(e)','SUCCt2r'
'AKGt2r','EX_pro_L(e)','GLNS'
'AKGt2r','EX_succ(e)','O2t'
'AKGt2r','FUM','O2t'
'AKGt2r','G5SADs','GLNS'
'AKGt2r','G5SDr','GLNS'
'AKGt2r','GLNS','GLU5K'
'AKGt2r','GLNS','P5CRyr'
'AKGt2r','GLNS','PROt2r'
'AKGt2r','MDH','O2t'
'AKGt2r','NADH6','O2t'
'AKGt2r','O2t','SUCCt2r'
'ALACI','EX_val_L(e)','KARA1'
'ALACI','KARA1','VALTA'
'ALACI','KARA1','VALabc'
'ALALEU1c','EX_glyleu(e)','EX_leu_L(e)'
'ALALEU1c','EX_glyleu(e)','LEUabc'
'ALALEU1c','EX_leu_L(e)','GLYLEUHYDROc'
'ALALEU1c','EX_leu_L(e)','GLYLEUPEPT1tc'
'ALALEU1c','GLYLEUHYDROc','LEUabc'
'ALALEU1c','GLYLEUPEPT1tc','LEUabc'
'ALALEUabc','EX_glyleu(e)','EX_leu_L(e)'
'ALALEUabc','EX_glyleu(e)','LEUabc'
'ALALEUabc','EX_leu_L(e)','GLYLEUHYDROc'
'ALALEUabc','EX_leu_L(e)','GLYLEUPEPT1tc'
'ALALEUabc','GLYLEUHYDROc','LEUabc'
'ALALEUabc','GLYLEUPEPT1tc','LEUabc'
'ALATHR1c','EX_thr_L(e)','HSK'
'ALATHR1c','EX_thr_L(e)','THRS'
'ALATHR1c','HSK','THRt2r'
'ALATHR1c','THRS','THRt2r'
'ALATHRabc','EX_thr_L(e)','HSK'
'ALATHRabc','EX_thr_L(e)','THRS'
'ALATHRabc','HSK','THRt2r'
'ALATHRabc','THRS','THRt2r'
'AMPTASECG','AMPTASEGC','CYSt2r'
'AMPTASECG','AMPTASEGC','EX_cys_L(e)'
'AMPTASECG','CYSt2r','EX_glycys(e)'
'AMPTASECG','CYSt2r','GLYCYSabc'
'AMPTASECG','EX_cys_L(e)','EX_glycys(e)'
'AMPTASECG','EX_cys_L(e)','GLYCYSabc'
'AMPTASEGC','CGLYabc','CYSt2r'
'AMPTASEGC','CGLYabc','EX_cys_L(e)'
'AMPTASEGC','CYSt2r','EX_cgly(e)'
'AMPTASEGC','EX_cgly(e)','EX_cys_L(e)'
'ASNt2r','ATPS4','CCOuq'
'ASNt2r','ATPS4','EX_h2o(e)'
'ASNt2r','ATPS4','EX_o2(e)'
'ASNt2r','ATPS4','EX_succ(e)'
'ASNt2r','ATPS4','FUM'
'ASNt2r','ATPS4','H2Ot'
'ASNt2r','ATPS4','Kt3'
'ASNt2r','ATPS4','MDH'
'ASNt2r','ATPS4','O2t'
'ASNt2r','ATPS4','SUCCt2r'
'ASNt2r','CO2t','EX_o2(e)'
'ASNt2r','CO2t','O2t'
'ASNt2r','EX_co2(e)','EX_o2(e)'
'ASNt2r','EX_co2(e)','O2t'
'ASNt2r','EX_o2(e)','EX_succ(e)'
'ASNt2r','EX_o2(e)','FUM'
'ASNt2r','EX_o2(e)','MDH'
'ASNt2r','EX_o2(e)','NADH6'
'ASNt2r','EX_o2(e)','SUCCt2r'
'ASNt2r','EX_succ(e)','O2t'
'ASNt2r','FUM','O2t'
'ASNt2r','MDH','O2t'
'ASNt2r','NADH6','O2t'
'ASNt2r','O2t','SUCCt2r'
'ASPTA','ATPS4','CCOuq'
'ASPTA','ATPS4','EX_h2o(e)'
'ASPTA','ATPS4','EX_succ(e)'
'ASPTA','ATPS4','FUM'
'ASPTA','ATPS4','H2Ot'
'ASPTA','ATPS4','Kt3'
'ASPTA','ATPS4','MDH'
'ASPTA','ATPS4','SUCCt2r'
'ASPTA','CCOuq','CYOmq'
'ASPTA','CCOuq','LDH_L'
'ASPTA','CCOuq','L_LACD3'
'ASPTA','CO2t','EX_succ(e)'
'ASPTA','CO2t','SUCCt2r'
'ASPTA','EX_co2(e)','EX_succ(e)'
'ASPTA','EX_co2(e)','SUCCt2r'
'ATPS4','CCOuq','EX_asn_L(e)'
'ATPS4','CCOuq','EX_nh4(e)'
'ATPS4','CCOuq','NH4tb'
'ATPS4','CCOuq','r0127'
'ATPS4','EX_asn_L(e)','EX_h2o(e)'
'ATPS4','EX_asn_L(e)','EX_o2(e)'
'ATPS4','EX_asn_L(e)','EX_succ(e)'
'ATPS4','EX_asn_L(e)','FUM'
'ATPS4','EX_asn_L(e)','H2Ot'
'ATPS4','EX_asn_L(e)','Kt3'
'ATPS4','EX_asn_L(e)','MDH'
'ATPS4','EX_asn_L(e)','O2t'
'ATPS4','EX_asn_L(e)','SUCCt2r'
'ATPS4','EX_glc_D(e)','EX_sbt_D(e)'
'ATPS4','EX_glc_D(e)','SBTPD'
'ATPS4','EX_glc_D(e)','SBTpts'
'ATPS4','EX_h2o(e)','EX_nh4(e)'
'ATPS4','EX_h2o(e)','MDH'
'ATPS4','EX_h2o(e)','NH4tb'
'ATPS4','EX_h2o(e)','r0127'
'ATPS4','EX_nh4(e)','EX_succ(e)'
'ATPS4','EX_nh4(e)','FUM'
'ATPS4','EX_nh4(e)','H2Ot'
'ATPS4','EX_nh4(e)','Kt3'
'ATPS4','EX_nh4(e)','MDH'
'ATPS4','EX_nh4(e)','SUCCt2r'
'ATPS4','EX_o2(e)','r0127'
'ATPS4','EX_sbt_D(e)','GLCpts'
'ATPS4','EX_succ(e)','NH4tb'
'ATPS4','EX_succ(e)','r0127'
'ATPS4','FUM','NH4tb'
'ATPS4','FUM','r0127'
'ATPS4','G6PBDH','G6PDH2r'
'ATPS4','GLCpts','SBTPD'
'ATPS4','GLCpts','SBTpts'
'ATPS4','H2Ot','MDH'
'ATPS4','H2Ot','NH4tb'
'ATPS4','H2Ot','r0127'
'ATPS4','ICDHy','r0082'
'ATPS4','ICDHy','r0422'
'ATPS4','Kt3','NH4tb'
'ATPS4','Kt3','r0127'
'ATPS4','MDH','NH4tb'
'ATPS4','MDH','r0127'
'ATPS4','NH4tb','SUCCt2r'
'ATPS4','O2t','r0127'
'ATPS4','SUCCt2r','r0127'
'CCOuq','CO2t','EX_nh4(e)'
'CCOuq','CO2t','NH4tb'
'CCOuq','CYOmq','EX_nh4(e)'
'CCOuq','CYOmq','NH4tb'
'CCOuq','EX_co2(e)','EX_nh4(e)'
'CCOuq','EX_co2(e)','NH4tb'
'CCOuq','EX_nh4(e)','LDH_L'
'CCOuq','EX_nh4(e)','L_LACD3'
'CCOuq','LDH_L','NH4tb'
'CCOuq','L_LACD3','NH4tb'
'CGLYabc','CYSt2r','EX_glycys(e)'
'CGLYabc','CYSt2r','GLYCYSabc'
'CGLYabc','EX_cys_L(e)','EX_glycys(e)'
'CGLYabc','EX_cys_L(e)','GLYCYSabc'
'CHORM','EX_glytyr(e)','EX_tyr_L(e)'
'CHORM','EX_glytyr(e)','TYRt2r'
'CHORM','EX_tyr_L(e)','GLYTYR1c'
'CHORM','EX_tyr_L(e)','GLYTYRabc'
'CHORM','GLYTYR1c','TYRt2r'
'CHORM','GLYTYRabc','TYRt2r'
'CO2t','EX_asn_L(e)','EX_o2(e)'
'CO2t','EX_asn_L(e)','O2t'
'CO2t','EX_h2o(e)','EX_o2(e)'
'CO2t','EX_h2o(e)','O2t'
'CO2t','EX_nh4(e)','EX_succ(e)'
'CO2t','EX_nh4(e)','OAASr'
'CO2t','EX_nh4(e)','SUCCt2r'
'CO2t','EX_o2(e)','FUM'
'CO2t','EX_o2(e)','H2Ot'
'CO2t','EX_o2(e)','MDH'
'CO2t','EX_o2(e)','NADH6'
'CO2t','EX_o2(e)','r0127'
'CO2t','EX_succ(e)','FUM'
'CO2t','EX_succ(e)','MDH'
'CO2t','EX_succ(e)','NH4tb'
'CO2t','FUM','O2t'
'CO2t','FUM','SUCCt2r'
'CO2t','H2Ot','O2t'
'CO2t','LDH_L','NADH6'
'CO2t','MDH','O2t'
'CO2t','MDH','SUCCt2r'
'CO2t','NADH6','O2t'
'CO2t','NH4tb','OAASr'
'CO2t','NH4tb','SUCCt2r'
'CO2t','O2t','r0127'
'CYSt2r','EX_cgly(e)','EX_glycys(e)'
'CYSt2r','EX_cgly(e)','GLYCYSabc'
'DHORD2','DHORD5','DHORDfum'
'EDA_R','ENO','EX_glyc3p(e)'
'EDA_R','ENO','GLYC3Pabc'
'EDA_R','ENO','TALA'
'EDA_R','ENO','TKT1'
'EDA_R','ENO','TPI'
'EDA_R','EX_glyc3p(e)','GAPD'
'EDA_R','EX_glyc3p(e)','PGK'
'EDA_R','EX_glyc3p(e)','PGM'
'EDA_R','EX_h2o(e)','EX_o2(e)'
'EDA_R','EX_h2o(e)','O2t'
'EDA_R','EX_o2(e)','H2Ot'
'EDA_R','EX_o2(e)','MDH'
'EDA_R','GAPD','GLYC3Pabc'
'EDA_R','GAPD','TALA'
'EDA_R','GAPD','TKT1'
'EDA_R','GAPD','TPI'
'EDA_R','GLYC3Pabc','PGK'
'EDA_R','GLYC3Pabc','PGM'
'EDA_R','H2Ot','O2t'
'EDA_R','MDH','O2t'
'EDA_R','ME2','r0060'
'EDA_R','PGK','TALA'
'EDA_R','PGK','TKT1'
'EDA_R','PGK','TPI'
'EDA_R','PGM','TALA'
'EDA_R','PGM','TKT1'
'EDA_R','PGM','TPI'
'EDD','ENO','EX_glyc3p(e)'
'EDD','ENO','GLYC3Pabc'
'EDD','ENO','TALA'
'EDD','ENO','TKT1'
'EDD','ENO','TPI'
'EDD','EX_glyc3p(e)','GAPD'
'EDD','EX_glyc3p(e)','PGK'
'EDD','EX_glyc3p(e)','PGM'
'EDD','EX_h2o(e)','EX_o2(e)'
'EDD','EX_h2o(e)','O2t'
'EDD','EX_o2(e)','H2Ot'
'EDD','EX_o2(e)','MDH'
'EDD','GAPD','GLYC3Pabc'
'EDD','GAPD','TALA'
'EDD','GAPD','TKT1'
'EDD','GAPD','TPI'
'EDD','GLYC3Pabc','PGK'
'EDD','GLYC3Pabc','PGM'
'EDD','H2Ot','O2t'
'EDD','MDH','O2t'
'EDD','ME2','r0060'
'EDD','PGK','TALA'
'EDD','PGK','TKT1'
'EDD','PGK','TPI'
'EDD','PGM','TALA'
'EDD','PGM','TKT1'
'EDD','PGM','TPI'
'ENO','EX_glc_D(e)','EX_sbt_D(e)'
'ENO','EX_glc_D(e)','SBTPD'
'ENO','EX_glc_D(e)','SBTpts'
'ENO','EX_glyc3p(e)','PGL'
'ENO','EX_h(e)','FBA'
'ENO','EX_h(e)','FBP'
'ENO','EX_h(e)','TPI'
'ENO','EX_h2o(e)','EX_o2(e)'
'ENO','EX_h2o(e)','O2t'
'ENO','EX_o2(e)','H2Ot'
'ENO','EX_o2(e)','MDH'
'ENO','EX_sbt_D(e)','GLCpts'
'ENO','GLCpts','SBTPD'
'ENO','GLCpts','SBTpts'
'ENO','GLYC3Pabc','PGL'
'ENO','H2Ot','O2t'
'ENO','MDH','O2t'
'ENO','PGL','TALA'
'ENO','PGL','TKT1'
'ENO','PGL','TPI'
'EX_akg(e)','EX_o2(e)','EX_succ(e)'
'EX_akg(e)','EX_o2(e)','FUM'
'EX_akg(e)','EX_o2(e)','MDH'
'EX_akg(e)','EX_o2(e)','NADH6'
'EX_akg(e)','EX_o2(e)','SUCCt2r'
'EX_akg(e)','EX_pro_L(e)','GLNS'
'EX_akg(e)','EX_succ(e)','O2t'
'EX_akg(e)','FUM','O2t'
'EX_akg(e)','G5SADs','GLNS'
'EX_akg(e)','G5SDr','GLNS'
'EX_akg(e)','GLNS','GLU5K'
'EX_akg(e)','GLNS','P5CRyr'
'EX_akg(e)','GLNS','PROt2r'
'EX_akg(e)','MDH','O2t'
'EX_akg(e)','NADH6','O2t'
'EX_akg(e)','O2t','SUCCt2r'
'EX_alaleu(e)','EX_glyleu(e)','EX_leu_L(e)'
'EX_alaleu(e)','EX_glyleu(e)','LEUabc'
'EX_alaleu(e)','EX_leu_L(e)','GLYLEUHYDROc'
'EX_alaleu(e)','EX_leu_L(e)','GLYLEUPEPT1tc'
'EX_alaleu(e)','GLYLEUHYDROc','LEUabc'
'EX_alaleu(e)','GLYLEUPEPT1tc','LEUabc'
'EX_alathr(e)','EX_thr_L(e)','HSK'
'EX_alathr(e)','EX_thr_L(e)','THRS'
'EX_alathr(e)','HSK','THRt2r'
'EX_alathr(e)','THRS','THRt2r'
'EX_asn_L(e)','EX_co2(e)','EX_o2(e)'
'EX_asn_L(e)','EX_co2(e)','O2t'
'EX_asn_L(e)','EX_o2(e)','EX_succ(e)'
'EX_asn_L(e)','EX_o2(e)','FUM'
'EX_asn_L(e)','EX_o2(e)','MDH'
'EX_asn_L(e)','EX_o2(e)','NADH6'
'EX_asn_L(e)','EX_o2(e)','SUCCt2r'
'EX_asn_L(e)','EX_succ(e)','O2t'
'EX_asn_L(e)','FUM','O2t'
'EX_asn_L(e)','MDH','O2t'
'EX_asn_L(e)','NADH6','O2t'
'EX_asn_L(e)','O2t','SUCCt2r'
'EX_cgly(e)','EX_cys_L(e)','EX_glycys(e)'
'EX_cgly(e)','EX_cys_L(e)','GLYCYSabc'
'EX_co2(e)','EX_h2o(e)','EX_o2(e)'
'EX_co2(e)','EX_h2o(e)','O2t'
'EX_co2(e)','EX_nh4(e)','EX_succ(e)'
'EX_co2(e)','EX_nh4(e)','OAASr'
'EX_co2(e)','EX_nh4(e)','SUCCt2r'
'EX_co2(e)','EX_o2(e)','FUM'
'EX_co2(e)','EX_o2(e)','H2Ot'
'EX_co2(e)','EX_o2(e)','MDH'
'EX_co2(e)','EX_o2(e)','NADH6'
'EX_co2(e)','EX_o2(e)','r0127'
'EX_co2(e)','EX_succ(e)','FUM'
'EX_co2(e)','EX_succ(e)','MDH'
'EX_co2(e)','EX_succ(e)','NH4tb'
'EX_co2(e)','FUM','O2t'
'EX_co2(e)','FUM','SUCCt2r'
'EX_co2(e)','H2Ot','O2t'
'EX_co2(e)','LDH_L','NADH6'
'EX_co2(e)','MDH','O2t'
'EX_co2(e)','MDH','SUCCt2r'
'EX_co2(e)','NADH6','O2t'
'EX_co2(e)','NH4tb','OAASr'
'EX_co2(e)','NH4tb','SUCCt2r'
'EX_co2(e)','O2t','r0127'
'EX_for(e)','EX_ser_L(e)','GCCa'
'EX_for(e)','EX_ser_L(e)','GCCb'
'EX_for(e)','EX_ser_L(e)','GCCc'
'EX_for(e)','GCCa','GHMT2r'
'EX_for(e)','GCCa','SERt2r'
'EX_for(e)','GCCb','GHMT2r'
'EX_for(e)','GCCb','SERt2r'
'EX_for(e)','GCCc','GHMT2r'
'EX_for(e)','GCCc','SERt2r'
'EX_glc_D(e)','EX_h(e)','EX_sbt_D(e)'
'EX_glc_D(e)','EX_h(e)','SBTPD'
'EX_glc_D(e)','EX_h(e)','SBTpts'
'EX_glc_D(e)','EX_sbt_D(e)','FBA'
'EX_glc_D(e)','EX_sbt_D(e)','FBP'
'EX_glc_D(e)','EX_sbt_D(e)','GAPD'
'EX_glc_D(e)','EX_sbt_D(e)','PGK'
'EX_glc_D(e)','EX_sbt_D(e)','PGM'
'EX_glc_D(e)','FBA','SBTPD'
'EX_glc_D(e)','FBA','SBTpts'
'EX_glc_D(e)','FBP','SBTPD'
'EX_glc_D(e)','FBP','SBTpts'
'EX_glc_D(e)','G6PI3','PGI'
'EX_glc_D(e)','GAPD','SBTPD'
'EX_glc_D(e)','GAPD','SBTpts'
'EX_glc_D(e)','PGK','SBTPD'
'EX_glc_D(e)','PGK','SBTpts'
'EX_glc_D(e)','PGM','SBTPD'
'EX_glc_D(e)','PGM','SBTpts'
'EX_glyc3p(e)','G3PD1','G3PD2'
'EX_glyc3p(e)','GAPD','PGL'
'EX_glyc3p(e)','NAt3_1','PIabc'
'EX_glyc3p(e)','PGK','PGL'
'EX_glyc3p(e)','PGL','PGM'
'EX_glyc3p(e)','PIabc','PIt7ir'
'EX_glymet(e)','EX_met_L(e)','EX_metala(e)'
'EX_glymet(e)','EX_met_L(e)','METALA1c'
'EX_glymet(e)','EX_met_L(e)','METALAabc'
'EX_glymet(e)','EX_metala(e)','METabc'
'EX_glymet(e)','METALA1c','METabc'
'EX_glymet(e)','METALAabc','METabc'
'EX_glyphe(e)','EX_phe_L(e)','PHETA1'
'EX_glyphe(e)','EX_phe_L(e)','PPNDH'
'EX_glyphe(e)','PHETA1','PHEt2r'
'EX_glyphe(e)','PHEt2r','PPNDH'
'EX_glypro(e)','EX_pro_L(e)','G5SADs'
'EX_glypro(e)','EX_pro_L(e)','G5SDr'
'EX_glypro(e)','EX_pro_L(e)','GLU5K'
'EX_glypro(e)','EX_pro_L(e)','P5CRyr'
'EX_glypro(e)','G5SADs','PROt2r'
'EX_glypro(e)','G5SDr','PROt2r'
'EX_glypro(e)','GLU5K','PROt2r'
'EX_glypro(e)','P5CRyr','PROt2r'
'EX_h(e)','EX_sbt_D(e)','GLCpts'
'EX_h(e)','FBA','GAPD'
'EX_h(e)','FBA','PGK'
'EX_h(e)','FBA','PGM'
'EX_h(e)','FBP','GAPD'
'EX_h(e)','FBP','PGK'
'EX_h(e)','FBP','PGM'
'EX_h(e)','G6PBDH','G6PDH2r'
'EX_h(e)','GAPD','TPI'
'EX_h(e)','GLCpts','SBTPD'
'EX_h(e)','GLCpts','SBTpts'
'EX_h(e)','PGK','TPI'
'EX_h(e)','PGM','TPI'
'EX_h2o(e)','EX_o2(e)','GAPD'
'EX_h2o(e)','EX_o2(e)','MDH'
'EX_h2o(e)','EX_o2(e)','PGK'
'EX_h2o(e)','EX_o2(e)','PGL'
'EX_h2o(e)','EX_o2(e)','PGM'
'EX_h2o(e)','GAPD','O2t'
'EX_h2o(e)','MDH','O2t'
'EX_h2o(e)','O2t','PGK'
'EX_h2o(e)','O2t','PGL'
'EX_h2o(e)','O2t','PGM'
'EX_met_L(e)','EX_metala(e)','GLYMET1c'
'EX_met_L(e)','EX_metala(e)','GLYMETabc'
'EX_met_L(e)','GLYMET1c','METALA1c'
'EX_met_L(e)','GLYMET1c','METALAabc'
'EX_met_L(e)','GLYMETabc','METALA1c'
'EX_met_L(e)','GLYMETabc','METALAabc'
'EX_metala(e)','GLYMET1c','METabc'
'EX_metala(e)','GLYMETabc','METabc'
'EX_o2(e)','EX_phe_L(e)','FUM'
'EX_o2(e)','EX_phe_L(e)','MDH'
'EX_o2(e)','EX_succ(e)','OAASr'
'EX_o2(e)','EX_succ(e)','r0127'
'EX_o2(e)','EX_tyr_L(e)','FUM'
'EX_o2(e)','EX_tyr_L(e)','MDH'
'EX_o2(e)','FRD7','SUCD1'
'EX_o2(e)','FRD7','SUCD4'
'EX_o2(e)','FUM','LARGNAT'
'EX_o2(e)','FUM','L_AROND'
'EX_o2(e)','FUM','OAASr'
'EX_o2(e)','FUM','PHETA1'
'EX_o2(e)','FUM','PHEt2r'
'EX_o2(e)','FUM','PPNDH'
'EX_o2(e)','FUM','TYRt2r'
'EX_o2(e)','FUM','r0127'
'EX_o2(e)','GAPD','H2Ot'
'EX_o2(e)','GAPD','MDH'
'EX_o2(e)','H2Ot','MDH'
'EX_o2(e)','H2Ot','PGK'
'EX_o2(e)','H2Ot','PGL'
'EX_o2(e)','H2Ot','PGM'
'EX_o2(e)','LARGNAT','MDH'
'EX_o2(e)','L_AROND','MDH'
'EX_o2(e)','MDH','OAASr'
'EX_o2(e)','MDH','PGK'
'EX_o2(e)','MDH','PGL'
'EX_o2(e)','MDH','PGM'
'EX_o2(e)','MDH','PHETA1'
'EX_o2(e)','MDH','PHEt2r'
'EX_o2(e)','MDH','PPNDH'
'EX_o2(e)','MDH','TYRt2r'
'EX_o2(e)','MDH','r0127'
'EX_o2(e)','NADH6','OAASr'
'EX_o2(e)','NADH6','r0127'
'EX_o2(e)','OAASr','SUCCt2r'
'EX_o2(e)','SUCCt2r','r0127'
'EX_phe_L(e)','EX_tyr_L(e)','TALA'
'EX_phe_L(e)','EX_tyr_L(e)','TKT1'
'EX_phe_L(e)','FUM','O2t'
'EX_phe_L(e)','GLYPHEHYc','PHETA1'
'EX_phe_L(e)','GLYPHEHYc','PPNDH'
'EX_phe_L(e)','GLYPHEabc','PHETA1'
'EX_phe_L(e)','GLYPHEabc','PPNDH'
'EX_phe_L(e)','MDH','O2t'
'EX_phe_L(e)','TALA','TYRt2r'
'EX_phe_L(e)','TKT1','TYRt2r'
'EX_pro_L(e)','G5SADs','GLYPROPRO1c'
'EX_pro_L(e)','G5SADs','GLYPROabc'
'EX_pro_L(e)','G5SDr','GLYPROPRO1c'
'EX_pro_L(e)','G5SDr','GLYPROabc'
'EX_pro_L(e)','GLU5K','GLYPROPRO1c'
'EX_pro_L(e)','GLU5K','GLYPROabc'
'EX_pro_L(e)','GLYPROPRO1c','P5CRyr'
'EX_pro_L(e)','GLYPROabc','P5CRyr'
'EX_sbt_D(e)','FBA','GLCpts'
'EX_sbt_D(e)','FBP','GLCpts'
'EX_sbt_D(e)','GAPD','GLCpts'
'EX_sbt_D(e)','GLCpts','PGK'
'EX_sbt_D(e)','GLCpts','PGM'
'EX_ser_L(e)','FORt','GCCa'
'EX_ser_L(e)','FORt','GCCb'
'EX_ser_L(e)','FORt','GCCc'
'EX_ser_L(e)','FTHFL','GCCa'
'EX_ser_L(e)','FTHFL','GCCb'
'EX_ser_L(e)','FTHFL','GCCc'
'EX_ser_L(e)','GCCa','MTHFC'
'EX_ser_L(e)','GCCa','MTHFD'
'EX_ser_L(e)','GCCb','MTHFC'
'EX_ser_L(e)','GCCb','MTHFD'
'EX_ser_L(e)','GCCc','MTHFC'
'EX_ser_L(e)','GCCc','MTHFD'
'EX_succ(e)','O2t','OAASr'
'EX_succ(e)','O2t','r0127'
'EX_tyr_L(e)','FUM','O2t'
'EX_tyr_L(e)','MDH','O2t'
'EX_tyr_L(e)','PHETA1','TALA'
'EX_tyr_L(e)','PHETA1','TKT1'
'EX_tyr_L(e)','PHEt2r','TALA'
'EX_tyr_L(e)','PHEt2r','TKT1'
'EX_tyr_L(e)','PPNDH','TALA'
'EX_tyr_L(e)','PPNDH','TKT1'
'EX_val_L(e)','KARA1','KARA3'
'FBA','GLCpts','SBTPD'
'FBA','GLCpts','SBTpts'
'FBP','GLCpts','SBTPD'
'FBP','GLCpts','SBTpts'
'FORt','GCCa','GHMT2r'
'FORt','GCCa','SERt2r'
'FORt','GCCb','GHMT2r'
'FORt','GCCb','SERt2r'
'FORt','GCCc','GHMT2r'
'FORt','GCCc','SERt2r'
'FRD7','O2t','SUCD1'
'FRD7','O2t','SUCD4'
'FTHFL','GCCa','GHMT2r'
'FTHFL','GCCa','SERt2r'
'FTHFL','GCCb','GHMT2r'
'FTHFL','GCCb','SERt2r'
'FTHFL','GCCc','GHMT2r'
'FTHFL','GCCc','SERt2r'
'FUM','LARGNAT','O2t'
'FUM','LDH_L','NADH6'
'FUM','L_AROND','O2t'
'FUM','O2t','OAASr'
'FUM','O2t','PHETA1'
'FUM','O2t','PHEt2r'
'FUM','O2t','PPNDH'
'FUM','O2t','TYRt2r'
'FUM','O2t','r0127'
'G3PD1','G3PD2','GLYC3Pabc'
'G5SADs','GLYPROPRO1c','PROt2r'
'G5SADs','GLYPROabc','PROt2r'
'G5SDr','GLYPROPRO1c','PROt2r'
'G5SDr','GLYPROabc','PROt2r'
'G6PI3','GLCpts','PGI'
'GAPD','GLCpts','SBTPD'
'GAPD','GLCpts','SBTpts'
'GAPD','GLYC3Pabc','PGL'
'GAPD','H2Ot','O2t'
'GAPD','MDH','O2t'
'GAPD','PGL','TALA'
'GAPD','PGL','TKT1'
'GAPD','PGL','TPI'
'GCCa','GHMT2r','MTHFC'
'GCCa','GHMT2r','MTHFD'
'GCCa','MTHFC','SERt2r'
'GCCa','MTHFD','SERt2r'
'GCCb','GHMT2r','MTHFC'
'GCCb','GHMT2r','MTHFD'
'GCCb','MTHFC','SERt2r'
'GCCb','MTHFD','SERt2r'
'GCCc','GHMT2r','MTHFC'
'GCCc','GHMT2r','MTHFD'
'GCCc','MTHFC','SERt2r'
'GCCc','MTHFD','SERt2r'
'GLCpts','PGK','SBTPD'
'GLCpts','PGK','SBTpts'
'GLCpts','PGM','SBTPD'
'GLCpts','PGM','SBTpts'
'GLU5K','GLYPROPRO1c','PROt2r'
'GLU5K','GLYPROabc','PROt2r'
'GLYC3Pabc','NAt3_1','PIabc'
'GLYC3Pabc','PGK','PGL'
'GLYC3Pabc','PGL','PGM'
'GLYC3Pabc','PIabc','PIt7ir'
'GLYMET1c','METALA1c','METabc'
'GLYMET1c','METALAabc','METabc'
'GLYMETabc','METALA1c','METabc'
'GLYMETabc','METALAabc','METabc'
'GLYPHEHYc','PHETA1','PHEt2r'
'GLYPHEHYc','PHEt2r','PPNDH'
'GLYPHEabc','PHETA1','PHEt2r'
'GLYPHEabc','PHEt2r','PPNDH'
'GLYPROPRO1c','P5CRyr','PROt2r'
'GLYPROabc','P5CRyr','PROt2r'
'H2Ot','MDH','O2t'
'H2Ot','O2t','PGK'
'H2Ot','O2t','PGL'
'H2Ot','O2t','PGM'
'KARA1','KARA3','VALTA'
'KARA1','KARA3','VALabc'
'LARGNAT','MDH','O2t'
'L_AROND','MDH','O2t'
'MDH','O2t','OAASr'
'MDH','O2t','PGK'
'MDH','O2t','PGL'
'MDH','O2t','PGM'
'MDH','O2t','PHETA1'
'MDH','O2t','PHEt2r'
'MDH','O2t','PPNDH'
'MDH','O2t','TYRt2r'
'MDH','O2t','r0127'
'ME2','PGL','r0060'
'NADH6','O2t','OAASr'
'NADH6','O2t','r0127'
'O2t','OAASr','SUCCt2r'
'O2t','SUCCt2r','r0127'
'PGK','PGL','TALA'
'PGK','PGL','TKT1'
'PGK','PGL','TPI'
'PGL','PGM','TALA'
'PGL','PGM','TKT1'
'PGL','PGM','TPI'
'PHETA1','TALA','TYRt2r'
'PHETA1','TKT1','TYRt2r'
'PHEt2r','TALA','TYRt2r'
'PHEt2r','TKT1','TYRt2r'
'PPNDH','TALA','TYRt2r'
'PPNDH','TKT1','TYRt2r'
