'23DHMPO','3MOPt2r','KARA2'
'23DHMPO','EX_3mop(e)','KARA2'
'2AHBUTI','3MOPt2r','KARA2'
'2AHBUTI','EX_3mop(e)','KARA2'
'2DMMQ8abc','ASAD','SHSL4r'
'2DMMQ8abc','ASPKi','SHSL4r'
'2DMMQ8abc','HSERTA','SHSL4r'
'2INSD','ASP1DC','MMSAD5'
'2MEBCOADH','3MOPDC2','OIVD1r'
'2MEBCOADH','LPAMMBT2','OIVD1r'
'3HAD160','FACOAL140','TDCOATA'
'3HAD160','G3PAT140','TDCOATA'
'3HAD160','LPLIPAL1A140','TDCOATA'
'3MEBCOADH','3MOBS','LEUTA'
'3MEBCOADH','3MOPDC2','OIVD3'
'3MEBCOADH','IPMDr','LEUTA'
'3MEBCOADH','IPPMIa','LEUTA'
'3MEBCOADH','IPPMIb','LEUTA'
'3MEBCOADH','LEUTA','OMCDC'
'3MEBCOADH','LPAMMBT2','OIVD3'
'3MOPDC2','OIVD1r','OIVD3'
'3MOPt2r','ACLS_a','LPAMS'
'3OAR160','ACACT7r','KAS_HP'
'3OAR160','ACOAD7i','KAS_HP'
'3OAR160','ECOAH7','KAS_HP'
'3OAR160','HACD7','KAS_HP'
'3OAR160','KAS_HP','PMTCOATA'
'3OAS160','ACACT7r','KAS_HP'
'3OAS160','ACOAD7i','KAS_HP'
'3OAS160','ECOAH7','KAS_HP'
'3OAS160','HACD7','KAS_HP'
'3OAS160','KAS_HP','PMTCOATA'
'ACCOACL','MALCOAPYRCT','MMSAD5'
'ACGApts','EX_gam(e)','GF6PTA'
'ACGApts','GAMpts','GF6PTA'
'ACGK','ARGt2','EX_orn(e)'
'ACGK','ARGt2','ORNt2r'
'ACGK','EX_arg_L(e)','EX_orn(e)'
'ACGK','EX_arg_L(e)','ORNt2r'
'ACKr','ACS','ACt2r'
'ACKr','ACS','EX_ac(e)'
'ACKr','ATPS4','PGK'
'ACLS_a','EX_3mop(e)','LPAMS'
'ACLS_a','EX_val_L(e)','LPAMS'
'ACLS_a','LPAMS','VALt2r'
'ACLS_b','VALTA','VPAMTr'
'ACOTA','ARGt2','EX_orn(e)'
'ACOTA','ARGt2','ORNt2r'
'ACOTA','EX_arg_L(e)','EX_orn(e)'
'ACOTA','EX_arg_L(e)','ORNt2r'
'ACS','ACt2r','PTAr'
'ACS','EX_ac(e)','PTAr'
'ACt2r','ATPS4','PGK'
'ADK2','GLKKpppi','PPA2'
'ADK7','GK1','NDPK8'
'ADK7','GK2','NDPK8'
'ADNCNT3tc','ADSL2r','HXPRT'
'ADNCNT3tc','AICART','HXPRT'
'ADNCNT3tc','AIRC4','HXPRT'
'ADNCNT3tc','GARFTi','HXPRT'
'ADNCNT3tc','GLUPRT','HXPRT'
'ADNCNT3tc','H2CO3D','HXPRT'
'ADNCNT3tc','HXPRT','IMPC'
'ADNCNT3tc','HXPRT','PRAGS'
'ADNCNT3tc','HXPRT','PRAIS'
'ADNCNT3tc','HXPRT','PRASCSi'
'ADNCNT3tc','HXPRT','PRFGS'
'ADNK1','ADPT','ADSL1r'
'ADNK1','ADPT','ADSS'
'ADSL2r','EX_adn(e)','HXPRT'
'AGDC','EX_gam(e)','GF6PTA'
'AGDC','GAMpts','GF6PTA'
'AGMT','EX_ptrc(e)','ORNDC'
'AGMT','ORNDC','PTRCabc'
'AGPAT180','FACOAL180i','STCOATA'
'AGPAT180','LPLIPAL1A180','STCOATA'
'AGPR','ARGt2','EX_orn(e)'
'AGPR','ARGt2','ORNt2r'
'AGPR','EX_arg_L(e)','EX_orn(e)'
'AGPR','EX_arg_L(e)','ORNt2r'
'AHC','AHCYSNS','EX_mqn8(e)'
'AHC','AHCYSNS','MK8t'
'AHC','DM_dhptd(c)','EX_mqn8(e)'
'AHC','DM_dhptd(c)','MK8t'
'AHC','EX_mqn8(e)','RHCCE'
'AHC','MK8t','RHCCE'
'AICART','ALAHIS1c','EX_his_L(e)'
'AICART','ALAHIS1c','HISt2r'
'AICART','ALAHISabc','EX_his_L(e)'
'AICART','ALAHISabc','HISt2r'
'AICART','EX_adn(e)','HXPRT'
'AICART','EX_alahis(e)','EX_his_L(e)'
'AICART','EX_alahis(e)','HISt2r'
'AIRC4','EX_adn(e)','HXPRT'
'ALACI','EX_val_L(e)','KARA1'
'ALACI','KARA1','VALt2r'
'ALAHIS1c','ATPPRT','EX_his_L(e)'
'ALAHIS1c','ATPPRT','HISt2r'
'ALAHIS1c','EX_his_L(e)','HISTP'
'ALAHIS1c','EX_his_L(e)','HSTPTr'
'ALAHIS1c','EX_his_L(e)','IG3PS'
'ALAHIS1c','EX_his_L(e)','IGPDH'
'ALAHIS1c','EX_his_L(e)','IMPC'
'ALAHIS1c','EX_his_L(e)','PRAMPC'
'ALAHIS1c','EX_his_L(e)','PRATPP'
'ALAHIS1c','EX_his_L(e)','PRMICI'
'ALAHIS1c','HISTP','HISt2r'
'ALAHIS1c','HISt2r','HSTPTr'
'ALAHIS1c','HISt2r','IG3PS'
'ALAHIS1c','HISt2r','IGPDH'
'ALAHIS1c','HISt2r','IMPC'
'ALAHIS1c','HISt2r','PRAMPC'
'ALAHIS1c','HISt2r','PRATPP'
'ALAHIS1c','HISt2r','PRMICI'
'ALAHISabc','ATPPRT','EX_his_L(e)'
'ALAHISabc','ATPPRT','HISt2r'
'ALAHISabc','EX_his_L(e)','HISTP'
'ALAHISabc','EX_his_L(e)','HSTPTr'
'ALAHISabc','EX_his_L(e)','IG3PS'
'ALAHISabc','EX_his_L(e)','IGPDH'
'ALAHISabc','EX_his_L(e)','IMPC'
'ALAHISabc','EX_his_L(e)','PRAMPC'
'ALAHISabc','EX_his_L(e)','PRATPP'
'ALAHISabc','EX_his_L(e)','PRMICI'
'ALAHISabc','HISTP','HISt2r'
'ALAHISabc','HISt2r','HSTPTr'
'ALAHISabc','HISt2r','IG3PS'
'ALAHISabc','HISt2r','IGPDH'
'ALAHISabc','HISt2r','IMPC'
'ALAHISabc','HISt2r','PRAMPC'
'ALAHISabc','HISt2r','PRATPP'
'ALAHISabc','HISt2r','PRMICI'
'AMMQLT8','AMMQT8r','EX_mqn8(e)'
'AMMQLT8','AMMQT8r','MK8t'
'AMMQT8r','EX_mqn8(e)','NADH9'
'AMMQT8r','MK8t','NADH9'
'ANS','ANS2','EX_trp_L(e)'
'ANS','ANS2','TRPt2r'
'ARGDC','EX_ptrc(e)','ORNDC'
'ARGDC','ORNDC','PTRCabc'
'ARGt2','HYPSUCORNS','OCBT'
'ARGt2','OCBT','SUCCITRDSs'
'ARGt2','OCBT','SUCORNTC'
'ASAD','EX_2dmmq8(e)','SHSL4r'
'ASAD','METAT','SHSL4r'
'ASP1DC','D5KGK','MMSAD5'
'ASP1DC','D5KGPA','MMSAD5'
'ASP1DC','INS2D','MMSAD5'
'ASPKi','EX_2dmmq8(e)','SHSL4r'
'ASPKi','METAT','SHSL4r'
'ASPO5','ASPO6','EX_nac(e)'
'ASPO5','ASPO6','NACt2r'
'ASPO5','ASPO6','NAPRT'
'ASPO5','EX_nac(e)','EX_o2(e)'
'ASPO5','EX_nac(e)','O2t'
'ASPO5','EX_o2(e)','NACt2r'
'ASPO5','EX_o2(e)','NAPRT'
'ASPO5','NACt2r','O2t'
'ASPO5','NAPRT','O2t'
'ATPPRT','EX_alahis(e)','EX_his_L(e)'
'ATPPRT','EX_alahis(e)','HISt2r'
'ATPS4','EX_ac(e)','PGK'
'ATPS4','PGK','PTAr'
'BTNCLi','MALCOAPYRCT','MMSAD5'
'CHORM','EX_glytyr(e)','EX_tyr_L(e)'
'CHORM','EX_glytyr(e)','TYRt2r'
'CHORM','EX_tyr_L(e)','GLYTYR1c'
'CHORM','EX_tyr_L(e)','GLYTYRabc'
'CHORM','GLYTYR1c','TYRt2r'
'CHORM','GLYTYRabc','TYRt2r'
'CHORS','EX_glytyr(e)','EX_tyr_L(e)'
'CHORS','EX_glytyr(e)','TYRt2r'
'CHORS','EX_tyr_L(e)','GLYTYR1c'
'CHORS','EX_tyr_L(e)','GLYTYRabc'
'CHORS','GLYTYR1c','TYRt2r'
'CHORS','GLYTYRabc','TYRt2r'
'CHORS','RPE','TALA'
'CHORS','RPI','TALA'
'CTPS1','CTPS2','CYTDt2r'
'CTPS1','CTPS2','CYTK1'
'CTPS1','CTPS2','EX_cytd(e)'
'CYTD','CYTDt2r','CYTK1'
'CYTD','CYTK1','EX_cytd(e)'
'DDPA','EX_glytyr(e)','EX_tyr_L(e)'
'DDPA','EX_glytyr(e)','TYRt2r'
'DDPA','EX_tyr_L(e)','GLYTYR1c'
'DDPA','EX_tyr_L(e)','GLYTYRabc'
'DDPA','GLYTYR1c','TYRt2r'
'DDPA','GLYTYRabc','TYRt2r'
'DDPA','RPE','TALA'
'DDPA','RPI','TALA'
'DHAD1','VALTA','VPAMTr'
'DHQS','EX_glytyr(e)','EX_tyr_L(e)'
'DHQS','EX_glytyr(e)','TYRt2r'
'DHQS','EX_tyr_L(e)','GLYTYR1c'
'DHQS','EX_tyr_L(e)','GLYTYRabc'
'DHQS','GLYTYR1c','TYRt2r'
'DHQS','GLYTYRabc','TYRt2r'
'DHQS','RPE','TALA'
'DHQS','RPI','TALA'
'DHQTi','EX_glytyr(e)','EX_tyr_L(e)'
'DHQTi','EX_glytyr(e)','TYRt2r'
'DHQTi','EX_tyr_L(e)','GLYTYR1c'
'DHQTi','EX_tyr_L(e)','GLYTYRabc'
'DHQTi','GLYTYR1c','TYRt2r'
'DHQTi','GLYTYRabc','TYRt2r'
'DHQTi','RPE','TALA'
'DHQTi','RPI','TALA'
'DMPPS','DMPPS2r','IPDDI'
'EAR160x','FACOAL140','TDCOATA'
'EAR160x','G3PAT140','TDCOATA'
'EAR160x','LPLIPAL1A140','TDCOATA'
'ENO','NDPK9','PEPCK'
'ENO','OAACLi','PEPCK'
'EX_2dmmq8(e)','HSERTA','SHSL4r'
'EX_acgam(e)','EX_gam(e)','GF6PTA'
'EX_acgam(e)','GAMpts','GF6PTA'
'EX_adn(e)','GARFTi','HXPRT'
'EX_adn(e)','GLUPRT','HXPRT'
'EX_adn(e)','H2CO3D','HXPRT'
'EX_adn(e)','HXPRT','IMPC'
'EX_adn(e)','HXPRT','PRAGS'
'EX_adn(e)','HXPRT','PRAIS'
'EX_adn(e)','HXPRT','PRASCSi'
'EX_adn(e)','HXPRT','PRFGS'
'EX_alahis(e)','EX_his_L(e)','HISTP'
'EX_alahis(e)','EX_his_L(e)','HSTPTr'
'EX_alahis(e)','EX_his_L(e)','IG3PS'
'EX_alahis(e)','EX_his_L(e)','IGPDH'
'EX_alahis(e)','EX_his_L(e)','IMPC'
'EX_alahis(e)','EX_his_L(e)','PRAMPC'
'EX_alahis(e)','EX_his_L(e)','PRATPP'
'EX_alahis(e)','EX_his_L(e)','PRMICI'
'EX_alahis(e)','HISTP','HISt2r'
'EX_alahis(e)','HISt2r','HSTPTr'
'EX_alahis(e)','HISt2r','IG3PS'
'EX_alahis(e)','HISt2r','IGPDH'
'EX_alahis(e)','HISt2r','IMPC'
'EX_alahis(e)','HISt2r','PRAMPC'
'EX_alahis(e)','HISt2r','PRATPP'
'EX_alahis(e)','HISt2r','PRMICI'
'EX_arg_L(e)','HYPSUCORNS','OCBT'
'EX_arg_L(e)','OCBT','SUCCITRDSs'
'EX_arg_L(e)','OCBT','SUCORNTC'
'EX_glyc3p(e)','PIabc','PIt6b'
'EX_glyphe(e)','EX_phe_L(e)','PHETA1'
'EX_glyphe(e)','EX_phe_L(e)','PPNDH'
'EX_glyphe(e)','PHETA1','PHEt2r'
'EX_glyphe(e)','PHEt2r','PPNDH'
'EX_glytyr(e)','EX_tyr_L(e)','LARGNAT'
'EX_glytyr(e)','EX_tyr_L(e)','PSCVT'
'EX_glytyr(e)','EX_tyr_L(e)','SHK3Dr'
'EX_glytyr(e)','EX_tyr_L(e)','SHKK'
'EX_glytyr(e)','LARGNAT','TYRt2r'
'EX_glytyr(e)','PSCVT','TYRt2r'
'EX_glytyr(e)','SHK3Dr','TYRt2r'
'EX_glytyr(e)','SHKK','TYRt2r'
'EX_gua(e)','EX_rib_D(e)','RPE'
'EX_gua(e)','EX_rib_D(e)','RPI'
'EX_gua(e)','EX_rib_D(e)','TKT2'
'EX_gua(e)','GMPS2','r1384'
'EX_gua(e)','RBK','RPE'
'EX_gua(e)','RBK','RPI'
'EX_gua(e)','RBK','TKT2'
'EX_gua(e)','RIBabc','RPE'
'EX_gua(e)','RIBabc','RPI'
'EX_gua(e)','RIBabc','TKT2'
'EX_phe_L(e)','GLYPHEHYc','PHETA1'
'EX_phe_L(e)','GLYPHEHYc','PPNDH'
'EX_phe_L(e)','GLYPHEabc','PHETA1'
'EX_phe_L(e)','GLYPHEabc','PPNDH'
'EX_pi(e)','GLYC3Pabc','GLYC3Pt'
'EX_ptrc(e)','ORNDC','UREA'
'EX_rib_D(e)','GUAt','RPE'
'EX_rib_D(e)','GUAt','RPI'
'EX_rib_D(e)','GUAt','TKT2'
'EX_ser_L(e)','GHMT2r','PGCDr'
'EX_ser_L(e)','GHMT2r','PSERT'
'EX_ser_L(e)','GHMT2r','PSP_L'
'EX_trp_L(e)','TRPS1','TRPS2'
'EX_trp_L(e)','TRPS1','TRPS3'
'EX_tyr_L(e)','GLYTYR1c','LARGNAT'
'EX_tyr_L(e)','GLYTYR1c','PSCVT'
'EX_tyr_L(e)','GLYTYR1c','SHK3Dr'
'EX_tyr_L(e)','GLYTYR1c','SHKK'
'EX_tyr_L(e)','GLYTYRabc','LARGNAT'
'EX_tyr_L(e)','GLYTYRabc','PSCVT'
'EX_tyr_L(e)','GLYTYRabc','SHK3Dr'
'EX_tyr_L(e)','GLYTYRabc','SHKK'
'EX_val_L(e)','KARA1','KARA3'
'EX_val_L(e)','VALTA','VPAMTr'
'FTHFL','MTHFD','MTHFD2'
'GHMT2r','PGCDr','SERt2r'
'GHMT2r','PSERT','SERt2r'
'GHMT2r','PSP_L','SERt2r'
'GLYPHEHYc','PHETA1','PHEt2r'
'GLYPHEHYc','PHEt2r','PPNDH'
'GLYPHEabc','PHETA1','PHEt2r'
'GLYPHEabc','PHEt2r','PPNDH'
'GLYTYR1c','LARGNAT','TYRt2r'
'GLYTYR1c','PSCVT','TYRt2r'
'GLYTYR1c','SHK3Dr','TYRt2r'
'GLYTYR1c','SHKK','TYRt2r'
'GLYTYRabc','LARGNAT','TYRt2r'
'GLYTYRabc','PSCVT','TYRt2r'
'GLYTYRabc','SHK3Dr','TYRt2r'
'GLYTYRabc','SHKK','TYRt2r'
'GUAPRT','IMPD','XPPT'
'GUAt','RBK','RPE'
'GUAt','RBK','RPI'
'GUAt','RBK','TKT2'
'GUAt','RIBabc','RPE'
'GUAt','RIBabc','RPI'
'GUAt','RIBabc','TKT2'
'H2CO3D','MALCOAPYRCT','MMSAD5'
'HKt','Kt1r','ZN2t4'
'HKt','Kt1r','ZNabc'
'HSERTA','METAT','SHSL4r'
'IPDDI','IPDPS','IPDPS2'
'KARA1','KARA3','VALt2r'
'LPAMMBT2','OIVD1r','OIVD3'
'NADS1','NADS2','NMNAT'
'NADS1','NADS2','r0527'
'NDPK9','PEPCK','PGM'
'OAACLi','PEPCK','PGM'
'ORNDC','PTRCabc','UREA'
'PPM','RBK','RPE'
'PPM','RBK','RPI'
'PPM','RBK','TKT2'
'PSCVT','RPE','TALA'
'PSCVT','RPI','TALA'
'RPE','SHK3Dr','TALA'
'RPE','SHKK','TALA'
'RPI','SHK3Dr','TALA'
'RPI','SHKK','TALA'
'TRPS1','TRPS2','TRPt2r'
'TRPS1','TRPS3','TRPt2r'
'VALTA','VALt2r','VPAMTr'
