ECSP_1060,ECSP_0253,ECSP_4876
ECSP_5166,ECSP_0117,ECSP_0771
ECSP_5166,ECSP_0117,ECSP_0770
ECSP_5166,ECSP_0769,ECSP_0771
ECSP_5166,ECSP_0769,ECSP_0770
ECSP_5166,ECSP_0768,ECSP_0771
ECSP_5166,ECSP_0768,ECSP_0770
ECSP_0117,ECSP_3495,ECSP_0603
ECSP_0117,ECSP_0603,ECSP_3880
ECSP_0117,ECSP_0603,ECSP_5470
ECSP_0117,ECSP_3886,ECSP_0771
ECSP_0117,ECSP_3886,ECSP_0770
ECSP_0769,ECSP_3886,ECSP_0771
ECSP_0769,ECSP_3886,ECSP_0770
ECSP_0768,ECSP_3886,ECSP_0771
ECSP_0768,ECSP_3886,ECSP_0770
ECSP_3495,ECSP_0975,ECSP_4614
ECSP_3495,ECSP_0975,ECSP_4613
ECSP_3495,ECSP_3871,ECSP_0603
ECSP_3495,ECSP_3870,ECSP_0603
ECSP_3495,ECSP_3872,ECSP_0603
ECSP_3495,ECSP_5084,ECSP_5025
ECSP_3495,ECSP_5025,ECSP_0763
ECSP_3495,ECSP_5025,ECSP_0766
ECSP_3495,ECSP_5025,ECSP_0765
ECSP_3495,ECSP_5025,ECSP_0764
ECSP_3329,ECSP_3164,ECSP_4568
ECSP_0590,ECSP_5084,ECSP_5025
ECSP_0590,ECSP_5025,ECSP_0763
ECSP_0590,ECSP_5025,ECSP_0766
ECSP_0590,ECSP_5025,ECSP_0765
ECSP_0590,ECSP_5025,ECSP_0764
allB,ECSP_5084,ECSP_5025
allB,ECSP_5025,ECSP_0763
allB,ECSP_5025,ECSP_0766
allB,ECSP_5025,ECSP_0765
allB,ECSP_5025,ECSP_0764
ECSP_4781,ECSP_2351,ECSP_2424
ECSP_4781,ECSP_2351,ECSP_2425
ECSP_4781,ECSP_2351,ECSP_4982
ECSP_4781,ECSP_2424,ECSP_3892
ECSP_4781,ECSP_2425,ECSP_3892
ECSP_4781,ECSP_3892,ECSP_4982
ECSP_4782,ECSP_2351,ECSP_2424
ECSP_4782,ECSP_2351,ECSP_2425
ECSP_4782,ECSP_2351,ECSP_4982
ECSP_4782,ECSP_2424,ECSP_3892
ECSP_4782,ECSP_2425,ECSP_3892
ECSP_4782,ECSP_3892,ECSP_4982
ECSP_4786,ECSP_2351,ECSP_2424
ECSP_4786,ECSP_2351,ECSP_2425
ECSP_4786,ECSP_2351,ECSP_4982
ECSP_4786,ECSP_2424,ECSP_3892
ECSP_4786,ECSP_2425,ECSP_3892
ECSP_4786,ECSP_3892,ECSP_4982
ECSP_4788,ECSP_2351,ECSP_2424
ECSP_4788,ECSP_2351,ECSP_2425
ECSP_4788,ECSP_2351,ECSP_4982
ECSP_4788,ECSP_2424,ECSP_3892
ECSP_4788,ECSP_2425,ECSP_3892
ECSP_4788,ECSP_3892,ECSP_4982
ECSP_4783,ECSP_2351,ECSP_2424
ECSP_4783,ECSP_2351,ECSP_2425
ECSP_4783,ECSP_2351,ECSP_4982
ECSP_4783,ECSP_2424,ECSP_3892
ECSP_4783,ECSP_2425,ECSP_3892
ECSP_4783,ECSP_3892,ECSP_4982
ECSP_4785,ECSP_2351,ECSP_2424
ECSP_4785,ECSP_2351,ECSP_2425
ECSP_4785,ECSP_2351,ECSP_4982
ECSP_4785,ECSP_2424,ECSP_3892
ECSP_4785,ECSP_2425,ECSP_3892
ECSP_4785,ECSP_3892,ECSP_4982
ECSP_4787,ECSP_2351,ECSP_2424
ECSP_4787,ECSP_2351,ECSP_2425
ECSP_4787,ECSP_2351,ECSP_4982
ECSP_4787,ECSP_2424,ECSP_3892
ECSP_4787,ECSP_2425,ECSP_3892
ECSP_4787,ECSP_3892,ECSP_4982
ECSP_4784,ECSP_2351,ECSP_2424
ECSP_4784,ECSP_2351,ECSP_2425
ECSP_4784,ECSP_2351,ECSP_4982
ECSP_4784,ECSP_2424,ECSP_3892
ECSP_4784,ECSP_2425,ECSP_3892
ECSP_4784,ECSP_3892,ECSP_4982
ECSP_4868,ECSP_5344,ECSP_4452
ECSP_4868,ECSP_5344,ECSP_4453
ECSP_4868,ECSP_5344,ECSP_4451
ECSP_4868,ECSP_5344,ECSP_4454
ECSP_4868,ECSP_5344,ECSP_4450
ECSP_0399,ECSP_1014,ECSP_3692
ECSP_4600,ECSP_0582,ECSP_5083
ECSP_3546,ECSP_0806,ECSP_2271
ECSP_4829,ECSP_3529,ECSP_4480
ECSP_2176,ECSP_2175,ECSP_5025
ECSP_2351,ECSP_5084,ECSP_2269
ECSP_2351,ECSP_2269,ECSP_0763
ECSP_2351,ECSP_2269,ECSP_0766
ECSP_2351,ECSP_2269,ECSP_0765
ECSP_2351,ECSP_2269,ECSP_0764
ECSP_2351,ECSP_3881,ECSP_4982
ECSP_3731,ECSP_5083,ECSP_2269
ECSP_3731,ECSP_4353,ECSP_2269
ECSP_2426,ECSP_4392,ECSP_4335
ECSP_3871,ECSP_0603,ECSP_3880
ECSP_3871,ECSP_0603,ECSP_5470
ECSP_3870,ECSP_0603,ECSP_3880
ECSP_3870,ECSP_0603,ECSP_5470
ECSP_3872,ECSP_0603,ECSP_3880
ECSP_3872,ECSP_0603,ECSP_5470
ECSP_4392,ECSP_0820,ECSP_4335
ECSP_4480,ECSP_3107,ECSP_5339
ECSP_4480,ECSP_3108,ECSP_5339
ECSP_3838,ECSP_5084,ECSP_5025
ECSP_3838,ECSP_5025,ECSP_0763
ECSP_3838,ECSP_5025,ECSP_0766
ECSP_3838,ECSP_5025,ECSP_0765
ECSP_3838,ECSP_5025,ECSP_0764
ECSP_3837,ECSP_5084,ECSP_5025
ECSP_3837,ECSP_5025,ECSP_0763
ECSP_3837,ECSP_5025,ECSP_0766
ECSP_3837,ECSP_5025,ECSP_0765
ECSP_3837,ECSP_5025,ECSP_0764
ECSP_3836,ECSP_5084,ECSP_5025
ECSP_3836,ECSP_5025,ECSP_0763
ECSP_3836,ECSP_5025,ECSP_0766
ECSP_3836,ECSP_5025,ECSP_0765
ECSP_3836,ECSP_5025,ECSP_0764
ECSP_5084,ECSP_0603,ECSP_5025
ECSP_5084,ECSP_3880,ECSP_5025
ECSP_5084,ECSP_3892,ECSP_2269
ECSP_5084,ECSP_5025,ECSP_5470
ECSP_5084,ECSP_5025,ECSP_0580
ECSP_4345,ECSP_0150,ECSP_3463
ECSP_0818,ECSP_4980,ECSP_3372
ECSP_4980,ECSP_3372,ECSP_0816
ECSP_4980,ECSP_3372,ECSP_0817
ECSP_0603,ECSP_1006,ECSP_5020
ECSP_0603,ECSP_1006,ECSP_5021
ECSP_0603,ECSP_5025,ECSP_0763
ECSP_0603,ECSP_5025,ECSP_0766
ECSP_0603,ECSP_5025,ECSP_0765
ECSP_0603,ECSP_5025,ECSP_0764
ECSP_1798,ECSP_4030,ECSP_0941
ECSP_2291,ECSP_4978,ECSP_4982
ECSP_3880,ECSP_5025,ECSP_0763
ECSP_3880,ECSP_5025,ECSP_0766
ECSP_3880,ECSP_5025,ECSP_0765
ECSP_3880,ECSP_5025,ECSP_0764
ECSP_3892,ECSP_2269,ECSP_0763
ECSP_3892,ECSP_2269,ECSP_0766
ECSP_3892,ECSP_2269,ECSP_0765
ECSP_3892,ECSP_2269,ECSP_0764
ECSP_3892,ECSP_3881,ECSP_4982
ECSP_3966,ECSP_4473,ECSP_4769
ECSP_3966,ECSP_4473,ECSP_4770
ECSP_3966,ECSP_4473,ECSP_4768
ECSP_3966,ECSP_4473,ECSP_4767
ECSP_5025,ECSP_5470,ECSP_0763
ECSP_5025,ECSP_5470,ECSP_0766
ECSP_5025,ECSP_5470,ECSP_0765
ECSP_5025,ECSP_5470,ECSP_0764
ECSP_5025,ECSP_0763,ECSP_0580
ECSP_5025,ECSP_0766,ECSP_0580
ECSP_5025,ECSP_0765,ECSP_0580
ECSP_5025,ECSP_0764,ECSP_0580
ECSP_3107,ECSP_3623,ECSP_5339
ECSP_3107,ECSP_3624,ECSP_5339
ECSP_3108,ECSP_3623,ECSP_5339
ECSP_3108,ECSP_3624,ECSP_5339
ECSP_3623,ECSP_5339,ECSP_0993
ECSP_3624,ECSP_5339,ECSP_0993
ECSP_3881,ECSP_3402,ECSP_0008
