[
  {
    "'SSON_2996'": "'SSON_0958'",
    "'SSON_0958'": "'SSON_4019'"
  },
  {
    "'SSON_2996'": "'SSON_0958'",
    "'SSON_0958'": "'SSON_0440'"
  },
  {
    "'SSON_2996'": "'SSON_3345'",
    "'SSON_0958'": "'SSON_2852'"
  },
  {
    "'SSON_2996'": "'SSON_3625'",
    "'SSON_0958'": "'SSON_0085'"
  },
  {
    "'SSON_2996'": "'SSON_3625'",
    "'SSON_0958'": "'SSON_0084'"
  },
  {
    "'SSON_2996'": "'SSON_3624'",
    "'SSON_0958'": "'SSON_0085'"
  },
  {
    "'SSON_2996'": "'SSON_3624'",
    "'SSON_0958'": "'SSON_0084'"
  },
  {
    "'SSON_2996'": "'SSON_1299'",
    "'SSON_0958'": "'SSON_2582'"
  },
  {
    "'SSON_2996'": "'SSON_0126'",
    "'SSON_0958'": "'SSON_1864'"
  },
  {
    "'SSON_2996'": "'SSON_1110'",
    "'SSON_0958'": "'SSON_4221'"
  },
  {
    "'SSON_2996'": "'SSON_0461'",
    "'SSON_0958'": "'SSON_2600'"
  },
  {
    "'SSON_2996'": "'SSON_0461'",
    "'SSON_0958'": "'SSON_4534'"
  },
  {
    "'SSON_2996'": "'SSON_0461'",
    "'SSON_0958'": "'SSON_1971'"
  },
  {
    "'SSON_2996'": "'SSON_0461'",
    "'SSON_0958'": "'SSON_4270'"
  },
  {
    "'SSON_2996'": "'SSON_0356'",
    "'SSON_0958'": "'SSON_0100'"
  },
  {
    "'SSON_2996'": "'SSON_4233'",
    "'SSON_0958'": "'SSON_1182'"
  },
  {
    "'SSON_2996'": "'SSON_2634'",
    "'SSON_0958'": "'SSON_3065'"
  },
  {
    "'SSON_2996'": "'SSON_2634'",
    "'SSON_0958'": "'SSON_4538'"
  },
  {
    "'SSON_2996'": "'SSON_2347'",
    "'SSON_0958'": "'SSON_2470'"
  },
  {
    "'SSON_2996'": "'SSON_3196'",
    "'SSON_0958'": "'SSON_4221'"
  },
  {
    "'SSON_2996'": "'SSON_0627'",
    "'SSON_0958'": "'SSON_3875'"
  },
  {
    "'SSON_2996'": "'SSON_4114'",
    "'SSON_0958'": "'SSON_0002'"
  },
  {
    "'SSON_2996'": "'SSON_1572'",
    "'SSON_0958'": "'SSON_0167'"
  },
  {
    "'SSON_2996'": "'SSON_2525'",
    "'SSON_0958'": "'SSON_4039'"
  },
  {
    "'SSON_2996'": "'SSON_3151'",
    "'SSON_0958'": "'SSON_1536'"
  },
  {
    "'SSON_2996'": "'SSON_2510'",
    "'SSON_0958'": "'SSON_2503'"
  },
  {
    "'SSON_2996'": "'SSON_0912'",
    "'SSON_0958'": "'SSON_2892'"
  },
  {
    "'SSON_2996'": "'SSON_0912'",
    "'SSON_0958'": "'SSON_0183'"
  },
  {
    "'SSON_2996'": "'SSON_1554'",
    "'SSON_0958'": "'SSON_0056'"
  },
  {
    "'SSON_2996'": "'SSON_1384'",
    "'SSON_0958'": "'SSON_3079'"
  },
  {
    "'SSON_2996'": "'SSON_1843'",
    "'SSON_0958'": "'SSON_4042'"
  },
  {
    "'SSON_2996'": "'SSON_1395'",
    "'SSON_0958'": "'SSON_3360'"
  },
  {
    "'SSON_2996'": "'SSON_1395'",
    "'SSON_0958'": "'SSON_3361'"
  },
  {
    "'SSON_2996'": "'SSON_2100'",
    "'SSON_0958'": "'SSON_3517'"
  },
  {
    "'SSON_2996'": "'SSON_3735'",
    "'SSON_0958'": "'SSON_0889'"
  },
  {
    "'SSON_2996'": "'SSON_0280'",
    "'SSON_0958'": "'SSON_2590'"
  },
  {
    "'SSON_2996'": "'SSON_3017'",
    "'SSON_0958'": "'SSON_2590'"
  },
  {
    "'SSON_2996'": "'SSON_3019'",
    "'SSON_0958'": "'SSON_2590'"
  },
  {
    "'SSON_2996'": "'SSON_3018'",
    "'SSON_0958'": "'SSON_2590'"
  },
  {
    "'SSON_2996'": "'SSON_2611'",
    "'SSON_0958'": "'SSON_1475'"
  },
  {
    "'SSON_2996'": "'SSON_2611'",
    "'SSON_0958'": "'SSON_1473'"
  },
  {
    "'SSON_2996'": "'SSON_2611'",
    "'SSON_0958'": "'SSON_1474'"
  },
  {
    "'SSON_2996'": "'SSON_2611'",
    "'SSON_0958'": "'SSON_1476'"
  },
  {
    "'SSON_2996'": "'SSON_2611'",
    "'SSON_0958'": "'SSON_1477'"
  },
  {
    "'SSON_2996'": "'SSON_2611'",
    "'SSON_0958'": "'SSON_1472'"
  },
  {
    "'SSON_2996'": "'SSON_2610'",
    "'SSON_0958'": "'SSON_1475'"
  },
  {
    "'SSON_2996'": "'SSON_2610'",
    "'SSON_0958'": "'SSON_1473'"
  },
  {
    "'SSON_2996'": "'SSON_2610'",
    "'SSON_0958'": "'SSON_1474'"
  },
  {
    "'SSON_2996'": "'SSON_2610'",
    "'SSON_0958'": "'SSON_1476'"
  },
  {
    "'SSON_2996'": "'SSON_2610'",
    "'SSON_0958'": "'SSON_1477'"
  },
  {
    "'SSON_2996'": "'SSON_2610'",
    "'SSON_0958'": "'SSON_1472'"
  },
  {
    "'SSON_2996'": "'SSON_4187'",
    "'SSON_0958'": "'SSON_4129'"
  },
  {
    "'SSON_2996'": "'SSON_4186'",
    "'SSON_0958'": "'SSON_4129'"
  },
  {
    "'SSON_2996'": "'SSON_4003'",
    "'SSON_0958'": "'SSON_4190'"
  },
  {
    "'SSON_2996'": "'SSON_2511'",
    "'SSON_0958'": "'SSON_0715'"
  },
  {
    "'SSON_2996'": "'SSON_2511'",
    "'SSON_0958'": "'SSON_0717'"
  },
  {
    "'SSON_2996'": "'SSON_2511'",
    "'SSON_0958'": "'SSON_0716'"
  },
  {
    "'SSON_2996'": "'SSON_2513'",
    "'SSON_0958'": "'SSON_0715'"
  },
  {
    "'SSON_2996'": "'SSON_2513'",
    "'SSON_0958'": "'SSON_0717'"
  },
  {
    "'SSON_2996'": "'SSON_2513'",
    "'SSON_0958'": "'SSON_0716'"
  },
  {
    "'SSON_2996'": "'SSON_0715'",
    "'SSON_0958'": "'SSON_2512'"
  },
  {
    "'SSON_2996'": "'SSON_0717'",
    "'SSON_0958'": "'SSON_2512'"
  },
  {
    "'SSON_2996'": "'SSON_0716'",
    "'SSON_0958'": "'SSON_2512'"
  },
  {
    "'SSON_2996'": "'SSON_0489'",
    "'SSON_0958'": "'SSON_0903'"
  },
  {
    "'SSON_2996'": "'SSON_3132'",
    "'SSON_0958'": "'SSON_3909'"
  },
  {
    "'SSON_2996'": "'SSON_3132'",
    "'SSON_0958'": "'SSON_3908'"
  },
  {
    "'SSON_2996'": "'SSON_3132'",
    "'SSON_0958'": "'SSON_3907'"
  },
  {
    "'SSON_2996'": "'SSON_3132'",
    "'SSON_0958'": "'SSON_3906'"
  },
  {
    "'SSON_2996'": "'SSON_4129'",
    "'SSON_0958'": "'SSON_0675'"
  },
  {
    "'SSON_2996'": "'SSON_4129'",
    "'SSON_0958'": "'SSON_0672'"
  },
  {
    "'SSON_2996'": "'SSON_4129'",
    "'SSON_0958'": "'SSON_0673'"
  },
  {
    "'SSON_2996'": "'SSON_4129'",
    "'SSON_0958'": "'SSON_0674'"
  },
  {
    "'SSON_2996'": "'SSON_4534'",
    "'SSON_0958'": "'SSON_1971'"
  },
  {
    "'SSON_2996'": "'SSON_1971'",
    "'SSON_0958'": "'SSON_4270'"
  },
  {
    "'SSON_2996'": "'SSON_1462'",
    "'SSON_0958'": "'SSON_3422'"
  },
  {
    "'SSON_2996'": "'SSON_3517'",
    "'SSON_0958'": "'SSON_3066'"
  },
  {
    "'SSON_2996'": "'SSON_3521'",
    "'SSON_0958'": "'SSON_0364'"
  },
  {
    "'SSON_2996'": "'SSON_3274'",
    "'SSON_0958'": "'SSON_3943'"
  }
]