[
  {
    "'g.2746.peg.288'": "'g.2746.peg.389'",
    "'644284.3.peg.1304'": "'644284.3.peg.1304'"
  },
  {
    "'g.2746.peg.288'": "'g.2746.peg.336'",
    "'644284.3.peg.1304'": "'644284.3.peg.1396'"
  },
  {
    "'g.2746.peg.288'": "'644284.3.peg.1330'",
    "'644284.3.peg.1304'": "'g.2746.peg.512'"
  },
  {
    "'g.2746.peg.288'": "'644284.3.peg.1330'",
    "'644284.3.peg.1304'": "'g.2746.peg.1283'"
  },
  {
    "'g.2746.peg.288'": "'644284.3.peg.1330'",
    "'644284.3.peg.1304'": "'g.2746.peg.1230'"
  },
  {
    "'g.2746.peg.288'": "'644284.3.peg.1330'",
    "'644284.3.peg.1304'": "'g.2746.peg.1122'"
  },
  {
    "'g.2746.peg.288'": "'644284.3.peg.1302'",
    "'644284.3.peg.1304'": "'g.2746.peg.1100'"
  },
  {
    "'g.2746.peg.288'": "'g.2746.peg.594'",
    "'644284.3.peg.1304'": "'g.2746.peg.132'"
  },
  {
    "'g.2746.peg.288'": "'g.2746.peg.564'",
    "'644284.3.peg.1304'": "'g.2746.peg.401'"
  },
  {
    "'g.2746.peg.288'": "'g.2746.peg.564'",
    "'644284.3.peg.1304'": "'g.2746.peg.64'"
  },
  {
    "'g.2746.peg.288'": "'g.2746.peg.1255'",
    "'644284.3.peg.1304'": "'644284.3.peg.584'"
  },
  {
    "'g.2746.peg.288'": "'g.2746.peg.1100'",
    "'644284.3.peg.1304'": "'644284.3.peg.1247'"
  },
  {
    "'g.2746.peg.288'": "'g.2746.peg.956'",
    "'644284.3.peg.1304'": "'644284.3.peg.584'"
  },
  {
    "'g.2746.peg.288'": "'g.2746.peg.307'",
    "'644284.3.peg.1304'": "'g.2746.peg.1573'"
  },
  {
    "'g.2746.peg.288'": "'644284.3.peg.1276'",
    "'644284.3.peg.1304'": "'g.2746.peg.81'"
  },
  {
    "'g.2746.peg.288'": "'644284.3.peg.422'",
    "'644284.3.peg.1304'": "'644284.3.peg.423'"
  },
  {
    "'g.2746.peg.288'": "'g.2746.peg.1162'",
    "'644284.3.peg.1304'": "'g.2746.peg.926'"
  },
  {
    "'g.2746.peg.288'": "'g.2746.peg.1599'",
    "'644284.3.peg.1304'": "'g.2746.peg.1685'"
  },
  {
    "'g.2746.peg.288'": "'g.2746.peg.1589'",
    "'644284.3.peg.1304'": "'g.2746.peg.408'"
  },
  {
    "'g.2746.peg.288'": "'g.2746.peg.334'",
    "'644284.3.peg.1304'": "'g.2746.peg.542'"
  },
  {
    "'g.2746.peg.288'": "'g.2746.peg.1230'",
    "'644284.3.peg.1304'": "'644284.3.peg.584'"
  },
  {
    "'g.2746.peg.288'": "'644284.3.peg.1396'",
    "'644284.3.peg.1304'": "'g.2746.peg.235'"
  },
  {
    "'g.2746.peg.288'": "'g.2746.peg.47'",
    "'644284.3.peg.1304'": "'g.2746.peg.485'"
  },
  {
    "'g.2746.peg.288'": "'g.2746.peg.1107'",
    "'644284.3.peg.1304'": "'g.2746.peg.1437'"
  },
  {
    "'g.2746.peg.288'": "'644284.3.peg.1120'",
    "'644284.3.peg.1304'": "'g.2746.peg.1187'"
  },
  {
    "'g.2746.peg.288'": "'644284.3.peg.1061'",
    "'644284.3.peg.1304'": "'644284.3.peg.752'"
  },
  {
    "'g.2746.peg.288'": "'g.2746.peg.1078'",
    "'644284.3.peg.1304'": "'g.2746.peg.1671'"
  },
  {
    "'g.2746.peg.288'": "'g.2746.peg.1241'",
    "'644284.3.peg.1304'": "'g.2746.peg.1486'"
  },
  {
    "'g.2746.peg.288'": "'g.2746.peg.1323'",
    "'644284.3.peg.1304'": "'g.2746.peg.1526'"
  },
  {
    "'g.2746.peg.288'": "'g.2746.peg.100'",
    "'644284.3.peg.1304'": "'g.2746.peg.1638'"
  },
  {
    "'g.2746.peg.288'": "'g.2746.peg.1119'",
    "'644284.3.peg.1304'": "'g.2746.peg.183'"
  },
  {
    "'g.2746.peg.288'": "'g.2746.peg.1197'",
    "'644284.3.peg.1304'": "'g.2746.peg.48'"
  },
  {
    "'g.2746.peg.288'": "'g.2746.peg.1551'",
    "'644284.3.peg.1304'": "'g.2746.peg.973'"
  },
  {
    "'g.2746.peg.288'": "'g.2746.peg.1694'",
    "'644284.3.peg.1304'": "'g.2746.peg.515'"
  }
]