'23DHMPO','EX_ile_L(e)','KARA2'
'23DHMPO','ILETA','KARA2'
'2AHBUTI','EX_ile_L(e)','KARA2'
'2AHBUTI','ILETA','KARA2'
'3HAD140','TTDCAt2','TTDCAtr'
'3HAD160','EX_ocdca(e)','FACOAL160'
'3HAD160','EX_ocdca(e)','PMTCOATA'
'3HAD160','FACOAL160','FACOAL180'
'3HAD160','FACOAL180','PMTCOATA'
'3HAD180','ACOAAGPAT180','STCOATA'
'3HAD180','OCDCAt2','OCDCAtr'
'3HAD180','SGAT','STCOATA'
'3OAR180','ACOAAGPAT180','STCOATA'
'3OAR180','OCDCAt2','OCDCAtr'
'3OAR180','SGAT','STCOATA'
'3OAS180','ACOAAGPAT180','STCOATA'
'3OAS180','OCDCAt2','OCDCAtr'
'3OAS180','SGAT','STCOATA'
'5DOAN','CPPPGO','DM_dad_5'
'5DOAN','DM_dad_5','EX_o2(e)'
'5DOAN','DM_dad_5','O2t'
'5MTAte','EX_spmd(e)','MTAN'
'5MTAte','MTAN','SPMDabc'
'ACGK','EX_arg_L(e)','EX_orn(e)'
'ACHBPL','ILEabc','ILEt2r'
'ACHBPL','METS','OBTFL'
'ACLS_b','VALabc','VALt2r'
'ACOAAGPAT180','EAR180x','STCOATA'
'ACOTA','EX_arg_L(e)','EX_orn(e)'
'ADK5','NDPK3','UMPK'
'ADK8','NDPK7','RNTR3'
'ADK9','NDPK5','RNTR2'
'ADPT','PUNP1','PUNP2'
'AGDC','EX_gam(e)','GF6PTA'
'AGMT','EX_ptrc(e)','ORNDC'
'AGPAT180','FACOAL180','STCOATA'
'AGPR','EX_arg_L(e)','EX_orn(e)'
'AHMMPS','AMPMS2','EX_thm(e)'
'AHMMPS','AMPMS2','THMabc'
'AHMMPS','EX_fe3(e)','EX_o2(e)'
'AHMMPS','EX_fe3(e)','O2t'
'AICART','ALAHIS1c','EX_his_L(e)'
'AICART','ALAHIS1c','HISabc'
'AICART','ALAHISabc','EX_his_L(e)'
'AICART','ALAHISabc','HISabc'
'AICART','EX_alahis(e)','EX_his_L(e)'
'AICART','EX_alahis(e)','HISabc'
'ALACI','EX_val_L(e)','KARA1'
'ALAHIS1c','ATPPRT','EX_his_L(e)'
'ALAHIS1c','ATPPRT','HISabc'
'ALAHIS1c','EX_his_L(e)','HISTP'
'ALAHIS1c','EX_his_L(e)','HSTPTr'
'ALAHIS1c','EX_his_L(e)','IG3PS'
'ALAHIS1c','EX_his_L(e)','IGPDH'
'ALAHIS1c','EX_his_L(e)','IMPC'
'ALAHIS1c','EX_his_L(e)','PRAMPC'
'ALAHIS1c','EX_his_L(e)','PRATPP'
'ALAHIS1c','EX_his_L(e)','PRMICI'
'ALAHIS1c','HISTP','HISabc'
'ALAHIS1c','HISabc','HSTPTr'
'ALAHIS1c','HISabc','IG3PS'
'ALAHIS1c','HISabc','IGPDH'
'ALAHIS1c','HISabc','IMPC'
'ALAHIS1c','HISabc','PRAMPC'
'ALAHIS1c','HISabc','PRATPP'
'ALAHIS1c','HISabc','PRMICI'
'ALAHISabc','ATPPRT','EX_his_L(e)'
'ALAHISabc','ATPPRT','HISabc'
'ALAHISabc','EX_his_L(e)','HISTP'
'ALAHISabc','EX_his_L(e)','HSTPTr'
'ALAHISabc','EX_his_L(e)','IG3PS'
'ALAHISabc','EX_his_L(e)','IGPDH'
'ALAHISabc','EX_his_L(e)','IMPC'
'ALAHISabc','EX_his_L(e)','PRAMPC'
'ALAHISabc','EX_his_L(e)','PRATPP'
'ALAHISabc','EX_his_L(e)','PRMICI'
'ALAHISabc','HISTP','HISabc'
'ALAHISabc','HISabc','HSTPTr'
'ALAHISabc','HISabc','IG3PS'
'ALAHISabc','HISabc','IGPDH'
'ALAHISabc','HISabc','IMPC'
'ALAHISabc','HISabc','PRAMPC'
'ALAHISabc','HISabc','PRATPP'
'ALAHISabc','HISabc','PRMICI'
'ALATHR1c','EX_thr_L(e)','HSK'
'ALATHR1c','EX_thr_L(e)','THRS'
'ALATHR1c','HSK','THRt2r'
'ALATHR1c','THRS','THRt2r'
'ALATHRabc','EX_thr_L(e)','HSK'
'ALATHRabc','EX_thr_L(e)','THRS'
'ALATHRabc','HSK','THRt2r'
'ALATHRabc','THRS','THRt2r'
'AMPMS2','EX_thm(e)','HMPK1'
'AMPMS2','HMPK1','THMabc'
'ANPRT','EX_indole(e)','EX_trp_L(e)'
'ANPRT','EX_indole(e)','TRPt2r'
'ANPRT','EX_trp_L(e)','INDOLEt2r'
'ANPRT','EX_trp_L(e)','TRPS2'
'ANPRT','INDOLEt2r','TRPt2r'
'ANPRT','TRPS2','TRPt2r'
'ARGDC','EX_ptrc(e)','ORNDC'
'ASPO5','ASPO6','NAPRT'
'ATPPRT','EX_alahis(e)','EX_his_L(e)'
'ATPPRT','EX_alahis(e)','HISabc'
'CBMK','CBPS','EX_arg_L(e)'
'CPPPGO','DM_5DRIB','DM_dad_5'
'CTPS1','CTPS2','CYTDt2r'
'CTPS1','CTPS2','CYTK1'
'CTPS1','CTPS2','EX_cytd(e)'
'CYSTGL','METS','SHSL1r'
'CYSTGL','METS','SHSL4r'
'CYTD','CYTDt2r','CYTK1'
'CYTD','CYTK1','EX_cytd(e)'
'CYTDt2r','NDPK2','UTPATPT'
'CYTK1','NDPK2','UTPATPT'
'DAPDC','LYSabc','LYSt2r'
'DCTPD2','NDPK2','UTPATPT'
'DGSNt2','EX_gsn(e)','GMPS2'
'DGSNt2','GMPS2','GSNt2r'
'DHAD1','VALabc','VALt2r'
'DHAD2','ILEabc','ILEt2r'
'DHAD2','METS','OBTFL'
'DHNPA2','DHPS','FOLD3'
'DHNPA2','DHPS','HPPK'
'DHPS','DHPS2','FOLD3'
'DHPS','DHPS2','HPPK'
'DHPS','FOLD3','HPPK2'
'DHPS','HPPK','HPPK2'
'DMPPS','DMPPS2r','IPDDI'
'DMSORdmq','FRD3','TMAOR2e'
'DM_4HBA','EX_fe3(e)','EX_o2(e)'
'DM_4HBA','EX_fe3(e)','O2t'
'DM_5DRIB','DM_dad_5','EX_o2(e)'
'DM_5DRIB','DM_dad_5','O2t'
'DM_GCALD','EX_gcald(e)','EX_glyclt(e)'
'DM_GCALD','EX_gcald(e)','GCALDDr'
'DM_GCALD','EX_gcald(e)','GLYCLTt2r'
'DM_GCALD','EX_glyclt(e)','GCALDt'
'DM_GCALD','GCALDDr','GCALDt'
'DM_GCALD','GCALDt','GLYCLTt2r'
'DM_kdo2lipid4L(c)','RPI','TKT1'
'DURIK1','EX_uri(e)','UMPK'
'DURIK1','UMPK','URIt2r'
'DURIPP','EX_uri(e)','UMPK'
'DURIPP','UMPK','URIt2r'
'EAR140x','TTDCAt2','TTDCAtr'
'EAR160x','EX_ocdca(e)','FACOAL160'
'EAR160x','EX_ocdca(e)','PMTCOATA'
'EAR160x','FACOAL160','FACOAL180'
'EAR160x','FACOAL180','PMTCOATA'
'EAR180x','OCDCAt2','OCDCAtr'
'EAR180x','SGAT','STCOATA'
'EX_5mta(e)','EX_spmd(e)','MTAN'
'EX_5mta(e)','MTAN','SPMDabc'
'EX_acgam(e)','EX_gam(e)','GF6PTA'
'EX_alahis(e)','EX_his_L(e)','HISTP'
'EX_alahis(e)','EX_his_L(e)','HSTPTr'
'EX_alahis(e)','EX_his_L(e)','IG3PS'
'EX_alahis(e)','EX_his_L(e)','IGPDH'
'EX_alahis(e)','EX_his_L(e)','IMPC'
'EX_alahis(e)','EX_his_L(e)','PRAMPC'
'EX_alahis(e)','EX_his_L(e)','PRATPP'
'EX_alahis(e)','EX_his_L(e)','PRMICI'
'EX_alahis(e)','HISTP','HISabc'
'EX_alahis(e)','HISabc','HSTPTr'
'EX_alahis(e)','HISabc','IG3PS'
'EX_alahis(e)','HISabc','IGPDH'
'EX_alahis(e)','HISabc','IMPC'
'EX_alahis(e)','HISabc','PRAMPC'
'EX_alahis(e)','HISabc','PRATPP'
'EX_alahis(e)','HISabc','PRMICI'
'EX_alathr(e)','EX_thr_L(e)','HSK'
'EX_alathr(e)','EX_thr_L(e)','THRS'
'EX_alathr(e)','HSK','THRt2r'
'EX_alathr(e)','THRS','THRt2r'
'EX_cytd(e)','NDPK2','UTPATPT'
'EX_dgsn(e)','EX_gsn(e)','GMPS2'
'EX_dgsn(e)','GMPS2','GSNt2r'
'EX_dms(e)','FRD3','TMAOR2e'
'EX_dmso(e)','FRD3','TMAOR2e'
'EX_fe3(e)','EX_o2(e)','GLUPRT'
'EX_fe3(e)','EX_o2(e)','HMPK1'
'EX_fe3(e)','EX_o2(e)','PMPK'
'EX_fe3(e)','EX_o2(e)','PRAGS'
'EX_fe3(e)','EX_o2(e)','PRAIS'
'EX_fe3(e)','EX_o2(e)','PRFGS'
'EX_fe3(e)','EX_o2(e)','THZPSN'
'EX_fe3(e)','EX_o2(e)','TMPK'
'EX_fe3(e)','EX_o2(e)','TMPPP'
'EX_fe3(e)','GLUPRT','O2t'
'EX_fe3(e)','HMPK1','O2t'
'EX_fe3(e)','O2t','PMPK'
'EX_fe3(e)','O2t','PRAGS'
'EX_fe3(e)','O2t','PRAIS'
'EX_fe3(e)','O2t','PRFGS'
'EX_fe3(e)','O2t','THZPSN'
'EX_fe3(e)','O2t','TMPK'
'EX_fe3(e)','O2t','TMPPP'
'EX_gal(e)','GALU','UGLT'
'EX_glyphe(e)','EX_phe_L(e)','PHETA1'
'EX_glyphe(e)','EX_phe_L(e)','PPNDH'
'EX_glyphe(e)','PHETA1','PHEt2r'
'EX_glyphe(e)','PHEt2r','PPNDH'
'EX_gsn(e)','GMPS2','PUNP4'
'EX_indole(e)','EX_trp_L(e)','IGPS'
'EX_indole(e)','EX_trp_L(e)','PRAI'
'EX_indole(e)','IGPS','TRPt2r'
'EX_indole(e)','PRAI','TRPt2r'
'EX_nac(e)','EX_nmn(e)','NNDPR'
'EX_nac(e)','EX_nmn(e)','QULNS'
'EX_nac(e)','NMNP','NNDPR'
'EX_nac(e)','NMNP','QULNS'
'EX_nmn(e)','NACt2r','NNDPR'
'EX_nmn(e)','NACt2r','QULNS'
'EX_nmn(e)','NADS1','NADS2'
'EX_phe_L(e)','GLYPHEHYc','PHETA1'
'EX_phe_L(e)','GLYPHEHYc','PPNDH'
'EX_phe_L(e)','GLYPHEabc','PHETA1'
'EX_phe_L(e)','GLYPHEabc','PPNDH'
'EX_ser_L(e)','GCCa','PGCDr'
'EX_ser_L(e)','GCCa','PSERT'
'EX_ser_L(e)','GCCa','PSP_L'
'EX_ser_L(e)','GCCb','PGCDr'
'EX_ser_L(e)','GCCb','PSERT'
'EX_ser_L(e)','GCCb','PSP_L'
'EX_ser_L(e)','GCCc','PGCDr'
'EX_ser_L(e)','GCCc','PSERT'
'EX_ser_L(e)','GCCc','PSP_L'
'EX_ser_L(e)','GHMT2r','PGCDr'
'EX_ser_L(e)','GHMT2r','PSERT'
'EX_ser_L(e)','GHMT2r','PSP_L'
'EX_thm(e)','GARFTi','GART'
'EX_thymd(e)','EX_uri(e)','UMPK'
'EX_thymd(e)','UMPK','URIt2r'
'EX_trp_L(e)','IGPS','INDOLEt2r'
'EX_trp_L(e)','IGPS','TRPS2'
'EX_trp_L(e)','INDOLEt2r','PRAI'
'EX_trp_L(e)','PRAI','TRPS2'
'EX_trp_L(e)','TRPS1','TRPS2'
'EX_uri(e)','NTD5','UMPK'
'EX_uri(e)','PYNP2r','UMPK'
'EX_uri(e)','THMDt2r','UMPK'
'EX_uri(e)','TMDS','UMPK'
'EX_val_L(e)','KARA1','KARA3'
'EX_val_L(e)','VALTA','VPAMTr'
'FACOAL180','G3PAT180','STCOATA'
'FBA3','TALA','TKT2'
'FE3abc','FEDCabc','FERO'
'GALK','GALU','UGLT'
'GALU','UDPG4E','UGLT'
'GARFTi','GART','THMabc'
'GCCa','PGCDr','SERt2r'
'GCCa','PSERT','SERt2r'
'GCCa','PSP_L','SERt2r'
'GCCb','PGCDr','SERt2r'
'GCCb','PSERT','SERt2r'
'GCCb','PSP_L','SERt2r'
'GCCc','PGCDr','SERt2r'
'GCCc','PSERT','SERt2r'
'GCCc','PSP_L','SERt2r'
'GHMT2r','PGCDr','SERt2r'
'GHMT2r','PSERT','SERt2r'
'GHMT2r','PSP_L','SERt2r'
'GLYPHEHYc','PHETA1','PHEt2r'
'GLYPHEHYc','PHEt2r','PPNDH'
'GLYPHEabc','PHETA1','PHEt2r'
'GLYPHEabc','PHEt2r','PPNDH'
'GMPS2','GSNK','GUAPRT'
'GMPS2','GSNt2r','PUNP4'
'GND','RPE','RPI'
'IGPS','INDOLEt2r','TRPt2r'
'IGPS','TRPS2','TRPt2r'
'ILETA','ILEabc','ILEt2r'
'INDOLEt2r','PRAI','TRPt2r'
'IPDDI','IPDPS','IPDPS2'
'NACt2r','NMNP','NNDPR'
'NACt2r','NMNP','QULNS'
'NADS1','NADS2','NMNAT'
'NADS1','NADS2','NMNP'
'NTD5','UMPK','URIt2r'
'PFK_3','TALA','TKT2'
'PMPK','TMDPK','TMK'
'PRAI','TRPS2','TRPt2r'
'PYNP2r','UMPK','URIt2r'
'THMDt2r','UMPK','URIt2r'
'TMDPK','TMK','TMPPP'
'TMDS','UMPK','URIt2r'
'TRPS1','TRPS2','TRPt2r'
