[
  {
    "'26DAPt2r'": "'2MBCOATA'"
  },
  {
    "'26DAPt2r'": "'2MEBCOADH'"
  },
  {
    "'26DAPt2r'": "'3HAD10M12'"
  },
  {
    "'26DAPt2r'": "'3HAD11M12'"
  },
  {
    "'26DAPt2r'": "'3HAD12M14'"
  },
  {
    "'26DAPt2r'": "'3HAD13M14'"
  },
  {
    "'26DAPt2r'": "'3HAD14M16'"
  },
  {
    "'26DAPt2r'": "'3HAD15M16'"
  },
  {
    "'26DAPt2r'": "'3HAD4M6'"
  },
  {
    "'26DAPt2r'": "'3HAD5M6'"
  },
  {
    "'26DAPt2r'": "'3HAD6M8'"
  },
  {
    "'26DAPt2r'": "'3HAD7M8'"
  },
  {
    "'26DAPt2r'": "'3HAD8M10'"
  },
  {
    "'26DAPt2r'": "'3HAD9M10'"
  },
  {
    "'26DAPt2r'": "'3MEBCOADH'"
  },
  {
    "'26DAPt2r'": "'3OAR10M12'"
  },
  {
    "'26DAPt2r'": "'3OAR11M12'"
  },
  {
    "'26DAPt2r'": "'3OAR12M14'"
  },
  {
    "'26DAPt2r'": "'3OAR13M14'"
  },
  {
    "'26DAPt2r'": "'3OAR140'"
  },
  {
    "'26DAPt2r'": "'3OAR14M16'"
  },
  {
    "'26DAPt2r'": "'3OAR15M16'"
  },
  {
    "'26DAPt2r'": "'3OAR4M6'"
  },
  {
    "'26DAPt2r'": "'3OAR5M6'"
  },
  {
    "'26DAPt2r'": "'3OAR6M8'"
  },
  {
    "'26DAPt2r'": "'3OAR7M8'"
  },
  {
    "'26DAPt2r'": "'3OAR8M10'"
  },
  {
    "'26DAPt2r'": "'3OAR9M10'"
  },
  {
    "'26DAPt2r'": "'3OAS10M12'"
  },
  {
    "'26DAPt2r'": "'3OAS11M12'"
  },
  {
    "'26DAPt2r'": "'3OAS12M14'"
  },
  {
    "'26DAPt2r'": "'3OAS13M14'"
  },
  {
    "'26DAPt2r'": "'3OAS140'"
  },
  {
    "'26DAPt2r'": "'3OAS3M4'"
  },
  {
    "'26DAPt2r'": "'3OAS4M3O6'"
  },
  {
    "'26DAPt2r'": "'3OAS4M6'"
  },
  {
    "'26DAPt2r'": "'3OAS5M6'"
  },
  {
    "'26DAPt2r'": "'3OAS6M8'"
  },
  {
    "'26DAPt2r'": "'3OAS7M8'"
  },
  {
    "'26DAPt2r'": "'3OAS8M10'"
  },
  {
    "'26DAPt2r'": "'3OAS9M10'"
  },
  {
    "'26DAPt2r'": "'4HBZt2'"
  },
  {
    "'26DAPt2r'": "'ACBIPGT'"
  },
  {
    "'26DAPt2r'": "'ACOAAGPATAI17'"
  },
  {
    "'26DAPt2r'": "'ACOAAGPATI17'"
  },
  {
    "'26DAPt2r'": "'ACPS1'"
  },
  {
    "'26DAPt2r'": "'ADMDCr'"
  },
  {
    "'26DAPt2r'": "'ADOCBIK'"
  },
  {
    "'26DAPt2r'": "'ADOCBLS'"
  },
  {
    "'26DAPt2r'": "'ADSL1r'"
  },
  {
    "'26DAPt2r'": "'ADSS'"
  },
  {
    "'26DAPt2r'": "'AGMHE'"
  },
  {
    "'26DAPt2r'": "'AHCYSNS_r'"
  },
  {
    "'26DAPt2r'": "'AIHPDCOATA'"
  },
  {
    "'26DAPt2r'": "'ALAALA'"
  },
  {
    "'26DAPt2r'": "'AMMQT7rev'"
  },
  {
    "'26DAPt2r'": "'AMMQT8r'"
  },
  {
    "'26DAPt2r'": "'ANPRT'"
  },
  {
    "'26DAPt2r'": "'APRAUR'"
  },
  {
    "'26DAPt2r'": "'ASP1DC'"
  },
  {
    "'26DAPt2r'": "'BPNT'"
  },
  {
    "'26DAPt2r'": "'CAt4i'"
  },
  {
    "'26DAPt2r'": "'CBIAT'"
  },
  {
    "'26DAPt2r'": "'CDOSKT'"
  },
  {
    "'26DAPt2r'": "'CDPMEK'"
  },
  {
    "'26DAPt2r'": "'CHORS'"
  },
  {
    "'26DAPt2r'": "'CLPNS180'"
  },
  {
    "'26DAPt2r'": "'CLPNSAI17'"
  },
  {
    "'26DAPt2r'": "'CLPNSI17'"
  },
  {
    "'26DAPt2r'": "'COBALTt5'"
  },
  {
    "'26DAPt2r'": "'Cuabc'"
  },
  {
    "'26DAPt2r'": "'DASYN180'"
  },
  {
    "'26DAPt2r'": "'DASYNAI17'"
  },
  {
    "'26DAPt2r'": "'DASYNI17'"
  },
  {
    "'26DAPt2r'": "'DB4PS'"
  },
  {
    "'26DAPt2r'": "'DDPA'"
  },
  {
    "'26DAPt2r'": "'DHFOR2'"
  },
  {
    "'26DAPt2r'": "'DHFR'"
  },
  {
    "'26DAPt2r'": "'DHNAOT'"
  },
  {
    "'26DAPt2r'": "'DHNAOT7'"
  },
  {
    "'26DAPt2r'": "'DHQS'"
  },
  {
    "'26DAPt2r'": "'DHQTi'"
  },
  {
    "'26DAPt2r'": "'DMATT'"
  },
  {
    "'26DAPt2r'": "'DMQMT'"
  },
  {
    "'26DAPt2r'": "'DM_5MTR'"
  },
  {
    "'26DAPt2r'": "'DM_dhptd(c)'"
  },
  {
    "'26DAPt2r'": "'DPCOAK'"
  },
  {
    "'26DAPt2r'": "'DPRr'"
  },
  {
    "'26DAPt2r'": "'DTMPK'"
  },
  {
    "'26DAPt2r'": "'DXPRIr'"
  },
  {
    "'26DAPt2r'": "'DXPS'"
  },
  {
    "'26DAPt2r'": "'EAR10M12'"
  },
  {
    "'26DAPt2r'": "'EAR11M12x'"
  },
  {
    "'26DAPt2r'": "'EAR12M14x'"
  },
  {
    "'26DAPt2r'": "'EAR13M14x'"
  },
  {
    "'26DAPt2r'": "'EAR14M16'"
  },
  {
    "'26DAPt2r'": "'EAR15M16'"
  },
  {
    "'26DAPt2r'": "'EAR4M6'"
  },
  {
    "'26DAPt2r'": "'EAR5M6'"
  },
  {
    "'26DAPt2r'": "'EAR6M8x'"
  },
  {
    "'26DAPt2r'": "'EAR7M8'"
  },
  {
    "'26DAPt2r'": "'EAR8M10x'"
  },
  {
    "'26DAPt2r'": "'EAR9M10x'"
  },
  {
    "'26DAPt2r'": "'EDTXS1'"
  },
  {
    "'26DAPt2r'": "'EDTXS2'"
  },
  {
    "'26DAPt2r'": "'EX_26dap_M(e)'"
  },
  {
    "'26DAPt2r'": "'EX_4hbz(e)'"
  },
  {
    "'26DAPt2r'": "'EX_biomass(e)'"
  },
  {
    "'26DAPt2r'": "'EX_ca2(e)'"
  },
  {
    "'26DAPt2r'": "'EX_cl(e)'"
  },
  {
    "'26DAPt2r'": "'EX_cobalt2(e)'"
  },
  {
    "'26DAPt2r'": "'EX_cu2(e)'"
  },
  {
    "'26DAPt2r'": "'EX_fol(e)'"
  },
  {
    "'26DAPt2r'": "'EX_gthrd(e)'"
  },
  {
    "'26DAPt2r'": "'EX_k(e)'"
  },
  {
    "'26DAPt2r'": "'EX_mg2(e)'"
  },
  {
    "'26DAPt2r'": "'EX_mn2(e)'"
  },
  {
    "'26DAPt2r'": "'EX_mqn7(e)'"
  },
  {
    "'26DAPt2r'": "'EX_nac(e)'"
  },
  {
    "'26DAPt2r'": "'EX_ocdca(e)'"
  },
  {
    "'26DAPt2r'": "'EX_pheme(e)'"
  },
  {
    "'26DAPt2r'": "'EX_pi(e)'"
  },
  {
    "'26DAPt2r'": "'EX_sheme(e)'"
  },
  {
    "'26DAPt2r'": "'EX_so4(e)'"
  },
  {
    "'26DAPt2r'": "'EX_ttdca(e)'"
  },
  {
    "'26DAPt2r'": "'EX_zn2(e)'"
  },
  {
    "'26DAPt2r'": "'FACOAL140'"
  },
  {
    "'26DAPt2r'": "'FACOAL180'"
  },
  {
    "'26DAPt2r'": "'FAS140ACPrev'"
  },
  {
    "'26DAPt2r'": "'FMNAT'"
  },
  {
    "'26DAPt2r'": "'FOLt'"
  },
  {
    "'26DAPt2r'": "'FRTT'"
  },
  {
    "'26DAPt2r'": "'G1PTT'"
  },
  {
    "'26DAPt2r'": "'G3PAT180'"
  },
  {
    "'26DAPt2r'": "'G3PATAI17'"
  },
  {
    "'26DAPt2r'": "'G3PATI17'"
  },
  {
    "'26DAPt2r'": "'GALT1'"
  },
  {
    "'26DAPt2r'": "'GALU'"
  },
  {
    "'26DAPt2r'": "'GGTT'"
  },
  {
    "'26DAPt2r'": "'GLCTR1'"
  },
  {
    "'26DAPt2r'": "'GLCTR2'"
  },
  {
    "'26DAPt2r'": "'GLCTR3'"
  },
  {
    "'26DAPt2r'": "'GLUR'"
  },
  {
    "'26DAPt2r'": "'GMHEPAT'"
  },
  {
    "'26DAPt2r'": "'GMHEPK'"
  },
  {
    "'26DAPt2r'": "'GMHEPPA'"
  },
  {
    "'26DAPt2r'": "'GRTT'"
  },
  {
    "'26DAPt2r'": "'GTHRDt2'"
  },
  {
    "'26DAPt2r'": "'HBZOPT'"
  },
  {
    "'26DAPt2r'": "'HEMEti'"
  },
  {
    "'26DAPt2r'": "'HEPK1'"
  },
  {
    "'26DAPt2r'": "'HEPK2'"
  },
  {
    "'26DAPt2r'": "'HEPT1'"
  },
  {
    "'26DAPt2r'": "'HEPT2'"
  },
  {
    "'26DAPt2r'": "'HEPT3'"
  },
  {
    "'26DAPt2r'": "'HEPT4'"
  },
  {
    "'26DAPt2r'": "'HETT'"
  },
  {
    "'26DAPt2r'": "'HEXTT'"
  },
  {
    "'26DAPt2r'": "'IGPS'"
  },
  {
    "'26DAPt2r'": "'IHPDCOATA'"
  },
  {
    "'26DAPt2r'": "'IVCOATA'"
  },
  {
    "'26DAPt2r'": "'KDOCT2'"
  },
  {
    "'26DAPt2r'": "'KDOS'"
  },
  {
    "'26DAPt2r'": "'LPADSS'"
  },
  {
    "'26DAPt2r'": "'MCOATA'"
  },
  {
    "'26DAPt2r'": "'MECDPDH2'"
  },
  {
    "'26DAPt2r'": "'MECDPS'"
  },
  {
    "'26DAPt2r'": "'MEPCT'"
  },
  {
    "'26DAPt2r'": "'METAT'"
  },
  {
    "'26DAPt2r'": "'MK7te'"
  },
  {
    "'26DAPt2r'": "'MNt2'"
  },
  {
    "'26DAPt2r'": "'MOAT'"
  },
  {
    "'26DAPt2r'": "'MOAT3C'"
  },
  {
    "'26DAPt2r'": "'MOHMT'"
  },
  {
    "'26DAPt2r'": "'MTAN'"
  },
  {
    "'26DAPt2r'": "'NACt2r'"
  },
  {
    "'26DAPt2r'": "'NAPRT'"
  },
  {
    "'26DAPt2r'": "'NNATr'"
  },
  {
    "'26DAPt2r'": "'NNDMBRT'"
  },
  {
    "'26DAPt2r'": "'OCDCAt2'"
  },
  {
    "'26DAPt2r'": "'OHPHM'"
  },
  {
    "'26DAPt2r'": "'OIVD3'"
  },
  {
    "'26DAPt2r'": "'OMBZLM'"
  },
  {
    "'26DAPt2r'": "'OMMBLHX3'"
  },
  {
    "'26DAPt2r'": "'OMPHHX3'"
  },
  {
    "'26DAPt2r'": "'OPHBDC'"
  },
  {
    "'26DAPt2r'": "'OPHHX3'"
  },
  {
    "'26DAPt2r'": "'ORNDC'"
  },
  {
    "'26DAPt2r'": "'PANTS'"
  },
  {
    "'26DAPt2r'": "'PAPPT3'"
  },
  {
    "'26DAPt2r'": "'PEPGLY'"
  },
  {
    "'26DAPt2r'": "'PGPP180'"
  },
  {
    "'26DAPt2r'": "'PGPPAI17'"
  },
  {
    "'26DAPt2r'": "'PGPPI17'"
  },
  {
    "'26DAPt2r'": "'PGSA180'"
  },
  {
    "'26DAPt2r'": "'PGSAAI17'"
  },
  {
    "'26DAPt2r'": "'PGSAI17'"
  },
  {
    "'26DAPt2r'": "'PMDPHT'"
  },
  {
    "'26DAPt2r'": "'PMPK'"
  },
  {
    "'26DAPt2r'": "'PNTK'"
  },
  {
    "'26DAPt2r'": "'PPCDC'"
  },
  {
    "'26DAPt2r'": "'PPTT'"
  },
  {
    "'26DAPt2r'": "'PRAI'"
  },
  {
    "'26DAPt2r'": "'PRPPS'"
  },
  {
    "'26DAPt2r'": "'PSCVT'"
  },
  {
    "'26DAPt2r'": "'PSD180'"
  },
  {
    "'26DAPt2r'": "'PSDAI17'"
  },
  {
    "'26DAPt2r'": "'PSDI17'"
  },
  {
    "'26DAPt2r'": "'PSSA180'"
  },
  {
    "'26DAPt2r'": "'PSSAAI17'"
  },
  {
    "'26DAPt2r'": "'PSSAI17'"
  },
  {
    "'26DAPt2r'": "'PTPAT'"
  },
  {
    "'26DAPt2r'": "'RBFK'"
  },
  {
    "'26DAPt2r'": "'RBFSa'"
  },
  {
    "'26DAPt2r'": "'RBFSb'"
  },
  {
    "'26DAPt2r'": "'RBK_Dr'"
  },
  {
    "'26DAPt2r'": "'RBLIi'"
  },
  {
    "'26DAPt2r'": "'RHAT1'"
  },
  {
    "'26DAPt2r'": "'RHCCE'"
  },
  {
    "'26DAPt2r'": "'RZ5PP'"
  },
  {
    "'26DAPt2r'": "'S7PIr'"
  },
  {
    "'26DAPt2r'": "'SHEMEabc'"
  },
  {
    "'26DAPt2r'": "'SHK3Dr'"
  },
  {
    "'26DAPt2r'": "'SHKK'"
  },
  {
    "'26DAPt2r'": "'SPMS'"
  },
  {
    "'26DAPt2r'": "'STCOATA'"
  },
  {
    "'26DAPt2r'": "'TDCOATA'"
  },
  {
    "'26DAPt2r'": "'TDPDRE'"
  },
  {
    "'26DAPt2r'": "'TDPDRRr'"
  },
  {
    "'26DAPt2r'": "'TDPGDH'"
  },
  {
    "'26DAPt2r'": "'TDSK'"
  },
  {
    "'26DAPt2r'": "'TMDS'"
  },
  {
    "'26DAPt2r'": "'TMPK'"
  },
  {
    "'26DAPt2r'": "'TMPPP'"
  },
  {
    "'26DAPt2r'": "'TRDRr'"
  },
  {
    "'26DAPt2r'": "'TTDCAt2'"
  },
  {
    "'26DAPt2r'": "'U23GAAT'"
  },
  {
    "'26DAPt2r'": "'UAAGDS'"
  },
  {
    "'26DAPt2r'": "'UAGAAT'"
  },
  {
    "'26DAPt2r'": "'UAGCVT_r'"
  },
  {
    "'26DAPt2r'": "'UAGPT3'"
  },
  {
    "'26DAPt2r'": "'UAMAGS'"
  },
  {
    "'26DAPt2r'": "'UAMAS'"
  },
  {
    "'26DAPt2r'": "'UAPGR'"
  },
  {
    "'26DAPt2r'": "'UDCPDP'"
  },
  {
    "'26DAPt2r'": "'UDCPDPS'"
  },
  {
    "'26DAPt2r'": "'UGMDDS'"
  },
  {
    "'26DAPt2r'": "'UHGADA'"
  },
  {
    "'26DAPt2r'": "'UMPK'"
  },
  {
    "'26DAPt2r'": "'USHD'"
  },
  {
    "'26DAPt2r'": "'dreplication'"
  },
  {
    "'26DAPt2r'": "'pbiosynthesis'"
  },
  {
    "'26DAPt2r'": "'r2137'"
  },
  {
    "'26DAPt2r'": "'rtranscription'"
  },
  {
    "'26DAPt2r'": "'biomass497'"
  }
]