[
  {
    "'12DGR180ti'": "'12DGR180ti'",
    "'3HAD100'": "'3HAD120'"
  },
  {
    "'12DGR180ti'": "'12DGR180ti'",
    "'3HAD100'": "'3HAD140'"
  },
  {
    "'12DGR180ti'": "'12DGR180ti'",
    "'3HAD100'": "'3HAD160'"
  },
  {
    "'12DGR180ti'": "'12DGR180ti'",
    "'3HAD100'": "'3HAD180'"
  },
  {
    "'12DGR180ti'": "'12DGR180ti'",
    "'3HAD100'": "'3HAD40'"
  },
  {
    "'12DGR180ti'": "'12DGR180ti'",
    "'3HAD100'": "'3HAD60'"
  },
  {
    "'12DGR180ti'": "'12DGR180ti'",
    "'3HAD100'": "'3HAD80'"
  },
  {
    "'12DGR180ti'": "'12DGR180ti'",
    "'3HAD100'": "'3OAR100'"
  },
  {
    "'12DGR180ti'": "'12DGR180ti'",
    "'3HAD100'": "'3OAR120'"
  },
  {
    "'12DGR180ti'": "'12DGR180ti'",
    "'3HAD100'": "'3OAR140'"
  },
  {
    "'12DGR180ti'": "'12DGR180ti'",
    "'3HAD100'": "'3OAR180'"
  },
  {
    "'12DGR180ti'": "'12DGR180ti'",
    "'3HAD100'": "'3OAR40'"
  },
  {
    "'12DGR180ti'": "'12DGR180ti'",
    "'3HAD100'": "'3OAR60'"
  },
  {
    "'12DGR180ti'": "'12DGR180ti'",
    "'3HAD100'": "'3OAR80'"
  },
  {
    "'12DGR180ti'": "'12DGR180ti'",
    "'3HAD100'": "'3OAS100'"
  },
  {
    "'12DGR180ti'": "'12DGR180ti'",
    "'3HAD100'": "'3OAS120'"
  },
  {
    "'12DGR180ti'": "'12DGR180ti'",
    "'3HAD100'": "'3OAS140'"
  },
  {
    "'12DGR180ti'": "'12DGR180ti'",
    "'3HAD100'": "'3OAS180'"
  },
  {
    "'12DGR180ti'": "'12DGR180ti'",
    "'3HAD100'": "'3OAS60'"
  },
  {
    "'12DGR180ti'": "'12DGR180ti'",
    "'3HAD100'": "'3OAS80'"
  },
  {
    "'12DGR180ti'": "'12DGR180ti'",
    "'3HAD100'": "'ACOATA'"
  },
  {
    "'12DGR180ti'": "'12DGR180ti'",
    "'3HAD100'": "'EAR100x'"
  },
  {
    "'12DGR180ti'": "'12DGR180ti'",
    "'3HAD100'": "'EAR120x'"
  },
  {
    "'12DGR180ti'": "'12DGR180ti'",
    "'3HAD100'": "'EAR140x'"
  },
  {
    "'12DGR180ti'": "'12DGR180ti'",
    "'3HAD100'": "'EAR160x'"
  },
  {
    "'12DGR180ti'": "'12DGR180ti'",
    "'3HAD100'": "'EAR180x'"
  },
  {
    "'12DGR180ti'": "'12DGR180ti'",
    "'3HAD100'": "'EAR40x'"
  },
  {
    "'12DGR180ti'": "'12DGR180ti'",
    "'3HAD100'": "'EAR60x'"
  },
  {
    "'12DGR180ti'": "'12DGR180ti'",
    "'3HAD100'": "'EAR80x'"
  },
  {
    "'12DGR180ti'": "'12DGR180ti'",
    "'3HAD100'": "'KAS14'"
  },
  {
    "'12DGR180ti'": "'12DGR180ti'",
    "'3HAD100'": "'PAPA180'"
  },
  {
    "'12DGR180ti'": "'2DMMQ8abc'",
    "'3HAD100'": "'FRD3'"
  },
  {
    "'12DGR180ti'": "'2S6HCC'",
    "'3HAD100'": "'AMMQT7rev'"
  },
  {
    "'12DGR180ti'": "'2S6HCC'",
    "'3HAD100'": "'DHNAOT7'"
  },
  {
    "'12DGR180ti'": "'2S6HCC'",
    "'3HAD100'": "'EX_mqn7(e)'"
  },
  {
    "'12DGR180ti'": "'2S6HCC'",
    "'3HAD100'": "'MK7te'"
  },
  {
    "'12DGR180ti'": "'3HAD100'",
    "'3HAD100'": "'DAGK180'"
  },
  {
    "'12DGR180ti'": "'3HAD100'",
    "'3HAD100'": "'EX_12dgr180(e)'"
  },
  {
    "'12DGR180ti'": "'3HAD120'",
    "'3HAD100'": "'DAGK180'"
  },
  {
    "'12DGR180ti'": "'3HAD120'",
    "'3HAD100'": "'EX_12dgr180(e)'"
  },
  {
    "'12DGR180ti'": "'3HAD140'",
    "'3HAD100'": "'DAGK180'"
  },
  {
    "'12DGR180ti'": "'3HAD140'",
    "'3HAD100'": "'EX_12dgr180(e)'"
  },
  {
    "'12DGR180ti'": "'3HAD160'",
    "'3HAD100'": "'DAGK180'"
  },
  {
    "'12DGR180ti'": "'3HAD160'",
    "'3HAD100'": "'EX_12dgr180(e)'"
  },
  {
    "'12DGR180ti'": "'3HAD180'",
    "'3HAD100'": "'DAGK180'"
  },
  {
    "'12DGR180ti'": "'3HAD180'",
    "'3HAD100'": "'EX_12dgr180(e)'"
  },
  {
    "'12DGR180ti'": "'3HAD40'",
    "'3HAD100'": "'DAGK180'"
  },
  {
    "'12DGR180ti'": "'3HAD40'",
    "'3HAD100'": "'EX_12dgr180(e)'"
  },
  {
    "'12DGR180ti'": "'3HAD60'",
    "'3HAD100'": "'DAGK180'"
  },
  {
    "'12DGR180ti'": "'3HAD60'",
    "'3HAD100'": "'EX_12dgr180(e)'"
  },
  {
    "'12DGR180ti'": "'3HAD80'",
    "'3HAD100'": "'DAGK180'"
  },
  {
    "'12DGR180ti'": "'3HAD80'",
    "'3HAD100'": "'EX_12dgr180(e)'"
  },
  {
    "'12DGR180ti'": "'3OAR100'",
    "'3HAD100'": "'DAGK180'"
  },
  {
    "'12DGR180ti'": "'3OAR100'",
    "'3HAD100'": "'EX_12dgr180(e)'"
  },
  {
    "'12DGR180ti'": "'3OAR120'",
    "'3HAD100'": "'DAGK180'"
  },
  {
    "'12DGR180ti'": "'3OAR120'",
    "'3HAD100'": "'EX_12dgr180(e)'"
  },
  {
    "'12DGR180ti'": "'3OAR140'",
    "'3HAD100'": "'DAGK180'"
  },
  {
    "'12DGR180ti'": "'3OAR140'",
    "'3HAD100'": "'EX_12dgr180(e)'"
  },
  {
    "'12DGR180ti'": "'3OAR180'",
    "'3HAD100'": "'DAGK180'"
  },
  {
    "'12DGR180ti'": "'3OAR180'",
    "'3HAD100'": "'EX_12dgr180(e)'"
  },
  {
    "'12DGR180ti'": "'3OAR40'",
    "'3HAD100'": "'DAGK180'"
  },
  {
    "'12DGR180ti'": "'3OAR40'",
    "'3HAD100'": "'EX_12dgr180(e)'"
  },
  {
    "'12DGR180ti'": "'3OAR60'",
    "'3HAD100'": "'DAGK180'"
  },
  {
    "'12DGR180ti'": "'3OAR60'",
    "'3HAD100'": "'EX_12dgr180(e)'"
  },
  {
    "'12DGR180ti'": "'3OAR80'",
    "'3HAD100'": "'DAGK180'"
  },
  {
    "'12DGR180ti'": "'3OAR80'",
    "'3HAD100'": "'EX_12dgr180(e)'"
  },
  {
    "'12DGR180ti'": "'3OAS100'",
    "'3HAD100'": "'DAGK180'"
  },
  {
    "'12DGR180ti'": "'3OAS100'",
    "'3HAD100'": "'EX_12dgr180(e)'"
  },
  {
    "'12DGR180ti'": "'3OAS120'",
    "'3HAD100'": "'DAGK180'"
  },
  {
    "'12DGR180ti'": "'3OAS120'",
    "'3HAD100'": "'EX_12dgr180(e)'"
  },
  {
    "'12DGR180ti'": "'3OAS140'",
    "'3HAD100'": "'DAGK180'"
  },
  {
    "'12DGR180ti'": "'3OAS140'",
    "'3HAD100'": "'EX_12dgr180(e)'"
  },
  {
    "'12DGR180ti'": "'3OAS180'",
    "'3HAD100'": "'DAGK180'"
  },
  {
    "'12DGR180ti'": "'3OAS180'",
    "'3HAD100'": "'EX_12dgr180(e)'"
  },
  {
    "'12DGR180ti'": "'3OAS60'",
    "'3HAD100'": "'DAGK180'"
  },
  {
    "'12DGR180ti'": "'3OAS60'",
    "'3HAD100'": "'EX_12dgr180(e)'"
  },
  {
    "'12DGR180ti'": "'3OAS80'",
    "'3HAD100'": "'DAGK180'"
  },
  {
    "'12DGR180ti'": "'3OAS80'",
    "'3HAD100'": "'EX_12dgr180(e)'"
  },
  {
    "'12DGR180ti'": "'4HBZCL'",
    "'3HAD100'": "'EX_q8(e)'"
  },
  {
    "'12DGR180ti'": "'4HBZCL'",
    "'3HAD100'": "'Q8abc'"
  },
  {
    "'12DGR180ti'": "'ACCOACL'",
    "'3HAD100'": "'MALCOAPYRCT'"
  },
  {
    "'12DGR180ti'": "'ACEDIPIT'",
    "'3HAD100'": "'DAPMDH'"
  },
  {
    "'12DGR180ti'": "'ACEDIPIT'",
    "'3HAD100'": "'L2A6OD2s'"
  },
  {
    "'12DGR180ti'": "'ACNAMabc'",
    "'3HAD100'": "'UAGDP'"
  },
  {
    "'12DGR180ti'": "'ACNML'",
    "'3HAD100'": "'UAGDP'"
  },
  {
    "'12DGR180ti'": "'ACOATA'",
    "'3HAD100'": "'DAGK180'"
  },
  {
    "'12DGR180ti'": "'ACOATA'",
    "'3HAD100'": "'EX_12dgr180(e)'"
  },
  {
    "'12DGR180ti'": "'ADK10'",
    "'3HAD100'": "'NDPK4'"
  },
  {
    "'12DGR180ti'": "'ADK2'",
    "'3HAD100'": "'PPA2'"
  },
  {
    "'12DGR180ti'": "'ADK3'",
    "'3HAD100'": "'NDPK1'"
  },
  {
    "'12DGR180ti'": "'ADMDC'",
    "'3HAD100'": "'EX_spmd(e)'"
  },
  {
    "'12DGR180ti'": "'ADMDC'",
    "'3HAD100'": "'SPMDabc'"
  },
  {
    "'12DGR180ti'": "'ADOCBIK'",
    "'3HAD100'": "'ADOCBIK2'"
  },
  {
    "'12DGR180ti'": "'AHMMPS'",
    "'3HAD100'": "'AMPMS2'"
  },
  {
    "'12DGR180ti'": "'ALAHIS1c'",
    "'3HAD100'": "'EX_his_L(e)'"
  },
  {
    "'12DGR180ti'": "'ALAHIS1c'",
    "'3HAD100'": "'HISt2r'"
  },
  {
    "'12DGR180ti'": "'ALAHISabc'",
    "'3HAD100'": "'EX_his_L(e)'"
  },
  {
    "'12DGR180ti'": "'ALAHISabc'",
    "'3HAD100'": "'HISt2r'"
  },
  {
    "'12DGR180ti'": "'ALAR'",
    "'3HAD100'": "'DALAt2r'"
  },
  {
    "'12DGR180ti'": "'ALAR'",
    "'3HAD100'": "'EX_ala_D(e)'"
  },
  {
    "'12DGR180ti'": "'ALATHR1c'",
    "'3HAD100'": "'EX_thr_L(e)'"
  },
  {
    "'12DGR180ti'": "'ALATHR1c'",
    "'3HAD100'": "'THRt2r'"
  },
  {
    "'12DGR180ti'": "'ALATHRabc'",
    "'3HAD100'": "'EX_thr_L(e)'"
  },
  {
    "'12DGR180ti'": "'ALATHRabc'",
    "'3HAD100'": "'THRt2r'"
  },
  {
    "'12DGR180ti'": "'AMMQT7rev'",
    "'3HAD100'": "'FRTT'"
  },
  {
    "'12DGR180ti'": "'AMMQT7rev'",
    "'3HAD100'": "'GGTT'"
  },
  {
    "'12DGR180ti'": "'AMMQT7rev'",
    "'3HAD100'": "'HEXTT'"
  },
  {
    "'12DGR180ti'": "'AMMQT7rev'",
    "'3HAD100'": "'ICHORS'"
  },
  {
    "'12DGR180ti'": "'AMMQT7rev'",
    "'3HAD100'": "'NPHS'"
  },
  {
    "'12DGR180ti'": "'AMMQT7rev'",
    "'3HAD100'": "'PPTT'"
  },
  {
    "'12DGR180ti'": "'AMMQT7rev'",
    "'3HAD100'": "'SUCBZL'"
  },
  {
    "'12DGR180ti'": "'AMMQT7rev'",
    "'3HAD100'": "'SUCBZS'"
  },
  {
    "'12DGR180ti'": "'AMPMS2'",
    "'3HAD100'": "'HMPK1'"
  },
  {
    "'12DGR180ti'": "'ANPRT'",
    "'3HAD100'": "'EX_trp_L(e)'"
  },
  {
    "'12DGR180ti'": "'ANPRT'",
    "'3HAD100'": "'TRPt2r'"
  },
  {
    "'12DGR180ti'": "'APAT'",
    "'3HAD100'": "'DAPMDH'"
  },
  {
    "'12DGR180ti'": "'APAT'",
    "'3HAD100'": "'L2A6OD2s'"
  },
  {
    "'12DGR180ti'": "'APRAUR'",
    "'3HAD100'": "'EX_ribflv(e)'"
  },
  {
    "'12DGR180ti'": "'APRAUR'",
    "'3HAD100'": "'RIBFLVt2r'"
  },
  {
    "'12DGR180ti'": "'ARGSL'",
    "'3HAD100'": "'EX_arg_L(e)'"
  },
  {
    "'12DGR180ti'": "'ARGSSr'",
    "'3HAD100'": "'EX_arg_L(e)'"
  },
  {
    "'12DGR180ti'": "'ASPO6'",
    "'3HAD100'": "'NAPRT'"
  },
  {
    "'12DGR180ti'": "'BTNCLi'",
    "'3HAD100'": "'MALCOAPYRCT'"
  },
  {
    "'12DGR180ti'": "'COBALTt5'",
    "'3HAD100'": "'Coabc'"
  },
  {
    "'12DGR180ti'": "'CPPPGO'",
    "'3HAD100'": "'CPPPGO2'"
  },
  {
    "'12DGR180ti'": "'CPPPGO2'",
    "'3HAD100'": "'EX_o2(e)'"
  },
  {
    "'12DGR180ti'": "'CPPPGO2'",
    "'3HAD100'": "'O2t'"
  },
  {
    "'12DGR180ti'": "'CYTK1'",
    "'3HAD100'": "'NTD4'"
  },
  {
    "'12DGR180ti'": "'CYTK2'",
    "'3HAD100'": "'TRDRr'"
  },
  {
    "'12DGR180ti'": "'DADNK'",
    "'3HAD100'": "'TRDRr'"
  },
  {
    "'12DGR180ti'": "'DAGK180'",
    "'3HAD100'": "'EAR100x'"
  },
  {
    "'12DGR180ti'": "'DAGK180'",
    "'3HAD100'": "'EAR120x'"
  },
  {
    "'12DGR180ti'": "'DAGK180'",
    "'3HAD100'": "'EAR140x'"
  },
  {
    "'12DGR180ti'": "'DAGK180'",
    "'3HAD100'": "'EAR160x'"
  },
  {
    "'12DGR180ti'": "'DAGK180'",
    "'3HAD100'": "'EAR180x'"
  },
  {
    "'12DGR180ti'": "'DAGK180'",
    "'3HAD100'": "'EAR40x'"
  },
  {
    "'12DGR180ti'": "'DAGK180'",
    "'3HAD100'": "'EAR60x'"
  },
  {
    "'12DGR180ti'": "'DAGK180'",
    "'3HAD100'": "'EAR80x'"
  },
  {
    "'12DGR180ti'": "'DAGK180'",
    "'3HAD100'": "'KAS14'"
  },
  {
    "'12DGR180ti'": "'DAPDAi'",
    "'3HAD100'": "'DAPMDH'"
  },
  {
    "'12DGR180ti'": "'DAPDAi'",
    "'3HAD100'": "'L2A6OD2s'"
  },
  {
    "'12DGR180ti'": "'DAPDC'",
    "'3HAD100'": "'EX_lys_L(e)'"
  },
  {
    "'12DGR180ti'": "'DAPDC'",
    "'3HAD100'": "'LYSt2r'"
  },
  {
    "'12DGR180ti'": "'DAPE'",
    "'3HAD100'": "'DAPMDH'"
  },
  {
    "'12DGR180ti'": "'DAPE'",
    "'3HAD100'": "'L2A6OD2s'"
  },
  {
    "'12DGR180ti'": "'DB4PS'",
    "'3HAD100'": "'EX_ribflv(e)'"
  },
  {
    "'12DGR180ti'": "'DB4PS'",
    "'3HAD100'": "'RIBFLVt2r'"
  },
  {
    "'12DGR180ti'": "'DGK1'",
    "'3HAD100'": "'TRDRr'"
  },
  {
    "'12DGR180ti'": "'DHNAOT7'",
    "'3HAD100'": "'FRTT'"
  },
  {
    "'12DGR180ti'": "'DHNAOT7'",
    "'3HAD100'": "'GGTT'"
  },
  {
    "'12DGR180ti'": "'DHNAOT7'",
    "'3HAD100'": "'HEXTT'"
  },
  {
    "'12DGR180ti'": "'DHNAOT7'",
    "'3HAD100'": "'ICHORS'"
  },
  {
    "'12DGR180ti'": "'DHNAOT7'",
    "'3HAD100'": "'NPHS'"
  },
  {
    "'12DGR180ti'": "'DHNAOT7'",
    "'3HAD100'": "'PPTT'"
  },
  {
    "'12DGR180ti'": "'DHNAOT7'",
    "'3HAD100'": "'SUCBZL'"
  },
  {
    "'12DGR180ti'": "'DHNAOT7'",
    "'3HAD100'": "'SUCBZS'"
  },
  {
    "'12DGR180ti'": "'DHNPA'",
    "'3HAD100'": "'DHNPA2'"
  },
  {
    "'12DGR180ti'": "'DHNPA'",
    "'3HAD100'": "'DHPS2'"
  },
  {
    "'12DGR180ti'": "'DHNPA'",
    "'3HAD100'": "'HPPK2'"
  },
  {
    "'12DGR180ti'": "'DMPPS'",
    "'3HAD100'": "'DMPPS2r'"
  },
  {
    "'12DGR180ti'": "'DMQMT'",
    "'3HAD100'": "'EX_q8(e)'"
  },
  {
    "'12DGR180ti'": "'DMQMT'",
    "'3HAD100'": "'Q8abc'"
  },
  {
    "'12DGR180ti'": "'DM_GCALD'",
    "'3HAD100'": "'EX_gcald(e)'"
  },
  {
    "'12DGR180ti'": "'DM_GCALD'",
    "'3HAD100'": "'GCALDt'"
  },
  {
    "'12DGR180ti'": "'EAR100x'",
    "'3HAD100'": "'EX_12dgr180(e)'"
  },
  {
    "'12DGR180ti'": "'EAR120x'",
    "'3HAD100'": "'EX_12dgr180(e)'"
  },
  {
    "'12DGR180ti'": "'EAR140x'",
    "'3HAD100'": "'EX_12dgr180(e)'"
  },
  {
    "'12DGR180ti'": "'EAR160x'",
    "'3HAD100'": "'EX_12dgr180(e)'"
  },
  {
    "'12DGR180ti'": "'EAR180x'",
    "'3HAD100'": "'EX_12dgr180(e)'"
  },
  {
    "'12DGR180ti'": "'EAR40x'",
    "'3HAD100'": "'EX_12dgr180(e)'"
  },
  {
    "'12DGR180ti'": "'EAR60x'",
    "'3HAD100'": "'EX_12dgr180(e)'"
  },
  {
    "'12DGR180ti'": "'EAR80x'",
    "'3HAD100'": "'EX_12dgr180(e)'"
  },
  {
    "'12DGR180ti'": "'EX_12dgr180(e)'",
    "'3HAD100'": "'KAS14'"
  },
  {
    "'12DGR180ti'": "'EX_12dgr180(e)'",
    "'3HAD100'": "'PAPA180'"
  },
  {
    "'12DGR180ti'": "'EX_2dmmq8(e)'",
    "'3HAD100'": "'FRD3'"
  },
  {
    "'12DGR180ti'": "'EX_acnam(e)'",
    "'3HAD100'": "'UAGDP'"
  },
  {
    "'12DGR180ti'": "'EX_alahis(e)'",
    "'3HAD100'": "'EX_his_L(e)'"
  },
  {
    "'12DGR180ti'": "'EX_alahis(e)'",
    "'3HAD100'": "'HISt2r'"
  },
  {
    "'12DGR180ti'": "'EX_alathr(e)'",
    "'3HAD100'": "'EX_thr_L(e)'"
  },
  {
    "'12DGR180ti'": "'EX_alathr(e)'",
    "'3HAD100'": "'THRt2r'"
  },
  {
    "'12DGR180ti'": "'EX_arg_L(e)'",
    "'3HAD100'": "'EX_orn(e)'"
  },
  {
    "'12DGR180ti'": "'EX_arg_L(e)'",
    "'3HAD100'": "'r1667'"
  },
  {
    "'12DGR180ti'": "'EX_mqn7(e)'",
    "'3HAD100'": "'FRTT'"
  },
  {
    "'12DGR180ti'": "'EX_mqn7(e)'",
    "'3HAD100'": "'GGTT'"
  },
  {
    "'12DGR180ti'": "'EX_mqn7(e)'",
    "'3HAD100'": "'HEXTT'"
  },
  {
    "'12DGR180ti'": "'EX_mqn7(e)'",
    "'3HAD100'": "'ICHORS'"
  },
  {
    "'12DGR180ti'": "'EX_mqn7(e)'",
    "'3HAD100'": "'NPHS'"
  },
  {
    "'12DGR180ti'": "'EX_mqn7(e)'",
    "'3HAD100'": "'PPTT'"
  },
  {
    "'12DGR180ti'": "'EX_mqn7(e)'",
    "'3HAD100'": "'SUCBZL'"
  },
  {
    "'12DGR180ti'": "'EX_mqn7(e)'",
    "'3HAD100'": "'SUCBZS'"
  },
  {
    "'12DGR180ti'": "'EX_nac(e)'",
    "'3HAD100'": "'NAPRT'"
  },
  {
    "'12DGR180ti'": "'EX_nmn(e)'",
    "'3HAD100'": "'NNATr'"
  },
  {
    "'12DGR180ti'": "'EX_no3(e)'",
    "'3HAD100'": "'FRD2'"
  },
  {
    "'12DGR180ti'": "'EX_o2(e)'",
    "'3HAD100'": "'NAPRT'"
  },
  {
    "'12DGR180ti'": "'EX_o2(e)'",
    "'3HAD100'": "'PPPGO3'"
  },
  {
    "'12DGR180ti'": "'EX_ptrc(e)'",
    "'3HAD100'": "'ORNDC'"
  },
  {
    "'12DGR180ti'": "'EX_q8(e)'",
    "'3HAD100'": "'FRTT'"
  },
  {
    "'12DGR180ti'": "'EX_q8(e)'",
    "'3HAD100'": "'GGTT'"
  },
  {
    "'12DGR180ti'": "'EX_q8(e)'",
    "'3HAD100'": "'HBZOPT'"
  },
  {
    "'12DGR180ti'": "'EX_q8(e)'",
    "'3HAD100'": "'HEXTT'"
  },
  {
    "'12DGR180ti'": "'EX_q8(e)'",
    "'3HAD100'": "'OHPHM'"
  },
  {
    "'12DGR180ti'": "'EX_q8(e)'",
    "'3HAD100'": "'OMBZLM'"
  },
  {
    "'12DGR180ti'": "'EX_q8(e)'",
    "'3HAD100'": "'OMMBLHX3'"
  },
  {
    "'12DGR180ti'": "'EX_q8(e)'",
    "'3HAD100'": "'OMPHHX3'"
  },
  {
    "'12DGR180ti'": "'EX_q8(e)'",
    "'3HAD100'": "'OPHBDC'"
  },
  {
    "'12DGR180ti'": "'EX_q8(e)'",
    "'3HAD100'": "'OPHHX3'"
  },
  {
    "'12DGR180ti'": "'EX_q8(e)'",
    "'3HAD100'": "'PPTT'"
  },
  {
    "'12DGR180ti'": "'EX_q8(e)'",
    "'3HAD100'": "'TYRL'"
  },
  {
    "'12DGR180ti'": "'EX_ribflv(e)'",
    "'3HAD100'": "'PMDPHT'"
  },
  {
    "'12DGR180ti'": "'EX_ribflv(e)'",
    "'3HAD100'": "'RBFSa'"
  },
  {
    "'12DGR180ti'": "'EX_ribflv(e)'",
    "'3HAD100'": "'RBFSb'"
  },
  {
    "'12DGR180ti'": "'EX_ser_L(e)'",
    "'3HAD100'": "'PGCDr'"
  },
  {
    "'12DGR180ti'": "'EX_ser_L(e)'",
    "'3HAD100'": "'PSERT'"
  },
  {
    "'12DGR180ti'": "'EX_ser_L(e)'",
    "'3HAD100'": "'PSP_L'"
  },
  {
    "'12DGR180ti'": "'EX_sheme(e)'",
    "'3HAD100'": "'P1CM'"
  },
  {
    "'12DGR180ti'": "'EX_sheme(e)'",
    "'3HAD100'": "'SHCHD2'"
  },
  {
    "'12DGR180ti'": "'EX_sheme(e)'",
    "'3HAD100'": "'SHCHF'"
  },
  {
    "'12DGR180ti'": "'EX_sheme(e)'",
    "'3HAD100'": "'UPP3MT3'"
  },
  {
    "'12DGR180ti'": "'EX_spmd(e)'",
    "'3HAD100'": "'SPMS'"
  },
  {
    "'12DGR180ti'": "'EX_thymd(e)'",
    "'3HAD100'": "'TMDSf2'"
  },
  {
    "'12DGR180ti'": "'EX_trp_L(e)'",
    "'3HAD100'": "'IGPS'"
  },
  {
    "'12DGR180ti'": "'EX_trp_L(e)'",
    "'3HAD100'": "'PRAI'"
  },
  {
    "'12DGR180ti'": "'FRD2'",
    "'3HAD100'": "'NO3R2'"
  },
  {
    "'12DGR180ti'": "'FRD2'",
    "'3HAD100'": "'NO3t2'"
  },
  {
    "'12DGR180ti'": "'FRTT'",
    "'3HAD100'": "'MK7te'"
  },
  {
    "'12DGR180ti'": "'FRTT'",
    "'3HAD100'": "'Q8abc'"
  },
  {
    "'12DGR180ti'": "'FTHFL'",
    "'3HAD100'": "'MTHFC'"
  },
  {
    "'12DGR180ti'": "'FTHFL'",
    "'3HAD100'": "'MTHFD'"
  },
  {
    "'12DGR180ti'": "'GALT'",
    "'3HAD100'": "'GALU'"
  },
  {
    "'12DGR180ti'": "'GARFTi'",
    "'3HAD100'": "'GART'"
  },
  {
    "'12DGR180ti'": "'GGTT'",
    "'3HAD100'": "'MK7te'"
  },
  {
    "'12DGR180ti'": "'GGTT'",
    "'3HAD100'": "'Q8abc'"
  },
  {
    "'12DGR180ti'": "'GK1'",
    "'3HAD100'": "'GK2'"
  },
  {
    "'12DGR180ti'": "'GMPS2'",
    "'3HAD100'": "'GUAPRT'"
  },
  {
    "'12DGR180ti'": "'H2CO3D'",
    "'3HAD100'": "'MALCOAPYRCT'"
  },
  {
    "'12DGR180ti'": "'HBZOPT'",
    "'3HAD100'": "'Q8abc'"
  },
  {
    "'12DGR180ti'": "'HEXTT'",
    "'3HAD100'": "'MK7te'"
  },
  {
    "'12DGR180ti'": "'HEXTT'",
    "'3HAD100'": "'Q8abc'"
  },
  {
    "'12DGR180ti'": "'HKt'",
    "'3HAD100'": "'Kt1r'"
  },
  {
    "'12DGR180ti'": "'ICHORS'",
    "'3HAD100'": "'MK7te'"
  },
  {
    "'12DGR180ti'": "'IGPS'",
    "'3HAD100'": "'TRPt2r'"
  },
  {
    "'12DGR180ti'": "'IPDPS'",
    "'3HAD100'": "'IPDPS2'"
  },
  {
    "'12DGR180ti'": "'MG2abc'",
    "'3HAD100'": "'MGt5'"
  },
  {
    "'12DGR180ti'": "'MK7te'",
    "'3HAD100'": "'NPHS'"
  },
  {
    "'12DGR180ti'": "'MK7te'",
    "'3HAD100'": "'PPTT'"
  },
  {
    "'12DGR180ti'": "'MK7te'",
    "'3HAD100'": "'SUCBZL'"
  },
  {
    "'12DGR180ti'": "'MK7te'",
    "'3HAD100'": "'SUCBZS'"
  },
  {
    "'12DGR180ti'": "'NACt2r'",
    "'3HAD100'": "'NAPRT'"
  },
  {
    "'12DGR180ti'": "'NADK'",
    "'3HAD100'": "'NADK2'"
  },
  {
    "'12DGR180ti'": "'NAPRT'",
    "'3HAD100'": "'NNDPR'"
  },
  {
    "'12DGR180ti'": "'NAPRT'",
    "'3HAD100'": "'O2t'"
  },
  {
    "'12DGR180ti'": "'NAPRT'",
    "'3HAD100'": "'QULNS'"
  },
  {
    "'12DGR180ti'": "'NAPRT'",
    "'3HAD100'": "'THIORDXi'"
  },
  {
    "'12DGR180ti'": "'NAPRT'",
    "'3HAD100'": "'TRDRr'"
  },
  {
    "'12DGR180ti'": "'NDPK2'",
    "'3HAD100'": "'UTPATPT'"
  },
  {
    "'12DGR180ti'": "'NMNAT'",
    "'3HAD100'": "'NNATr'"
  },
  {
    "'12DGR180ti'": "'NMNP'",
    "'3HAD100'": "'NNATr'"
  },
  {
    "'12DGR180ti'": "'O2t'",
    "'3HAD100'": "'PPPGO3'"
  },
  {
    "'12DGR180ti'": "'OHPHM'",
    "'3HAD100'": "'Q8abc'"
  },
  {
    "'12DGR180ti'": "'OMBZLM'",
    "'3HAD100'": "'Q8abc'"
  },
  {
    "'12DGR180ti'": "'OMMBLHX3'",
    "'3HAD100'": "'Q8abc'"
  },
  {
    "'12DGR180ti'": "'OMPHHX3'",
    "'3HAD100'": "'Q8abc'"
  },
  {
    "'12DGR180ti'": "'OPHBDC'",
    "'3HAD100'": "'Q8abc'"
  },
  {
    "'12DGR180ti'": "'OPHHX3'",
    "'3HAD100'": "'Q8abc'"
  },
  {
    "'12DGR180ti'": "'ORNDC'",
    "'3HAD100'": "'PTRCabc'"
  },
  {
    "'12DGR180ti'": "'P1CM'",
    "'3HAD100'": "'SHEMEabc'"
  },
  {
    "'12DGR180ti'": "'PGCDr'",
    "'3HAD100'": "'SERt2r'"
  },
  {
    "'12DGR180ti'": "'PMDPHT'",
    "'3HAD100'": "'RIBFLVt2r'"
  },
  {
    "'12DGR180ti'": "'PPNCL3'",
    "'3HAD100'": "'r0671'"
  },
  {
    "'12DGR180ti'": "'PPPGO3'",
    "'3HAD100'": "'PPPH'"
  },
  {
    "'12DGR180ti'": "'PPTT'",
    "'3HAD100'": "'Q8abc'"
  },
  {
    "'12DGR180ti'": "'PRAI'",
    "'3HAD100'": "'TRPt2r'"
  },
  {
    "'12DGR180ti'": "'PSERT'",
    "'3HAD100'": "'SERt2r'"
  },
  {
    "'12DGR180ti'": "'PSP_L'",
    "'3HAD100'": "'SERt2r'"
  },
  {
    "'12DGR180ti'": "'Q8abc'",
    "'3HAD100'": "'TYRL'"
  },
  {
    "'12DGR180ti'": "'RBFSa'",
    "'3HAD100'": "'RIBFLVt2r'"
  },
  {
    "'12DGR180ti'": "'RBFSb'",
    "'3HAD100'": "'RIBFLVt2r'"
  },
  {
    "'12DGR180ti'": "'RPE'",
    "'3HAD100'": "'TKT1'"
  },
  {
    "'12DGR180ti'": "'RPE'",
    "'3HAD100'": "'TKT2'"
  },
  {
    "'12DGR180ti'": "'RPI'",
    "'3HAD100'": "'TKT2'"
  },
  {
    "'12DGR180ti'": "'SHCHD2'",
    "'3HAD100'": "'SHEMEabc'"
  },
  {
    "'12DGR180ti'": "'SHCHF'",
    "'3HAD100'": "'SHEMEabc'"
  },
  {
    "'12DGR180ti'": "'SHEMEabc'",
    "'3HAD100'": "'UPP3MT3'"
  },
  {
    "'12DGR180ti'": "'SPMDabc'",
    "'3HAD100'": "'SPMS'"
  },
  {
    "'12DGR180ti'": "'THMDt2r'",
    "'3HAD100'": "'TMDSf2'"
  },
  {
    "'12DGR180ti'": "'TKT1'",
    "'3HAD100'": "'TKT2'"
  },
  {
    "'12DGR180ti'": "'TRDRr'",
    "'3HAD100'": "'r0345'"
  },
  {
    "'12DGR180ti'": "'TRDRr'",
    "'3HAD100'": "'r0456'"
  },
  {
    "'12DGR180ti'": "'UAG2EMA'",
    "'3HAD100'": "'UAGDP'"
  }
]