[
  {
    "'g.203.peg.880'": "'Unknown'"
  },
  {
    "'g.203.peg.880'": "'g.203.peg.22'"
  },
  {
    "'g.203.peg.880'": "'g.203.peg.765'"
  },
  {
    "'g.203.peg.880'": "'g.203.peg.1540'"
  },
  {
    "'g.203.peg.880'": "'195103.9.peg.1243'"
  },
  {
    "'g.203.peg.880'": "'g.203.peg.840'"
  },
  {
    "'g.203.peg.880'": "'g.203.peg.748'"
  },
  {
    "'g.203.peg.880'": "'195103.9.peg.1244'"
  },
  {
    "'g.203.peg.880'": "'g.203.peg.189'"
  },
  {
    "'g.203.peg.880'": "'195103.9.peg.2099'"
  },
  {
    "'g.203.peg.880'": "'195103.9.peg.1875'"
  },
  {
    "'g.203.peg.880'": "'g.203.peg.130'"
  },
  {
    "'g.203.peg.880'": "'g.203.peg.1850'"
  },
  {
    "'g.203.peg.880'": "'g.203.peg.1410'"
  },
  {
    "'g.203.peg.880'": "'g.203.peg.1874'"
  },
  {
    "'g.203.peg.880'": "'195103.9.peg.662'"
  },
  {
    "'g.203.peg.880'": "'g.203.peg.479'"
  },
  {
    "'g.203.peg.880'": "'g.203.peg.2795'"
  },
  {
    "'g.203.peg.880'": "'195103.9.peg.42'"
  },
  {
    "'g.203.peg.880'": "'195103.9.peg.2113'"
  },
  {
    "'g.203.peg.880'": "'g.203.peg.2775'"
  },
  {
    "'g.203.peg.880'": "'g.203.peg.2204'"
  },
  {
    "'g.203.peg.880'": "'g.203.peg.1962'"
  },
  {
    "'g.203.peg.880'": "'g.203.peg.852'"
  },
  {
    "'g.203.peg.880'": "'195103.9.peg.2187'"
  },
  {
    "'g.203.peg.880'": "'g.203.peg.879'"
  },
  {
    "'g.203.peg.880'": "'g.203.peg.391'"
  },
  {
    "'g.203.peg.880'": "'195103.9.peg.2017'"
  },
  {
    "'g.203.peg.880'": "'195103.9.peg.1879'"
  },
  {
    "'g.203.peg.880'": "'g.203.peg.744'"
  },
  {
    "'g.203.peg.880'": "'g.203.peg.1159'"
  },
  {
    "'g.203.peg.880'": "'g.203.peg.90'"
  },
  {
    "'g.203.peg.880'": "'195103.9.peg.647'"
  },
  {
    "'g.203.peg.880'": "'195103.9.peg.2772'"
  },
  {
    "'g.203.peg.880'": "'g.203.peg.590'"
  },
  {
    "'g.203.peg.880'": "'g.203.peg.918'"
  },
  {
    "'g.203.peg.880'": "'195103.9.peg.1227'"
  },
  {
    "'g.203.peg.880'": "'g.203.peg.429'"
  },
  {
    "'g.203.peg.880'": "'195103.9.peg.1494'"
  },
  {
    "'g.203.peg.880'": "'195103.9.peg.1714'"
  },
  {
    "'g.203.peg.880'": "'195103.10.peg.1715'"
  },
  {
    "'g.203.peg.880'": "'g.203.peg.666'"
  },
  {
    "'g.203.peg.880'": "'g.203.peg.1738'"
  },
  {
    "'g.203.peg.880'": "'g.203.peg.1732'"
  },
  {
    "'g.203.peg.880'": "'g.203.peg.1465'"
  },
  {
    "'g.203.peg.880'": "'g.203.peg.1474'"
  },
  {
    "'g.203.peg.880'": "'g.203.peg.962'"
  },
  {
    "'g.203.peg.880'": "'g.203.peg.26'"
  },
  {
    "'g.203.peg.880'": "'g.203.peg.1318'"
  },
  {
    "'g.203.peg.880'": "'195103.9.peg.2671'"
  },
  {
    "'g.203.peg.880'": "'g.203.peg.197'"
  },
  {
    "'g.203.peg.880'": "'195103.9.peg.1943'"
  },
  {
    "'g.203.peg.880'": "'195103.9.peg.651'"
  },
  {
    "'g.203.peg.880'": "'195103.9.peg.648'"
  },
  {
    "'g.203.peg.880'": "'195103.9.peg.644'"
  },
  {
    "'g.203.peg.880'": "'195103.9.peg.661'"
  },
  {
    "'g.203.peg.880'": "'g.203.peg.618'"
  },
  {
    "'g.203.peg.880'": "'g.203.peg.476'"
  },
  {
    "'g.203.peg.880'": "'g.203.peg.2024'"
  },
  {
    "'g.203.peg.880'": "'195103.9.peg.665'"
  },
  {
    "'g.203.peg.880'": "'g.203.peg.382'"
  },
  {
    "'g.203.peg.880'": "'g.203.peg.1775'"
  },
  {
    "'g.203.peg.880'": "'195103.9.peg.1799'"
  },
  {
    "'g.203.peg.880'": "'195103.9.peg.1492'"
  },
  {
    "'g.203.peg.880'": "'g.203.peg.1877'"
  },
  {
    "'g.203.peg.880'": "'g.203.peg.1742'"
  },
  {
    "'g.203.peg.880'": "'g.203.peg.1068'"
  },
  {
    "'g.203.peg.880'": "'g.203.peg.1645'"
  },
  {
    "'g.203.peg.880'": "'g.203.peg.1658'"
  },
  {
    "'g.203.peg.880'": "'g.203.peg.2321'"
  },
  {
    "'g.203.peg.880'": "'195103.9.peg.1895'"
  },
  {
    "'g.203.peg.880'": "'g.203.peg.1923'"
  },
  {
    "'g.203.peg.880'": "'g.203.peg.29'"
  },
  {
    "'g.203.peg.880'": "'g.203.peg.929'"
  },
  {
    "'g.203.peg.880'": "'g.203.peg.1089'"
  },
  {
    "'g.203.peg.880'": "'g.203.peg.1160'"
  },
  {
    "'g.203.peg.880'": "'g.203.peg.1179'"
  },
  {
    "'g.203.peg.880'": "'g.203.peg.1228'"
  },
  {
    "'g.203.peg.880'": "'g.203.peg.1296'"
  },
  {
    "'g.203.peg.880'": "'g.203.peg.1616'"
  },
  {
    "'g.203.peg.880'": "'g.203.peg.1663'"
  },
  {
    "'g.203.peg.880'": "'g.203.peg.1669'"
  },
  {
    "'g.203.peg.880'": "'g.203.peg.1729'"
  },
  {
    "'g.203.peg.880'": "'g.203.peg.1803'"
  },
  {
    "'g.203.peg.880'": "'g.203.peg.1844'"
  },
  {
    "'g.203.peg.880'": "'g.203.peg.1886'"
  },
  {
    "'g.203.peg.880'": "'g.203.peg.1984'"
  },
  {
    "'g.203.peg.880'": "'g.203.peg.2190'"
  },
  {
    "'g.203.peg.880'": "'g.203.peg.2408'"
  },
  {
    "'g.203.peg.880'": "'g.203.peg.2462'"
  },
  {
    "'g.203.peg.880'": "'g.203.peg.2713'"
  },
  {
    "'g.203.peg.880'": "'g.203.peg.710'"
  },
  {
    "'g.203.peg.880'": "'g.203.peg.1011'"
  },
  {
    "'g.203.peg.880'": "'g.203.peg.1029'"
  },
  {
    "'g.203.peg.880'": "'g.203.peg.1030'"
  },
  {
    "'g.203.peg.880'": "'g.203.peg.1036'"
  },
  {
    "'g.203.peg.880'": "'g.203.peg.1046'"
  },
  {
    "'g.203.peg.880'": "'g.203.peg.1064'"
  },
  {
    "'g.203.peg.880'": "'g.203.peg.1090'"
  },
  {
    "'g.203.peg.880'": "'g.203.peg.1127'"
  },
  {
    "'g.203.peg.880'": "'g.203.peg.1135'"
  },
  {
    "'g.203.peg.880'": "'g.203.peg.1145'"
  },
  {
    "'g.203.peg.880'": "'g.203.peg.1150'"
  },
  {
    "'g.203.peg.880'": "'g.203.peg.1163'"
  },
  {
    "'g.203.peg.880'": "'g.203.peg.1169'"
  },
  {
    "'g.203.peg.880'": "'g.203.peg.1171'"
  },
  {
    "'g.203.peg.880'": "'g.203.peg.1173'"
  },
  {
    "'g.203.peg.880'": "'g.203.peg.1184'"
  },
  {
    "'g.203.peg.880'": "'g.203.peg.1196'"
  },
  {
    "'g.203.peg.880'": "'g.203.peg.1201'"
  },
  {
    "'g.203.peg.880'": "'g.203.peg.1210'"
  },
  {
    "'g.203.peg.880'": "'g.203.peg.1220'"
  },
  {
    "'g.203.peg.880'": "'g.203.peg.1230'"
  },
  {
    "'g.203.peg.880'": "'g.203.peg.1234'"
  },
  {
    "'g.203.peg.880'": "'g.203.peg.1268'"
  },
  {
    "'g.203.peg.880'": "'g.203.peg.1280'"
  },
  {
    "'g.203.peg.880'": "'g.203.peg.1286'"
  },
  {
    "'g.203.peg.880'": "'g.203.peg.1291'"
  },
  {
    "'g.203.peg.880'": "'g.203.peg.1299'"
  },
  {
    "'g.203.peg.880'": "'g.203.peg.1306'"
  },
  {
    "'g.203.peg.880'": "'g.203.peg.1316'"
  },
  {
    "'g.203.peg.880'": "'g.203.peg.1354'"
  },
  {
    "'g.203.peg.880'": "'g.203.peg.1393'"
  },
  {
    "'g.203.peg.880'": "'g.203.peg.1404'"
  },
  {
    "'g.203.peg.880'": "'g.203.peg.1417'"
  },
  {
    "'g.203.peg.880'": "'g.203.peg.1490'"
  },
  {
    "'g.203.peg.880'": "'g.203.peg.1513'"
  },
  {
    "'g.203.peg.880'": "'g.203.peg.1532'"
  },
  {
    "'g.203.peg.880'": "'g.203.peg.1577'"
  },
  {
    "'g.203.peg.880'": "'g.203.peg.160'"
  },
  {
    "'g.203.peg.880'": "'g.203.peg.1652'"
  },
  {
    "'g.203.peg.880'": "'g.203.peg.1654'"
  },
  {
    "'g.203.peg.880'": "'g.203.peg.1662'"
  },
  {
    "'g.203.peg.880'": "'g.203.peg.1666'"
  },
  {
    "'g.203.peg.880'": "'g.203.peg.1675'"
  },
  {
    "'g.203.peg.880'": "'g.203.peg.1705'"
  },
  {
    "'g.203.peg.880'": "'g.203.peg.1716'"
  },
  {
    "'g.203.peg.880'": "'g.203.peg.1724'"
  },
  {
    "'g.203.peg.880'": "'g.203.peg.1762'"
  },
  {
    "'g.203.peg.880'": "'g.203.peg.1780'"
  },
  {
    "'g.203.peg.880'": "'g.203.peg.1833'"
  },
  {
    "'g.203.peg.880'": "'g.203.peg.1869'"
  },
  {
    "'g.203.peg.880'": "'g.203.peg.1889'"
  },
  {
    "'g.203.peg.880'": "'g.203.peg.1908'"
  },
  {
    "'g.203.peg.880'": "'g.203.peg.1909'"
  },
  {
    "'g.203.peg.880'": "'g.203.peg.1941'"
  },
  {
    "'g.203.peg.880'": "'g.203.peg.1947'"
  },
  {
    "'g.203.peg.880'": "'g.203.peg.1952'"
  },
  {
    "'g.203.peg.880'": "'g.203.peg.1981'"
  },
  {
    "'g.203.peg.880'": "'g.203.peg.2031'"
  },
  {
    "'g.203.peg.880'": "'g.203.peg.2353'"
  },
  {
    "'g.203.peg.880'": "'g.203.peg.2416'"
  },
  {
    "'g.203.peg.880'": "'g.203.peg.2429'"
  },
  {
    "'g.203.peg.880'": "'g.203.peg.265'"
  },
  {
    "'g.203.peg.880'": "'g.203.peg.2693'"
  },
  {
    "'g.203.peg.880'": "'g.203.peg.2720'"
  },
  {
    "'g.203.peg.880'": "'g.203.peg.2845'"
  },
  {
    "'g.203.peg.880'": "'g.203.peg.347'"
  },
  {
    "'g.203.peg.880'": "'g.203.peg.952'"
  },
  {
    "'g.203.peg.880'": "'g.203.peg.1097'"
  },
  {
    "'g.203.peg.880'": "'g.203.peg.1372'"
  },
  {
    "'g.203.peg.880'": "'g.203.peg.1494'"
  },
  {
    "'g.203.peg.880'": "'g.203.peg.1523'"
  },
  {
    "'g.203.peg.880'": "'g.203.peg.1656'"
  },
  {
    "'g.203.peg.880'": "'g.203.peg.1676'"
  },
  {
    "'g.203.peg.880'": "'g.203.peg.1818'"
  },
  {
    "'g.203.peg.880'": "'g.203.peg.1898'"
  },
  {
    "'g.203.peg.880'": "'g.203.peg.209'"
  },
  {
    "'g.203.peg.880'": "'g.203.peg.2599'"
  },
  {
    "'g.203.peg.880'": "'g.203.peg.604'"
  }
]