[
  {
    "'23DHMPO'": "'23DHMPO'",
    "'EX_ile_L(e)'": "'ILEt2r'",
    "'KARA2'": "'KARA2'"
  },
  {
    "'23DHMPO'": "'2AHBUTI'",
    "'EX_ile_L(e)'": "'EX_ile_L(e)'",
    "'KARA2'": "'KARA2'"
  },
  {
    "'23DHMPO'": "'2AHBUTI'",
    "'EX_ile_L(e)'": "'ILEt2r'",
    "'KARA2'": "'KARA2'"
  },
  {
    "'23DHMPO'": "'ACGAMK'",
    "'EX_ile_L(e)'": "'AMANAPEr'",
    "'KARA2'": "'GF6PTA'"
  },
  {
    "'23DHMPO'": "'ACGAMK'",
    "'EX_ile_L(e)'": "'AMANK'",
    "'KARA2'": "'GF6PTA'"
  },
  {
    "'23DHMPO'": "'ACGAabc'",
    "'EX_ile_L(e)'": "'ACNML'",
    "'KARA2'": "'GF6PTA'"
  },
  {
    "'23DHMPO'": "'ACKr'",
    "'EX_ile_L(e)'": "'ACt2r'",
    "'KARA2'": "'GF6PTA'"
  },
  {
    "'23DHMPO'": "'ACKr'",
    "'EX_ile_L(e)'": "'ATPS4'",
    "'KARA2'": "'ENO'"
  },
  {
    "'23DHMPO'": "'ACKr'",
    "'EX_ile_L(e)'": "'ATPS4'",
    "'KARA2'": "'GAPD'"
  },
  {
    "'23DHMPO'": "'ACKr'",
    "'EX_ile_L(e)'": "'ATPS4'",
    "'KARA2'": "'PGK'"
  },
  {
    "'23DHMPO'": "'ACKr'",
    "'EX_ile_L(e)'": "'ATPS4'",
    "'KARA2'": "'PGM'"
  },
  {
    "'23DHMPO'": "'ACKr'",
    "'EX_ile_L(e)'": "'EX_ac(e)'",
    "'KARA2'": "'GF6PTA'"
  },
  {
    "'23DHMPO'": "'ACKr'",
    "'EX_ile_L(e)'": "'PDHa'",
    "'KARA2'": "'PFL'"
  },
  {
    "'23DHMPO'": "'ACKr'",
    "'EX_ile_L(e)'": "'PDHbr'",
    "'KARA2'": "'PFL'"
  },
  {
    "'23DHMPO'": "'ACKr'",
    "'EX_ile_L(e)'": "'PDHc'",
    "'KARA2'": "'PFL'"
  },
  {
    "'23DHMPO'": "'ACLS_a'",
    "'EX_ile_L(e)'": "'EX_ile_L(e)'",
    "'KARA2'": "'LPAMS'"
  },
  {
    "'23DHMPO'": "'ACLS_a'",
    "'EX_ile_L(e)'": "'EX_ile_L(e)'",
    "'KARA2'": "'PDHa'"
  },
  {
    "'23DHMPO'": "'ACLS_a'",
    "'EX_ile_L(e)'": "'EX_val_L(e)'",
    "'KARA2'": "'LPAMS'"
  },
  {
    "'23DHMPO'": "'ACLS_a'",
    "'EX_ile_L(e)'": "'EX_val_L(e)'",
    "'KARA2'": "'PDHa'"
  },
  {
    "'23DHMPO'": "'ACLS_a'",
    "'EX_ile_L(e)'": "'ILEt2r'",
    "'KARA2'": "'LPAMS'"
  },
  {
    "'23DHMPO'": "'ACLS_a'",
    "'EX_ile_L(e)'": "'ILEt2r'",
    "'KARA2'": "'PDHa'"
  },
  {
    "'23DHMPO'": "'ACLS_a'",
    "'EX_ile_L(e)'": "'LPAMS'",
    "'KARA2'": "'VALTA'"
  },
  {
    "'23DHMPO'": "'ACLS_a'",
    "'EX_ile_L(e)'": "'LPAMS'",
    "'KARA2'": "'VALt2r'"
  },
  {
    "'23DHMPO'": "'ACLS_a'",
    "'EX_ile_L(e)'": "'PDHa'",
    "'KARA2'": "'VALTA'"
  },
  {
    "'23DHMPO'": "'ACLS_a'",
    "'EX_ile_L(e)'": "'PDHa'",
    "'KARA2'": "'VALt2r'"
  },
  {
    "'23DHMPO'": "'ACNML'",
    "'EX_ile_L(e)'": "'EX_acgam(e)'",
    "'KARA2'": "'GF6PTA'"
  },
  {
    "'23DHMPO'": "'ACt2r'",
    "'EX_ile_L(e)'": "'ATPS4'",
    "'KARA2'": "'ENO'"
  },
  {
    "'23DHMPO'": "'ACt2r'",
    "'EX_ile_L(e)'": "'ATPS4'",
    "'KARA2'": "'GAPD'"
  },
  {
    "'23DHMPO'": "'ACt2r'",
    "'EX_ile_L(e)'": "'ATPS4'",
    "'KARA2'": "'PGK'"
  },
  {
    "'23DHMPO'": "'ACt2r'",
    "'EX_ile_L(e)'": "'ATPS4'",
    "'KARA2'": "'PGM'"
  },
  {
    "'23DHMPO'": "'ACt2r'",
    "'EX_ile_L(e)'": "'GF6PTA'",
    "'KARA2'": "'PTAr'"
  },
  {
    "'23DHMPO'": "'ADK11'",
    "'EX_ile_L(e)'": "'NDPK6'",
    "'KARA2'": "'RNDR4'"
  },
  {
    "'23DHMPO'": "'ADK5'",
    "'EX_ile_L(e)'": "'CYTDt2r'",
    "'KARA2'": "'NDPK3'"
  },
  {
    "'23DHMPO'": "'ADK5'",
    "'EX_ile_L(e)'": "'EX_cytd(e)'",
    "'KARA2'": "'NDPK3'"
  },
  {
    "'23DHMPO'": "'ADK5'",
    "'EX_ile_L(e)'": "'NDPK3'",
    "'KARA2'": "'NTD4'"
  },
  {
    "'23DHMPO'": "'ADK7'",
    "'EX_ile_L(e)'": "'GK1'",
    "'KARA2'": "'NDPK8'"
  },
  {
    "'23DHMPO'": "'ADK8'",
    "'EX_ile_L(e)'": "'NDPK7'",
    "'KARA2'": "'RNTR3'"
  },
  {
    "'23DHMPO'": "'ADK9'",
    "'EX_ile_L(e)'": "'NDPK5'",
    "'KARA2'": "'RNTR2'"
  },
  {
    "'23DHMPO'": "'AHC'",
    "'EX_ile_L(e)'": "'EX_glyc3p(e)'",
    "'KARA2'": "'EX_pi(e)'"
  },
  {
    "'23DHMPO'": "'AHC'",
    "'EX_ile_L(e)'": "'EX_glyc3p(e)'",
    "'KARA2'": "'PIt6b'"
  },
  {
    "'23DHMPO'": "'AHC'",
    "'EX_ile_L(e)'": "'EX_pi(e)'",
    "'KARA2'": "'GLYC3Pabc'"
  },
  {
    "'23DHMPO'": "'AHC'",
    "'EX_ile_L(e)'": "'EX_pi(e)'",
    "'KARA2'": "'TPI'"
  },
  {
    "'23DHMPO'": "'AHC'",
    "'EX_ile_L(e)'": "'GLYC3Pabc'",
    "'KARA2'": "'PIt6b'"
  },
  {
    "'23DHMPO'": "'AHC'",
    "'EX_ile_L(e)'": "'PIt6b'",
    "'KARA2'": "'TPI'"
  },
  {
    "'23DHMPO'": "'AHCYSNS_r'",
    "'EX_ile_L(e)'": "'EX_glyc3p(e)'",
    "'KARA2'": "'EX_pi(e)'"
  },
  {
    "'23DHMPO'": "'AHCYSNS_r'",
    "'EX_ile_L(e)'": "'EX_glyc3p(e)'",
    "'KARA2'": "'PIt6b'"
  },
  {
    "'23DHMPO'": "'AHCYSNS_r'",
    "'EX_ile_L(e)'": "'EX_pi(e)'",
    "'KARA2'": "'GLYC3Pabc'"
  },
  {
    "'23DHMPO'": "'AHCYSNS_r'",
    "'EX_ile_L(e)'": "'EX_pi(e)'",
    "'KARA2'": "'TPI'"
  },
  {
    "'23DHMPO'": "'AHCYSNS_r'",
    "'EX_ile_L(e)'": "'GLYC3Pabc'",
    "'KARA2'": "'PIt6b'"
  },
  {
    "'23DHMPO'": "'AHCYSNS_r'",
    "'EX_ile_L(e)'": "'PIt6b'",
    "'KARA2'": "'TPI'"
  },
  {
    "'23DHMPO'": "'AKGS'",
    "'EX_ile_L(e)'": "'EX_succ(e)'",
    "'KARA2'": "'FUM'"
  },
  {
    "'23DHMPO'": "'AKGS'",
    "'EX_ile_L(e)'": "'FUM'",
    "'KARA2'": "'SUCCt2r'"
  },
  {
    "'23DHMPO'": "'ALACI'",
    "'EX_ile_L(e)'": "'EX_val_L(e)'",
    "'KARA2'": "'KARA1'"
  },
  {
    "'23DHMPO'": "'ALACI'",
    "'EX_ile_L(e)'": "'KARA1'",
    "'KARA2'": "'VALTA'"
  },
  {
    "'23DHMPO'": "'ALACI'",
    "'EX_ile_L(e)'": "'KARA1'",
    "'KARA2'": "'VALt2r'"
  },
  {
    "'23DHMPO'": "'ALATHR1c'",
    "'EX_ile_L(e)'": "'EX_thr_L(e)'",
    "'KARA2'": "'HSK'"
  },
  {
    "'23DHMPO'": "'ALATHR1c'",
    "'EX_ile_L(e)'": "'EX_thr_L(e)'",
    "'KARA2'": "'THRS'"
  },
  {
    "'23DHMPO'": "'ALATHR1c'",
    "'EX_ile_L(e)'": "'HSK'",
    "'KARA2'": "'THRt2r'"
  },
  {
    "'23DHMPO'": "'ALATHR1c'",
    "'EX_ile_L(e)'": "'THRS'",
    "'KARA2'": "'THRt2r'"
  },
  {
    "'23DHMPO'": "'ALATHRabc'",
    "'EX_ile_L(e)'": "'EX_thr_L(e)'",
    "'KARA2'": "'HSK'"
  },
  {
    "'23DHMPO'": "'ALATHRabc'",
    "'EX_ile_L(e)'": "'EX_thr_L(e)'",
    "'KARA2'": "'THRS'"
  },
  {
    "'23DHMPO'": "'ALATHRabc'",
    "'EX_ile_L(e)'": "'HSK'",
    "'KARA2'": "'THRt2r'"
  },
  {
    "'23DHMPO'": "'ALATHRabc'",
    "'EX_ile_L(e)'": "'THRS'",
    "'KARA2'": "'THRt2r'"
  },
  {
    "'23DHMPO'": "'AMPTASECG'",
    "'EX_ile_L(e)'": "'AMPTASEGC'",
    "'KARA2'": "'CYSt2r'"
  },
  {
    "'23DHMPO'": "'AMPTASECG'",
    "'EX_ile_L(e)'": "'AMPTASEGC'",
    "'KARA2'": "'EX_cys_L(e)'"
  },
  {
    "'23DHMPO'": "'AMPTASECG'",
    "'EX_ile_L(e)'": "'CYSt2r'",
    "'KARA2'": "'EX_glycys(e)'"
  },
  {
    "'23DHMPO'": "'AMPTASECG'",
    "'EX_ile_L(e)'": "'CYSt2r'",
    "'KARA2'": "'GLYCYSabc'"
  },
  {
    "'23DHMPO'": "'AMPTASECG'",
    "'EX_ile_L(e)'": "'EX_cys_L(e)'",
    "'KARA2'": "'EX_glycys(e)'"
  },
  {
    "'23DHMPO'": "'AMPTASECG'",
    "'EX_ile_L(e)'": "'EX_cys_L(e)'",
    "'KARA2'": "'GLYCYSabc'"
  },
  {
    "'23DHMPO'": "'AMPTASEGC'",
    "'EX_ile_L(e)'": "'CGLYabc'",
    "'KARA2'": "'CYSt2r'"
  },
  {
    "'23DHMPO'": "'AMPTASEGC'",
    "'EX_ile_L(e)'": "'CGLYabc'",
    "'KARA2'": "'EX_cys_L(e)'"
  },
  {
    "'23DHMPO'": "'AMPTASEGC'",
    "'EX_ile_L(e)'": "'CYSt2r'",
    "'KARA2'": "'EX_cgly(e)'"
  },
  {
    "'23DHMPO'": "'AMPTASEGC'",
    "'EX_ile_L(e)'": "'EX_cgly(e)'",
    "'KARA2'": "'EX_cys_L(e)'"
  },
  {
    "'23DHMPO'": "'ASPCT'",
    "'EX_ile_L(e)'": "'CYTDK3'",
    "'KARA2'": "'EX_ura(e)'"
  },
  {
    "'23DHMPO'": "'ASPCT'",
    "'EX_ile_L(e)'": "'CYTDK3'",
    "'KARA2'": "'UPPRT'"
  },
  {
    "'23DHMPO'": "'ASPCT'",
    "'EX_ile_L(e)'": "'CYTDK3'",
    "'KARA2'": "'URAt2'"
  },
  {
    "'23DHMPO'": "'ASPCT'",
    "'EX_ile_L(e)'": "'CYTDt2r'",
    "'KARA2'": "'EX_ura(e)'"
  },
  {
    "'23DHMPO'": "'ASPCT'",
    "'EX_ile_L(e)'": "'CYTDt2r'",
    "'KARA2'": "'UPPRT'"
  },
  {
    "'23DHMPO'": "'ASPCT'",
    "'EX_ile_L(e)'": "'CYTDt2r'",
    "'KARA2'": "'URAt2'"
  },
  {
    "'23DHMPO'": "'ASPCT'",
    "'EX_ile_L(e)'": "'CYTK1'",
    "'KARA2'": "'EX_ura(e)'"
  },
  {
    "'23DHMPO'": "'ASPCT'",
    "'EX_ile_L(e)'": "'CYTK1'",
    "'KARA2'": "'UPPRT'"
  },
  {
    "'23DHMPO'": "'ASPCT'",
    "'EX_ile_L(e)'": "'CYTK1'",
    "'KARA2'": "'URAt2'"
  },
  {
    "'23DHMPO'": "'ASPCT'",
    "'EX_ile_L(e)'": "'DCTPD2'",
    "'KARA2'": "'EX_ura(e)'"
  },
  {
    "'23DHMPO'": "'ASPCT'",
    "'EX_ile_L(e)'": "'DCTPD2'",
    "'KARA2'": "'UPPRT'"
  },
  {
    "'23DHMPO'": "'ASPCT'",
    "'EX_ile_L(e)'": "'DCTPD2'",
    "'KARA2'": "'URAt2'"
  },
  {
    "'23DHMPO'": "'ASPCT'",
    "'EX_ile_L(e)'": "'EX_cytd(e)'",
    "'KARA2'": "'EX_ura(e)'"
  },
  {
    "'23DHMPO'": "'ASPCT'",
    "'EX_ile_L(e)'": "'EX_cytd(e)'",
    "'KARA2'": "'UPPRT'"
  },
  {
    "'23DHMPO'": "'ASPCT'",
    "'EX_ile_L(e)'": "'EX_cytd(e)'",
    "'KARA2'": "'URAt2'"
  },
  {
    "'23DHMPO'": "'ASPCT'",
    "'EX_ile_L(e)'": "'EX_ura(e)'",
    "'KARA2'": "'NDPK9'"
  },
  {
    "'23DHMPO'": "'ASPCT'",
    "'EX_ile_L(e)'": "'NDPK9'",
    "'KARA2'": "'UPPRT'"
  },
  {
    "'23DHMPO'": "'ASPCT'",
    "'EX_ile_L(e)'": "'NDPK9'",
    "'KARA2'": "'URAt2'"
  },
  {
    "'23DHMPO'": "'ATPS4'",
    "'EX_ile_L(e)'": "'ENO'",
    "'KARA2'": "'EX_ac(e)'"
  },
  {
    "'23DHMPO'": "'ATPS4'",
    "'EX_ile_L(e)'": "'ENO'",
    "'KARA2'": "'PTAr'"
  },
  {
    "'23DHMPO'": "'ATPS4'",
    "'EX_ile_L(e)'": "'EX_ac(e)'",
    "'KARA2'": "'GAPD'"
  },
  {
    "'23DHMPO'": "'ATPS4'",
    "'EX_ile_L(e)'": "'EX_ac(e)'",
    "'KARA2'": "'PGK'"
  },
  {
    "'23DHMPO'": "'ATPS4'",
    "'EX_ile_L(e)'": "'EX_ac(e)'",
    "'KARA2'": "'PGM'"
  },
  {
    "'23DHMPO'": "'ATPS4'",
    "'EX_ile_L(e)'": "'GAPD'",
    "'KARA2'": "'PTAr'"
  },
  {
    "'23DHMPO'": "'ATPS4'",
    "'EX_ile_L(e)'": "'PGK'",
    "'KARA2'": "'PTAr'"
  },
  {
    "'23DHMPO'": "'ATPS4'",
    "'EX_ile_L(e)'": "'PGM'",
    "'KARA2'": "'PTAr'"
  },
  {
    "'23DHMPO'": "'CBPS'",
    "'EX_ile_L(e)'": "'CYTDK3'",
    "'KARA2'": "'EX_ura(e)'"
  },
  {
    "'23DHMPO'": "'CBPS'",
    "'EX_ile_L(e)'": "'CYTDK3'",
    "'KARA2'": "'UPPRT'"
  },
  {
    "'23DHMPO'": "'CBPS'",
    "'EX_ile_L(e)'": "'CYTDK3'",
    "'KARA2'": "'URAt2'"
  },
  {
    "'23DHMPO'": "'CBPS'",
    "'EX_ile_L(e)'": "'CYTDt2r'",
    "'KARA2'": "'EX_ura(e)'"
  },
  {
    "'23DHMPO'": "'CBPS'",
    "'EX_ile_L(e)'": "'CYTDt2r'",
    "'KARA2'": "'UPPRT'"
  },
  {
    "'23DHMPO'": "'CBPS'",
    "'EX_ile_L(e)'": "'CYTDt2r'",
    "'KARA2'": "'URAt2'"
  },
  {
    "'23DHMPO'": "'CBPS'",
    "'EX_ile_L(e)'": "'CYTK1'",
    "'KARA2'": "'EX_ura(e)'"
  },
  {
    "'23DHMPO'": "'CBPS'",
    "'EX_ile_L(e)'": "'CYTK1'",
    "'KARA2'": "'UPPRT'"
  },
  {
    "'23DHMPO'": "'CBPS'",
    "'EX_ile_L(e)'": "'CYTK1'",
    "'KARA2'": "'URAt2'"
  },
  {
    "'23DHMPO'": "'CBPS'",
    "'EX_ile_L(e)'": "'DCTPD2'",
    "'KARA2'": "'EX_ura(e)'"
  },
  {
    "'23DHMPO'": "'CBPS'",
    "'EX_ile_L(e)'": "'DCTPD2'",
    "'KARA2'": "'UPPRT'"
  },
  {
    "'23DHMPO'": "'CBPS'",
    "'EX_ile_L(e)'": "'DCTPD2'",
    "'KARA2'": "'URAt2'"
  },
  {
    "'23DHMPO'": "'CBPS'",
    "'EX_ile_L(e)'": "'EX_cytd(e)'",
    "'KARA2'": "'EX_ura(e)'"
  },
  {
    "'23DHMPO'": "'CBPS'",
    "'EX_ile_L(e)'": "'EX_cytd(e)'",
    "'KARA2'": "'UPPRT'"
  },
  {
    "'23DHMPO'": "'CBPS'",
    "'EX_ile_L(e)'": "'EX_cytd(e)'",
    "'KARA2'": "'URAt2'"
  },
  {
    "'23DHMPO'": "'CBPS'",
    "'EX_ile_L(e)'": "'EX_ura(e)'",
    "'KARA2'": "'NDPK9'"
  },
  {
    "'23DHMPO'": "'CBPS'",
    "'EX_ile_L(e)'": "'NDPK9'",
    "'KARA2'": "'UPPRT'"
  },
  {
    "'23DHMPO'": "'CBPS'",
    "'EX_ile_L(e)'": "'NDPK9'",
    "'KARA2'": "'URAt2'"
  },
  {
    "'23DHMPO'": "'CGLYabc'",
    "'EX_ile_L(e)'": "'CYSt2r'",
    "'KARA2'": "'EX_glycys(e)'"
  },
  {
    "'23DHMPO'": "'CGLYabc'",
    "'EX_ile_L(e)'": "'CYSt2r'",
    "'KARA2'": "'GLYCYSabc'"
  },
  {
    "'23DHMPO'": "'CGLYabc'",
    "'EX_ile_L(e)'": "'EX_cys_L(e)'",
    "'KARA2'": "'EX_glycys(e)'"
  },
  {
    "'23DHMPO'": "'CGLYabc'",
    "'EX_ile_L(e)'": "'EX_cys_L(e)'",
    "'KARA2'": "'GLYCYSabc'"
  },
  {
    "'23DHMPO'": "'CHORM'",
    "'EX_ile_L(e)'": "'EX_glytyr(e)'",
    "'KARA2'": "'EX_tyr_L(e)'"
  },
  {
    "'23DHMPO'": "'CHORM'",
    "'EX_ile_L(e)'": "'EX_glytyr(e)'",
    "'KARA2'": "'TYRt2r'"
  },
  {
    "'23DHMPO'": "'CHORM'",
    "'EX_ile_L(e)'": "'EX_tyr_L(e)'",
    "'KARA2'": "'GLYTYR1c'"
  },
  {
    "'23DHMPO'": "'CHORM'",
    "'EX_ile_L(e)'": "'EX_tyr_L(e)'",
    "'KARA2'": "'GLYTYRabc'"
  },
  {
    "'23DHMPO'": "'CHORM'",
    "'EX_ile_L(e)'": "'GLYTYR1c'",
    "'KARA2'": "'TYRt2r'"
  },
  {
    "'23DHMPO'": "'CHORM'",
    "'EX_ile_L(e)'": "'GLYTYRabc'",
    "'KARA2'": "'TYRt2r'"
  },
  {
    "'23DHMPO'": "'CTPS1'",
    "'EX_ile_L(e)'": "'CTPS2'",
    "'KARA2'": "'CYTDK3'"
  },
  {
    "'23DHMPO'": "'CTPS1'",
    "'EX_ile_L(e)'": "'CTPS2'",
    "'KARA2'": "'CYTDt2r'"
  },
  {
    "'23DHMPO'": "'CTPS1'",
    "'EX_ile_L(e)'": "'CTPS2'",
    "'KARA2'": "'CYTK1'"
  },
  {
    "'23DHMPO'": "'CTPS1'",
    "'EX_ile_L(e)'": "'CTPS2'",
    "'KARA2'": "'EX_cytd(e)'"
  },
  {
    "'23DHMPO'": "'CTPS1'",
    "'EX_ile_L(e)'": "'CTPS2'",
    "'KARA2'": "'NDPK9'"
  },
  {
    "'23DHMPO'": "'CYSt2r'",
    "'EX_ile_L(e)'": "'EX_cgly(e)'",
    "'KARA2'": "'EX_glycys(e)'"
  },
  {
    "'23DHMPO'": "'CYSt2r'",
    "'EX_ile_L(e)'": "'EX_cgly(e)'",
    "'KARA2'": "'GLYCYSabc'"
  },
  {
    "'23DHMPO'": "'CYTDK3'",
    "'EX_ile_L(e)'": "'DHORTS'",
    "'KARA2'": "'EX_ura(e)'"
  },
  {
    "'23DHMPO'": "'CYTDK3'",
    "'EX_ile_L(e)'": "'DHORTS'",
    "'KARA2'": "'UPPRT'"
  },
  {
    "'23DHMPO'": "'CYTDK3'",
    "'EX_ile_L(e)'": "'DHORTS'",
    "'KARA2'": "'URAt2'"
  },
  {
    "'23DHMPO'": "'CYTDK3'",
    "'EX_ile_L(e)'": "'EX_ura(e)'",
    "'KARA2'": "'H2CO3D'"
  },
  {
    "'23DHMPO'": "'CYTDK3'",
    "'EX_ile_L(e)'": "'EX_ura(e)'",
    "'KARA2'": "'OMPDC'"
  },
  {
    "'23DHMPO'": "'CYTDK3'",
    "'EX_ile_L(e)'": "'EX_ura(e)'",
    "'KARA2'": "'OROTPT'"
  },
  {
    "'23DHMPO'": "'CYTDK3'",
    "'EX_ile_L(e)'": "'H2CO3D'",
    "'KARA2'": "'UPPRT'"
  },
  {
    "'23DHMPO'": "'CYTDK3'",
    "'EX_ile_L(e)'": "'H2CO3D'",
    "'KARA2'": "'URAt2'"
  },
  {
    "'23DHMPO'": "'CYTDK3'",
    "'EX_ile_L(e)'": "'OMPDC'",
    "'KARA2'": "'UPPRT'"
  },
  {
    "'23DHMPO'": "'CYTDK3'",
    "'EX_ile_L(e)'": "'OMPDC'",
    "'KARA2'": "'URAt2'"
  },
  {
    "'23DHMPO'": "'CYTDK3'",
    "'EX_ile_L(e)'": "'OROTPT'",
    "'KARA2'": "'UPPRT'"
  },
  {
    "'23DHMPO'": "'CYTDK3'",
    "'EX_ile_L(e)'": "'OROTPT'",
    "'KARA2'": "'URAt2'"
  },
  {
    "'23DHMPO'": "'CYTDt2r'",
    "'EX_ile_L(e)'": "'DHORTS'",
    "'KARA2'": "'EX_ura(e)'"
  },
  {
    "'23DHMPO'": "'CYTDt2r'",
    "'EX_ile_L(e)'": "'DHORTS'",
    "'KARA2'": "'UPPRT'"
  },
  {
    "'23DHMPO'": "'CYTDt2r'",
    "'EX_ile_L(e)'": "'DHORTS'",
    "'KARA2'": "'URAt2'"
  },
  {
    "'23DHMPO'": "'CYTDt2r'",
    "'EX_ile_L(e)'": "'EX_ura(e)'",
    "'KARA2'": "'H2CO3D'"
  },
  {
    "'23DHMPO'": "'CYTDt2r'",
    "'EX_ile_L(e)'": "'EX_ura(e)'",
    "'KARA2'": "'OMPDC'"
  },
  {
    "'23DHMPO'": "'CYTDt2r'",
    "'EX_ile_L(e)'": "'EX_ura(e)'",
    "'KARA2'": "'OROTPT'"
  },
  {
    "'23DHMPO'": "'CYTDt2r'",
    "'EX_ile_L(e)'": "'H2CO3D'",
    "'KARA2'": "'UPPRT'"
  },
  {
    "'23DHMPO'": "'CYTDt2r'",
    "'EX_ile_L(e)'": "'H2CO3D'",
    "'KARA2'": "'URAt2'"
  },
  {
    "'23DHMPO'": "'CYTDt2r'",
    "'EX_ile_L(e)'": "'OMPDC'",
    "'KARA2'": "'UPPRT'"
  },
  {
    "'23DHMPO'": "'CYTDt2r'",
    "'EX_ile_L(e)'": "'OMPDC'",
    "'KARA2'": "'URAt2'"
  },
  {
    "'23DHMPO'": "'CYTDt2r'",
    "'EX_ile_L(e)'": "'OROTPT'",
    "'KARA2'": "'UPPRT'"
  },
  {
    "'23DHMPO'": "'CYTDt2r'",
    "'EX_ile_L(e)'": "'OROTPT'",
    "'KARA2'": "'URAt2'"
  },
  {
    "'23DHMPO'": "'CYTK1'",
    "'EX_ile_L(e)'": "'DHORTS'",
    "'KARA2'": "'EX_ura(e)'"
  },
  {
    "'23DHMPO'": "'CYTK1'",
    "'EX_ile_L(e)'": "'DHORTS'",
    "'KARA2'": "'UPPRT'"
  },
  {
    "'23DHMPO'": "'CYTK1'",
    "'EX_ile_L(e)'": "'DHORTS'",
    "'KARA2'": "'URAt2'"
  },
  {
    "'23DHMPO'": "'CYTK1'",
    "'EX_ile_L(e)'": "'EX_ura(e)'",
    "'KARA2'": "'H2CO3D'"
  },
  {
    "'23DHMPO'": "'CYTK1'",
    "'EX_ile_L(e)'": "'EX_ura(e)'",
    "'KARA2'": "'OMPDC'"
  },
  {
    "'23DHMPO'": "'CYTK1'",
    "'EX_ile_L(e)'": "'EX_ura(e)'",
    "'KARA2'": "'OROTPT'"
  },
  {
    "'23DHMPO'": "'CYTK1'",
    "'EX_ile_L(e)'": "'H2CO3D'",
    "'KARA2'": "'UPPRT'"
  },
  {
    "'23DHMPO'": "'CYTK1'",
    "'EX_ile_L(e)'": "'H2CO3D'",
    "'KARA2'": "'URAt2'"
  },
  {
    "'23DHMPO'": "'CYTK1'",
    "'EX_ile_L(e)'": "'OMPDC'",
    "'KARA2'": "'UPPRT'"
  },
  {
    "'23DHMPO'": "'CYTK1'",
    "'EX_ile_L(e)'": "'OMPDC'",
    "'KARA2'": "'URAt2'"
  },
  {
    "'23DHMPO'": "'CYTK1'",
    "'EX_ile_L(e)'": "'OROTPT'",
    "'KARA2'": "'UPPRT'"
  },
  {
    "'23DHMPO'": "'CYTK1'",
    "'EX_ile_L(e)'": "'OROTPT'",
    "'KARA2'": "'URAt2'"
  },
  {
    "'23DHMPO'": "'DCTPD'",
    "'EX_ile_L(e)'": "'RNDR4'",
    "'KARA2'": "'RNTR4'"
  },
  {
    "'23DHMPO'": "'DCTPD2'",
    "'EX_ile_L(e)'": "'DHORTS'",
    "'KARA2'": "'EX_ura(e)'"
  },
  {
    "'23DHMPO'": "'DCTPD2'",
    "'EX_ile_L(e)'": "'DHORTS'",
    "'KARA2'": "'UPPRT'"
  },
  {
    "'23DHMPO'": "'DCTPD2'",
    "'EX_ile_L(e)'": "'DHORTS'",
    "'KARA2'": "'URAt2'"
  },
  {
    "'23DHMPO'": "'DCTPD2'",
    "'EX_ile_L(e)'": "'EX_ura(e)'",
    "'KARA2'": "'H2CO3D'"
  },
  {
    "'23DHMPO'": "'DCTPD2'",
    "'EX_ile_L(e)'": "'EX_ura(e)'",
    "'KARA2'": "'OMPDC'"
  },
  {
    "'23DHMPO'": "'DCTPD2'",
    "'EX_ile_L(e)'": "'EX_ura(e)'",
    "'KARA2'": "'OROTPT'"
  },
  {
    "'23DHMPO'": "'DCTPD2'",
    "'EX_ile_L(e)'": "'H2CO3D'",
    "'KARA2'": "'UPPRT'"
  },
  {
    "'23DHMPO'": "'DCTPD2'",
    "'EX_ile_L(e)'": "'H2CO3D'",
    "'KARA2'": "'URAt2'"
  },
  {
    "'23DHMPO'": "'DCTPD2'",
    "'EX_ile_L(e)'": "'OMPDC'",
    "'KARA2'": "'UPPRT'"
  },
  {
    "'23DHMPO'": "'DCTPD2'",
    "'EX_ile_L(e)'": "'OMPDC'",
    "'KARA2'": "'URAt2'"
  },
  {
    "'23DHMPO'": "'DCTPD2'",
    "'EX_ile_L(e)'": "'OROTPT'",
    "'KARA2'": "'UPPRT'"
  },
  {
    "'23DHMPO'": "'DCTPD2'",
    "'EX_ile_L(e)'": "'OROTPT'",
    "'KARA2'": "'URAt2'"
  },
  {
    "'23DHMPO'": "'DHORTS'",
    "'EX_ile_L(e)'": "'EX_cytd(e)'",
    "'KARA2'": "'EX_ura(e)'"
  },
  {
    "'23DHMPO'": "'DHORTS'",
    "'EX_ile_L(e)'": "'EX_cytd(e)'",
    "'KARA2'": "'UPPRT'"
  },
  {
    "'23DHMPO'": "'DHORTS'",
    "'EX_ile_L(e)'": "'EX_cytd(e)'",
    "'KARA2'": "'URAt2'"
  },
  {
    "'23DHMPO'": "'DHORTS'",
    "'EX_ile_L(e)'": "'EX_ura(e)'",
    "'KARA2'": "'NDPK9'"
  },
  {
    "'23DHMPO'": "'DHORTS'",
    "'EX_ile_L(e)'": "'NDPK9'",
    "'KARA2'": "'UPPRT'"
  },
  {
    "'23DHMPO'": "'DHORTS'",
    "'EX_ile_L(e)'": "'NDPK9'",
    "'KARA2'": "'URAt2'"
  },
  {
    "'23DHMPO'": "'DMPPS'",
    "'EX_ile_L(e)'": "'DMPPS2r'",
    "'KARA2'": "'IPDDI'"
  },
  {
    "'23DHMPO'": "'DM_dhptd(c)'",
    "'EX_ile_L(e)'": "'EX_glyc3p(e)'",
    "'KARA2'": "'EX_pi(e)'"
  },
  {
    "'23DHMPO'": "'DM_dhptd(c)'",
    "'EX_ile_L(e)'": "'EX_glyc3p(e)'",
    "'KARA2'": "'PIt6b'"
  },
  {
    "'23DHMPO'": "'DM_dhptd(c)'",
    "'EX_ile_L(e)'": "'EX_pi(e)'",
    "'KARA2'": "'GLYC3Pabc'"
  },
  {
    "'23DHMPO'": "'DM_dhptd(c)'",
    "'EX_ile_L(e)'": "'EX_pi(e)'",
    "'KARA2'": "'TPI'"
  },
  {
    "'23DHMPO'": "'DM_dhptd(c)'",
    "'EX_ile_L(e)'": "'GLYC3Pabc'",
    "'KARA2'": "'PIt6b'"
  },
  {
    "'23DHMPO'": "'DM_dhptd(c)'",
    "'EX_ile_L(e)'": "'PIt6b'",
    "'KARA2'": "'TPI'"
  },
  {
    "'23DHMPO'": "'ENO'",
    "'EX_ile_L(e)'": "'EX_ser_L(e)'",
    "'KARA2'": "'GAPD'"
  },
  {
    "'23DHMPO'": "'ENO'",
    "'EX_ile_L(e)'": "'EX_ser_L(e)'",
    "'KARA2'": "'PGK'"
  },
  {
    "'23DHMPO'": "'ENO'",
    "'EX_ile_L(e)'": "'GAPD'",
    "'KARA2'": "'SERt2r'"
  },
  {
    "'23DHMPO'": "'ENO'",
    "'EX_ile_L(e)'": "'GND'",
    "'KARA2'": "'TPI'"
  },
  {
    "'23DHMPO'": "'ENO'",
    "'EX_ile_L(e)'": "'PGK'",
    "'KARA2'": "'SERt2r'"
  },
  {
    "'23DHMPO'": "'ENO'",
    "'EX_ile_L(e)'": "'PGL'",
    "'KARA2'": "'TPI'"
  },
  {
    "'23DHMPO'": "'ENO'",
    "'EX_ile_L(e)'": "'RPE'",
    "'KARA2'": "'TPI'"
  },
  {
    "'23DHMPO'": "'ENO'",
    "'EX_ile_L(e)'": "'TALA'",
    "'KARA2'": "'TPI'"
  },
  {
    "'23DHMPO'": "'ENO'",
    "'EX_ile_L(e)'": "'TKT1'",
    "'KARA2'": "'TPI'"
  },
  {
    "'23DHMPO'": "'ENO'",
    "'EX_ile_L(e)'": "'TKT2'",
    "'KARA2'": "'TPI'"
  },
  {
    "'23DHMPO'": "'EX_ac(e)'",
    "'EX_ile_L(e)'": "'GF6PTA'",
    "'KARA2'": "'PTAr'"
  },
  {
    "'23DHMPO'": "'EX_alathr(e)'",
    "'EX_ile_L(e)'": "'EX_thr_L(e)'",
    "'KARA2'": "'HSK'"
  },
  {
    "'23DHMPO'": "'EX_alathr(e)'",
    "'EX_ile_L(e)'": "'EX_thr_L(e)'",
    "'KARA2'": "'THRS'"
  },
  {
    "'23DHMPO'": "'EX_alathr(e)'",
    "'EX_ile_L(e)'": "'HSK'",
    "'KARA2'": "'THRt2r'"
  },
  {
    "'23DHMPO'": "'EX_alathr(e)'",
    "'EX_ile_L(e)'": "'THRS'",
    "'KARA2'": "'THRt2r'"
  },
  {
    "'23DHMPO'": "'EX_cgly(e)'",
    "'EX_ile_L(e)'": "'EX_cys_L(e)'",
    "'KARA2'": "'EX_glycys(e)'"
  },
  {
    "'23DHMPO'": "'EX_cgly(e)'",
    "'EX_ile_L(e)'": "'EX_cys_L(e)'",
    "'KARA2'": "'GLYCYSabc'"
  },
  {
    "'23DHMPO'": "'EX_cytd(e)'",
    "'EX_ile_L(e)'": "'EX_ura(e)'",
    "'KARA2'": "'H2CO3D'"
  },
  {
    "'23DHMPO'": "'EX_cytd(e)'",
    "'EX_ile_L(e)'": "'EX_ura(e)'",
    "'KARA2'": "'OMPDC'"
  },
  {
    "'23DHMPO'": "'EX_cytd(e)'",
    "'EX_ile_L(e)'": "'EX_ura(e)'",
    "'KARA2'": "'OROTPT'"
  },
  {
    "'23DHMPO'": "'EX_cytd(e)'",
    "'EX_ile_L(e)'": "'H2CO3D'",
    "'KARA2'": "'UPPRT'"
  },
  {
    "'23DHMPO'": "'EX_cytd(e)'",
    "'EX_ile_L(e)'": "'H2CO3D'",
    "'KARA2'": "'URAt2'"
  },
  {
    "'23DHMPO'": "'EX_cytd(e)'",
    "'EX_ile_L(e)'": "'OMPDC'",
    "'KARA2'": "'UPPRT'"
  },
  {
    "'23DHMPO'": "'EX_cytd(e)'",
    "'EX_ile_L(e)'": "'OMPDC'",
    "'KARA2'": "'URAt2'"
  },
  {
    "'23DHMPO'": "'EX_cytd(e)'",
    "'EX_ile_L(e)'": "'OROTPT'",
    "'KARA2'": "'UPPRT'"
  },
  {
    "'23DHMPO'": "'EX_cytd(e)'",
    "'EX_ile_L(e)'": "'OROTPT'",
    "'KARA2'": "'URAt2'"
  },
  {
    "'23DHMPO'": "'EX_glu_L(e)'",
    "'EX_ile_L(e)'": "'EX_hxan(e)'",
    "'KARA2'": "'GLNS'"
  },
  {
    "'23DHMPO'": "'EX_glu_L(e)'",
    "'EX_ile_L(e)'": "'GLNS'",
    "'KARA2'": "'HXPRT'"
  },
  {
    "'23DHMPO'": "'EX_glu_L(e)'",
    "'EX_ile_L(e)'": "'GLNS'",
    "'KARA2'": "'HYXNt'"
  },
  {
    "'23DHMPO'": "'EX_glyc3p(e)'",
    "'EX_ile_L(e)'": "'EX_nac(e)'",
    "'KARA2'": "'EX_pi(e)'"
  },
  {
    "'23DHMPO'": "'EX_glyc3p(e)'",
    "'EX_ile_L(e)'": "'EX_nac(e)'",
    "'KARA2'": "'PIt6b'"
  },
  {
    "'23DHMPO'": "'EX_glyc3p(e)'",
    "'EX_ile_L(e)'": "'EX_nmn(e)'",
    "'KARA2'": "'EX_pi(e)'"
  },
  {
    "'23DHMPO'": "'EX_glyc3p(e)'",
    "'EX_ile_L(e)'": "'EX_nmn(e)'",
    "'KARA2'": "'PIt6b'"
  },
  {
    "'23DHMPO'": "'EX_glyc3p(e)'",
    "'EX_ile_L(e)'": "'EX_pi(e)'",
    "'KARA2'": "'NACt2r'"
  },
  {
    "'23DHMPO'": "'EX_glyc3p(e)'",
    "'EX_ile_L(e)'": "'EX_pi(e)'",
    "'KARA2'": "'NMNP'"
  },
  {
    "'23DHMPO'": "'EX_glyc3p(e)'",
    "'EX_ile_L(e)'": "'EX_pi(e)'",
    "'KARA2'": "'NNAM'"
  },
  {
    "'23DHMPO'": "'EX_glyc3p(e)'",
    "'EX_ile_L(e)'": "'EX_pi(e)'",
    "'KARA2'": "'NTD5_a'"
  },
  {
    "'23DHMPO'": "'EX_glyc3p(e)'",
    "'EX_ile_L(e)'": "'EX_pi(e)'",
    "'KARA2'": "'PNP'"
  },
  {
    "'23DHMPO'": "'EX_glyc3p(e)'",
    "'EX_ile_L(e)'": "'EX_pi(e)'",
    "'KARA2'": "'PUNP1'"
  },
  {
    "'23DHMPO'": "'EX_glyc3p(e)'",
    "'EX_ile_L(e)'": "'EX_pi(e)'",
    "'KARA2'": "'RHCCE'"
  },
  {
    "'23DHMPO'": "'EX_glyc3p(e)'",
    "'EX_ile_L(e)'": "'NACt2r'",
    "'KARA2'": "'PIt6b'"
  },
  {
    "'23DHMPO'": "'EX_glyc3p(e)'",
    "'EX_ile_L(e)'": "'NMNP'",
    "'KARA2'": "'PIt6b'"
  },
  {
    "'23DHMPO'": "'EX_glyc3p(e)'",
    "'EX_ile_L(e)'": "'NNAM'",
    "'KARA2'": "'PIt6b'"
  },
  {
    "'23DHMPO'": "'EX_glyc3p(e)'",
    "'EX_ile_L(e)'": "'NTD5_a'",
    "'KARA2'": "'PIt6b'"
  },
  {
    "'23DHMPO'": "'EX_glyc3p(e)'",
    "'EX_ile_L(e)'": "'PIt6b'",
    "'KARA2'": "'PNP'"
  },
  {
    "'23DHMPO'": "'EX_glyc3p(e)'",
    "'EX_ile_L(e)'": "'PIt6b'",
    "'KARA2'": "'PUNP1'"
  },
  {
    "'23DHMPO'": "'EX_glyc3p(e)'",
    "'EX_ile_L(e)'": "'PIt6b'",
    "'KARA2'": "'RHCCE'"
  },
  {
    "'23DHMPO'": "'EX_glyphe(e)'",
    "'EX_ile_L(e)'": "'EX_phe_L(e)'",
    "'KARA2'": "'PHETA1'"
  },
  {
    "'23DHMPO'": "'EX_glyphe(e)'",
    "'EX_ile_L(e)'": "'EX_phe_L(e)'",
    "'KARA2'": "'PPNDH'"
  },
  {
    "'23DHMPO'": "'EX_glyphe(e)'",
    "'EX_ile_L(e)'": "'PHETA1'",
    "'KARA2'": "'PHEt2r'"
  },
  {
    "'23DHMPO'": "'EX_glyphe(e)'",
    "'EX_ile_L(e)'": "'PHEt2r'",
    "'KARA2'": "'PPNDH'"
  },
  {
    "'23DHMPO'": "'EX_glypro(e)'",
    "'EX_ile_L(e)'": "'EX_pro_L(e)'",
    "'KARA2'": "'G5SADs'"
  },
  {
    "'23DHMPO'": "'EX_glypro(e)'",
    "'EX_ile_L(e)'": "'EX_pro_L(e)'",
    "'KARA2'": "'G5SDr'"
  },
  {
    "'23DHMPO'": "'EX_glypro(e)'",
    "'EX_ile_L(e)'": "'EX_pro_L(e)'",
    "'KARA2'": "'GLU5K'"
  },
  {
    "'23DHMPO'": "'EX_glypro(e)'",
    "'EX_ile_L(e)'": "'EX_pro_L(e)'",
    "'KARA2'": "'P5CRyr'"
  },
  {
    "'23DHMPO'": "'EX_glypro(e)'",
    "'EX_ile_L(e)'": "'G5SADs'",
    "'KARA2'": "'PROabc'"
  },
  {
    "'23DHMPO'": "'EX_glypro(e)'",
    "'EX_ile_L(e)'": "'G5SDr'",
    "'KARA2'": "'PROabc'"
  },
  {
    "'23DHMPO'": "'EX_glypro(e)'",
    "'EX_ile_L(e)'": "'GLU5K'",
    "'KARA2'": "'PROabc'"
  },
  {
    "'23DHMPO'": "'EX_glypro(e)'",
    "'EX_ile_L(e)'": "'P5CRyr'",
    "'KARA2'": "'PROabc'"
  },
  {
    "'23DHMPO'": "'EX_glytyr(e)'",
    "'EX_ile_L(e)'": "'EX_tyr_L(e)'",
    "'KARA2'": "'LARGNAT'"
  },
  {
    "'23DHMPO'": "'EX_glytyr(e)'",
    "'EX_ile_L(e)'": "'LARGNAT'",
    "'KARA2'": "'TYRt2r'"
  },
  {
    "'23DHMPO'": "'EX_hxan(e)'",
    "'EX_ile_L(e)'": "'GARFTi'",
    "'KARA2'": "'GART'"
  },
  {
    "'23DHMPO'": "'EX_hxan(e)'",
    "'EX_ile_L(e)'": "'GLNS'",
    "'KARA2'": "'GLUt2r'"
  },
  {
    "'23DHMPO'": "'EX_nac(e)'",
    "'EX_ile_L(e)'": "'EX_pi(e)'",
    "'KARA2'": "'GLYC3Pabc'"
  },
  {
    "'23DHMPO'": "'EX_nac(e)'",
    "'EX_ile_L(e)'": "'EX_pi(e)'",
    "'KARA2'": "'TPI'"
  },
  {
    "'23DHMPO'": "'EX_nac(e)'",
    "'EX_ile_L(e)'": "'GLYC3Pabc'",
    "'KARA2'": "'PIt6b'"
  },
  {
    "'23DHMPO'": "'EX_nac(e)'",
    "'EX_ile_L(e)'": "'PIt6b'",
    "'KARA2'": "'TPI'"
  },
  {
    "'23DHMPO'": "'EX_nmn(e)'",
    "'EX_ile_L(e)'": "'EX_pi(e)'",
    "'KARA2'": "'GLYC3Pabc'"
  },
  {
    "'23DHMPO'": "'EX_nmn(e)'",
    "'EX_ile_L(e)'": "'EX_pi(e)'",
    "'KARA2'": "'TPI'"
  },
  {
    "'23DHMPO'": "'EX_nmn(e)'",
    "'EX_ile_L(e)'": "'GLYC3Pabc'",
    "'KARA2'": "'PIt6b'"
  },
  {
    "'23DHMPO'": "'EX_nmn(e)'",
    "'EX_ile_L(e)'": "'PIt6b'",
    "'KARA2'": "'TPI'"
  },
  {
    "'23DHMPO'": "'EX_phe_L(e)'",
    "'EX_ile_L(e)'": "'GLYPHEHYc'",
    "'KARA2'": "'PHETA1'"
  },
  {
    "'23DHMPO'": "'EX_phe_L(e)'",
    "'EX_ile_L(e)'": "'GLYPHEHYc'",
    "'KARA2'": "'PPNDH'"
  },
  {
    "'23DHMPO'": "'EX_phe_L(e)'",
    "'EX_ile_L(e)'": "'GLYPHEabc'",
    "'KARA2'": "'PHETA1'"
  },
  {
    "'23DHMPO'": "'EX_phe_L(e)'",
    "'EX_ile_L(e)'": "'GLYPHEabc'",
    "'KARA2'": "'PPNDH'"
  },
  {
    "'23DHMPO'": "'EX_pi(e)'",
    "'EX_ile_L(e)'": "'GLYC3Pabc'",
    "'KARA2'": "'NACt2r'"
  },
  {
    "'23DHMPO'": "'EX_pi(e)'",
    "'EX_ile_L(e)'": "'GLYC3Pabc'",
    "'KARA2'": "'NMNP'"
  },
  {
    "'23DHMPO'": "'EX_pi(e)'",
    "'EX_ile_L(e)'": "'GLYC3Pabc'",
    "'KARA2'": "'NNAM'"
  },
  {
    "'23DHMPO'": "'EX_pi(e)'",
    "'EX_ile_L(e)'": "'GLYC3Pabc'",
    "'KARA2'": "'NTD5_a'"
  },
  {
    "'23DHMPO'": "'EX_pi(e)'",
    "'EX_ile_L(e)'": "'GLYC3Pabc'",
    "'KARA2'": "'PNP'"
  },
  {
    "'23DHMPO'": "'EX_pi(e)'",
    "'EX_ile_L(e)'": "'GLYC3Pabc'",
    "'KARA2'": "'PUNP1'"
  },
  {
    "'23DHMPO'": "'EX_pi(e)'",
    "'EX_ile_L(e)'": "'GLYC3Pabc'",
    "'KARA2'": "'RHCCE'"
  },
  {
    "'23DHMPO'": "'EX_pi(e)'",
    "'EX_ile_L(e)'": "'NACt2r'",
    "'KARA2'": "'TPI'"
  },
  {
    "'23DHMPO'": "'EX_pi(e)'",
    "'EX_ile_L(e)'": "'NMNP'",
    "'KARA2'": "'TPI'"
  },
  {
    "'23DHMPO'": "'EX_pi(e)'",
    "'EX_ile_L(e)'": "'NNAM'",
    "'KARA2'": "'TPI'"
  },
  {
    "'23DHMPO'": "'EX_pi(e)'",
    "'EX_ile_L(e)'": "'NTD5_a'",
    "'KARA2'": "'TPI'"
  },
  {
    "'23DHMPO'": "'EX_pi(e)'",
    "'EX_ile_L(e)'": "'PNP'",
    "'KARA2'": "'TPI'"
  },
  {
    "'23DHMPO'": "'EX_pi(e)'",
    "'EX_ile_L(e)'": "'PUNP1'",
    "'KARA2'": "'TPI'"
  },
  {
    "'23DHMPO'": "'EX_pi(e)'",
    "'EX_ile_L(e)'": "'RHCCE'",
    "'KARA2'": "'TPI'"
  },
  {
    "'23DHMPO'": "'EX_ppi(e)'",
    "'EX_ile_L(e)'": "'FBA'",
    "'KARA2'": "'PPA'"
  },
  {
    "'23DHMPO'": "'EX_ppi(e)'",
    "'EX_ile_L(e)'": "'PFK(ppi)'",
    "'KARA2'": "'PPA'"
  },
  {
    "'23DHMPO'": "'EX_ppi(e)'",
    "'EX_ile_L(e)'": "'PPA'",
    "'KARA2'": "'TPI'"
  },
  {
    "'23DHMPO'": "'EX_pro_L(e)'",
    "'EX_ile_L(e)'": "'G5SADs'",
    "'KARA2'": "'GLYPROPRO1c'"
  },
  {
    "'23DHMPO'": "'EX_pro_L(e)'",
    "'EX_ile_L(e)'": "'G5SADs'",
    "'KARA2'": "'GLYPROabc'"
  },
  {
    "'23DHMPO'": "'EX_pro_L(e)'",
    "'EX_ile_L(e)'": "'G5SDr'",
    "'KARA2'": "'GLYPROPRO1c'"
  },
  {
    "'23DHMPO'": "'EX_pro_L(e)'",
    "'EX_ile_L(e)'": "'G5SDr'",
    "'KARA2'": "'GLYPROabc'"
  },
  {
    "'23DHMPO'": "'EX_pro_L(e)'",
    "'EX_ile_L(e)'": "'GLU5K'",
    "'KARA2'": "'GLYPROPRO1c'"
  },
  {
    "'23DHMPO'": "'EX_pro_L(e)'",
    "'EX_ile_L(e)'": "'GLU5K'",
    "'KARA2'": "'GLYPROabc'"
  },
  {
    "'23DHMPO'": "'EX_pro_L(e)'",
    "'EX_ile_L(e)'": "'GLYPROPRO1c'",
    "'KARA2'": "'P5CRyr'"
  },
  {
    "'23DHMPO'": "'EX_pro_L(e)'",
    "'EX_ile_L(e)'": "'GLYPROabc'",
    "'KARA2'": "'P5CRyr'"
  },
  {
    "'23DHMPO'": "'EX_rib_D(e)'",
    "'EX_ile_L(e)'": "'GND'",
    "'KARA2'": "'RPE'"
  },
  {
    "'23DHMPO'": "'EX_rib_D(e)'",
    "'EX_ile_L(e)'": "'GND'",
    "'KARA2'": "'TKT2'"
  },
  {
    "'23DHMPO'": "'EX_rib_D(e)'",
    "'EX_ile_L(e)'": "'PGL'",
    "'KARA2'": "'RPE'"
  },
  {
    "'23DHMPO'": "'EX_rib_D(e)'",
    "'EX_ile_L(e)'": "'PGL'",
    "'KARA2'": "'TKT2'"
  },
  {
    "'23DHMPO'": "'EX_ser_L(e)'",
    "'EX_ile_L(e)'": "'GAPD'",
    "'KARA2'": "'PGM'"
  },
  {
    "'23DHMPO'": "'EX_ser_L(e)'",
    "'EX_ile_L(e)'": "'PGK'",
    "'KARA2'": "'PGM'"
  },
  {
    "'23DHMPO'": "'EX_succ(e)'",
    "'EX_ile_L(e)'": "'FUM'",
    "'KARA2'": "'SUCOAS'"
  },
  {
    "'23DHMPO'": "'EX_tyr_L(e)'",
    "'EX_ile_L(e)'": "'GLYTYR1c'",
    "'KARA2'": "'LARGNAT'"
  },
  {
    "'23DHMPO'": "'EX_tyr_L(e)'",
    "'EX_ile_L(e)'": "'GLYTYRabc'",
    "'KARA2'": "'LARGNAT'"
  },
  {
    "'23DHMPO'": "'EX_ura(e)'",
    "'EX_ile_L(e)'": "'H2CO3D'",
    "'KARA2'": "'NDPK9'"
  },
  {
    "'23DHMPO'": "'EX_ura(e)'",
    "'EX_ile_L(e)'": "'NDPK9'",
    "'KARA2'": "'OMPDC'"
  },
  {
    "'23DHMPO'": "'EX_ura(e)'",
    "'EX_ile_L(e)'": "'NDPK9'",
    "'KARA2'": "'OROTPT'"
  },
  {
    "'23DHMPO'": "'EX_val_L(e)'",
    "'EX_ile_L(e)'": "'KARA1'",
    "'KARA2'": "'KARA3'"
  },
  {
    "'23DHMPO'": "'FBA'",
    "'EX_ile_L(e)'": "'PPA'",
    "'KARA2'": "'PPIt2e'"
  },
  {
    "'23DHMPO'": "'FUM'",
    "'EX_ile_L(e)'": "'SUCCt2r'",
    "'KARA2'": "'SUCOAS'"
  },
  {
    "'23DHMPO'": "'G5SADs'",
    "'EX_ile_L(e)'": "'GLYPROPRO1c'",
    "'KARA2'": "'PROabc'"
  },
  {
    "'23DHMPO'": "'G5SADs'",
    "'EX_ile_L(e)'": "'GLYPROabc'",
    "'KARA2'": "'PROabc'"
  },
  {
    "'23DHMPO'": "'G5SDr'",
    "'EX_ile_L(e)'": "'GLYPROPRO1c'",
    "'KARA2'": "'PROabc'"
  },
  {
    "'23DHMPO'": "'G5SDr'",
    "'EX_ile_L(e)'": "'GLYPROabc'",
    "'KARA2'": "'PROabc'"
  },
  {
    "'23DHMPO'": "'GAPD'",
    "'EX_ile_L(e)'": "'GND'",
    "'KARA2'": "'TPI'"
  },
  {
    "'23DHMPO'": "'GAPD'",
    "'EX_ile_L(e)'": "'PGL'",
    "'KARA2'": "'TPI'"
  },
  {
    "'23DHMPO'": "'GAPD'",
    "'EX_ile_L(e)'": "'PGM'",
    "'KARA2'": "'SERt2r'"
  },
  {
    "'23DHMPO'": "'GAPD'",
    "'EX_ile_L(e)'": "'RPE'",
    "'KARA2'": "'TPI'"
  },
  {
    "'23DHMPO'": "'GAPD'",
    "'EX_ile_L(e)'": "'TALA'",
    "'KARA2'": "'TPI'"
  },
  {
    "'23DHMPO'": "'GAPD'",
    "'EX_ile_L(e)'": "'TKT1'",
    "'KARA2'": "'TPI'"
  },
  {
    "'23DHMPO'": "'GAPD'",
    "'EX_ile_L(e)'": "'TKT2'",
    "'KARA2'": "'TPI'"
  },
  {
    "'23DHMPO'": "'GARFTi'",
    "'EX_ile_L(e)'": "'GART'",
    "'KARA2'": "'HXPRT'"
  },
  {
    "'23DHMPO'": "'GARFTi'",
    "'EX_ile_L(e)'": "'GART'",
    "'KARA2'": "'HYXNt'"
  },
  {
    "'23DHMPO'": "'GLNS'",
    "'EX_ile_L(e)'": "'GLUt2r'",
    "'KARA2'": "'HXPRT'"
  },
  {
    "'23DHMPO'": "'GLNS'",
    "'EX_ile_L(e)'": "'GLUt2r'",
    "'KARA2'": "'HYXNt'"
  },
  {
    "'23DHMPO'": "'GLU5K'",
    "'EX_ile_L(e)'": "'GLYPROPRO1c'",
    "'KARA2'": "'PROabc'"
  },
  {
    "'23DHMPO'": "'GLU5K'",
    "'EX_ile_L(e)'": "'GLYPROabc'",
    "'KARA2'": "'PROabc'"
  },
  {
    "'23DHMPO'": "'GLYC3Pabc'",
    "'EX_ile_L(e)'": "'NACt2r'",
    "'KARA2'": "'PIt6b'"
  },
  {
    "'23DHMPO'": "'GLYC3Pabc'",
    "'EX_ile_L(e)'": "'NMNP'",
    "'KARA2'": "'PIt6b'"
  },
  {
    "'23DHMPO'": "'GLYC3Pabc'",
    "'EX_ile_L(e)'": "'NNAM'",
    "'KARA2'": "'PIt6b'"
  },
  {
    "'23DHMPO'": "'GLYC3Pabc'",
    "'EX_ile_L(e)'": "'NTD5_a'",
    "'KARA2'": "'PIt6b'"
  },
  {
    "'23DHMPO'": "'GLYC3Pabc'",
    "'EX_ile_L(e)'": "'PIt6b'",
    "'KARA2'": "'PNP'"
  },
  {
    "'23DHMPO'": "'GLYC3Pabc'",
    "'EX_ile_L(e)'": "'PIt6b'",
    "'KARA2'": "'PUNP1'"
  },
  {
    "'23DHMPO'": "'GLYC3Pabc'",
    "'EX_ile_L(e)'": "'PIt6b'",
    "'KARA2'": "'RHCCE'"
  },
  {
    "'23DHMPO'": "'GLYPHEHYc'",
    "'EX_ile_L(e)'": "'PHETA1'",
    "'KARA2'": "'PHEt2r'"
  },
  {
    "'23DHMPO'": "'GLYPHEHYc'",
    "'EX_ile_L(e)'": "'PHEt2r'",
    "'KARA2'": "'PPNDH'"
  },
  {
    "'23DHMPO'": "'GLYPHEabc'",
    "'EX_ile_L(e)'": "'PHETA1'",
    "'KARA2'": "'PHEt2r'"
  },
  {
    "'23DHMPO'": "'GLYPHEabc'",
    "'EX_ile_L(e)'": "'PHEt2r'",
    "'KARA2'": "'PPNDH'"
  },
  {
    "'23DHMPO'": "'GLYPROPRO1c'",
    "'EX_ile_L(e)'": "'P5CRyr'",
    "'KARA2'": "'PROabc'"
  },
  {
    "'23DHMPO'": "'GLYPROabc'",
    "'EX_ile_L(e)'": "'P5CRyr'",
    "'KARA2'": "'PROabc'"
  },
  {
    "'23DHMPO'": "'GLYTYR1c'",
    "'EX_ile_L(e)'": "'LARGNAT'",
    "'KARA2'": "'TYRt2r'"
  },
  {
    "'23DHMPO'": "'GLYTYRabc'",
    "'EX_ile_L(e)'": "'LARGNAT'",
    "'KARA2'": "'TYRt2r'"
  },
  {
    "'23DHMPO'": "'GND'",
    "'EX_ile_L(e)'": "'PGK'",
    "'KARA2'": "'TPI'"
  },
  {
    "'23DHMPO'": "'GND'",
    "'EX_ile_L(e)'": "'PGM'",
    "'KARA2'": "'TPI'"
  },
  {
    "'23DHMPO'": "'GND'",
    "'EX_ile_L(e)'": "'RBK'",
    "'KARA2'": "'RPE'"
  },
  {
    "'23DHMPO'": "'GND'",
    "'EX_ile_L(e)'": "'RBK'",
    "'KARA2'": "'TKT2'"
  },
  {
    "'23DHMPO'": "'GND'",
    "'EX_ile_L(e)'": "'RIBabc'",
    "'KARA2'": "'RPE'"
  },
  {
    "'23DHMPO'": "'GND'",
    "'EX_ile_L(e)'": "'RIBabc'",
    "'KARA2'": "'TKT2'"
  },
  {
    "'23DHMPO'": "'GND'",
    "'EX_ile_L(e)'": "'RPE'",
    "'KARA2'": "'RPI'"
  },
  {
    "'23DHMPO'": "'GND'",
    "'EX_ile_L(e)'": "'RPI'",
    "'KARA2'": "'TKT2'"
  },
  {
    "'23DHMPO'": "'H2CO3D'",
    "'EX_ile_L(e)'": "'NDPK9'",
    "'KARA2'": "'UPPRT'"
  },
  {
    "'23DHMPO'": "'H2CO3D'",
    "'EX_ile_L(e)'": "'NDPK9'",
    "'KARA2'": "'URAt2'"
  },
  {
    "'23DHMPO'": "'IPDDI'",
    "'EX_ile_L(e)'": "'IPDPS'",
    "'KARA2'": "'IPDPS2'"
  },
  {
    "'23DHMPO'": "'KARA1'",
    "'EX_ile_L(e)'": "'KARA3'",
    "'KARA2'": "'VALTA'"
  },
  {
    "'23DHMPO'": "'KARA1'",
    "'EX_ile_L(e)'": "'KARA3'",
    "'KARA2'": "'VALt2r'"
  },
  {
    "'23DHMPO'": "'NACt2r'",
    "'EX_ile_L(e)'": "'PIt6b'",
    "'KARA2'": "'TPI'"
  },
  {
    "'23DHMPO'": "'NDPK9'",
    "'EX_ile_L(e)'": "'OMPDC'",
    "'KARA2'": "'UPPRT'"
  },
  {
    "'23DHMPO'": "'NDPK9'",
    "'EX_ile_L(e)'": "'OMPDC'",
    "'KARA2'": "'URAt2'"
  },
  {
    "'23DHMPO'": "'NDPK9'",
    "'EX_ile_L(e)'": "'OROTPT'",
    "'KARA2'": "'UPPRT'"
  },
  {
    "'23DHMPO'": "'NDPK9'",
    "'EX_ile_L(e)'": "'OROTPT'",
    "'KARA2'": "'URAt2'"
  },
  {
    "'23DHMPO'": "'NMNP'",
    "'EX_ile_L(e)'": "'PIt6b'",
    "'KARA2'": "'TPI'"
  },
  {
    "'23DHMPO'": "'NNAM'",
    "'EX_ile_L(e)'": "'PIt6b'",
    "'KARA2'": "'TPI'"
  },
  {
    "'23DHMPO'": "'NTD5_a'",
    "'EX_ile_L(e)'": "'PIt6b'",
    "'KARA2'": "'TPI'"
  },
  {
    "'23DHMPO'": "'PDHa'",
    "'EX_ile_L(e)'": "'PFL'",
    "'KARA2'": "'PTAr'"
  },
  {
    "'23DHMPO'": "'PDHbr'",
    "'EX_ile_L(e)'": "'PFL'",
    "'KARA2'": "'PTAr'"
  },
  {
    "'23DHMPO'": "'PDHc'",
    "'EX_ile_L(e)'": "'PFL'",
    "'KARA2'": "'PTAr'"
  },
  {
    "'23DHMPO'": "'PFK(ppi)'",
    "'EX_ile_L(e)'": "'PPA'",
    "'KARA2'": "'PPIt2e'"
  },
  {
    "'23DHMPO'": "'PGK'",
    "'EX_ile_L(e)'": "'PGL'",
    "'KARA2'": "'TPI'"
  },
  {
    "'23DHMPO'": "'PGK'",
    "'EX_ile_L(e)'": "'PGM'",
    "'KARA2'": "'SERt2r'"
  },
  {
    "'23DHMPO'": "'PGK'",
    "'EX_ile_L(e)'": "'RPE'",
    "'KARA2'": "'TPI'"
  },
  {
    "'23DHMPO'": "'PGK'",
    "'EX_ile_L(e)'": "'TALA'",
    "'KARA2'": "'TPI'"
  },
  {
    "'23DHMPO'": "'PGK'",
    "'EX_ile_L(e)'": "'TKT1'",
    "'KARA2'": "'TPI'"
  },
  {
    "'23DHMPO'": "'PGK'",
    "'EX_ile_L(e)'": "'TKT2'",
    "'KARA2'": "'TPI'"
  },
  {
    "'23DHMPO'": "'PGL'",
    "'EX_ile_L(e)'": "'PGM'",
    "'KARA2'": "'TPI'"
  },
  {
    "'23DHMPO'": "'PGL'",
    "'EX_ile_L(e)'": "'RBK'",
    "'KARA2'": "'RPE'"
  },
  {
    "'23DHMPO'": "'PGL'",
    "'EX_ile_L(e)'": "'RBK'",
    "'KARA2'": "'TKT2'"
  },
  {
    "'23DHMPO'": "'PGL'",
    "'EX_ile_L(e)'": "'RIBabc'",
    "'KARA2'": "'RPE'"
  },
  {
    "'23DHMPO'": "'PGL'",
    "'EX_ile_L(e)'": "'RIBabc'",
    "'KARA2'": "'TKT2'"
  },
  {
    "'23DHMPO'": "'PGL'",
    "'EX_ile_L(e)'": "'RPE'",
    "'KARA2'": "'RPI'"
  },
  {
    "'23DHMPO'": "'PGL'",
    "'EX_ile_L(e)'": "'RPI'",
    "'KARA2'": "'TKT2'"
  },
  {
    "'23DHMPO'": "'PGM'",
    "'EX_ile_L(e)'": "'RPE'",
    "'KARA2'": "'TPI'"
  },
  {
    "'23DHMPO'": "'PGM'",
    "'EX_ile_L(e)'": "'TALA'",
    "'KARA2'": "'TPI'"
  },
  {
    "'23DHMPO'": "'PGM'",
    "'EX_ile_L(e)'": "'TKT1'",
    "'KARA2'": "'TPI'"
  },
  {
    "'23DHMPO'": "'PGM'",
    "'EX_ile_L(e)'": "'TKT2'",
    "'KARA2'": "'TPI'"
  },
  {
    "'23DHMPO'": "'PIt6b'",
    "'EX_ile_L(e)'": "'PNP'",
    "'KARA2'": "'TPI'"
  },
  {
    "'23DHMPO'": "'PIt6b'",
    "'EX_ile_L(e)'": "'PUNP1'",
    "'KARA2'": "'TPI'"
  },
  {
    "'23DHMPO'": "'PIt6b'",
    "'EX_ile_L(e)'": "'RHCCE'",
    "'KARA2'": "'TPI'"
  },
  {
    "'23DHMPO'": "'PPA'",
    "'EX_ile_L(e)'": "'PPIt2e'",
    "'KARA2'": "'TPI'"
  }
]