[
  {
    "'LF82_0604'": "'LF82_0030'",
    "'LF82_0616'": "'LF82_1218'",
    "'LF82_1669'": "'LF82_2198'"
  },
  {
    "'LF82_0604'": "'LF82_0030'",
    "'LF82_0616'": "'LF82_1218'",
    "'LF82_1669'": "'LF82_2197'"
  },
  {
    "'LF82_0604'": "'LF82_0030'",
    "'LF82_0616'": "'LF82_2195'",
    "'LF82_1669'": "'LF82_2198'"
  },
  {
    "'LF82_0604'": "'LF82_0030'",
    "'LF82_0616'": "'LF82_2195'",
    "'LF82_1669'": "'LF82_2197'"
  },
  {
    "'LF82_0604'": "'LF82_0030'",
    "'LF82_0616'": "'LF82_2196'",
    "'LF82_1669'": "'LF82_2198'"
  },
  {
    "'LF82_0604'": "'LF82_0030'",
    "'LF82_0616'": "'LF82_2196'",
    "'LF82_1669'": "'LF82_2197'"
  },
  {
    "'LF82_0604'": "'LF82_0040'",
    "'LF82_0616'": "'LF82_0465'",
    "'LF82_1669'": "'LF82_3289'"
  },
  {
    "'LF82_0604'": "'LF82_1218'",
    "'LF82_0616'": "'LF82_0891'",
    "'LF82_1669'": "'LF82_0724'"
  },
  {
    "'LF82_0604'": "'LF82_1218'",
    "'LF82_0616'": "'LF82_453'",
    "'LF82_1669'": "'LF82_2198'"
  },
  {
    "'LF82_0604'": "'LF82_1218'",
    "'LF82_0616'": "'LF82_453'",
    "'LF82_1669'": "'LF82_2197'"
  },
  {
    "'LF82_0604'": "'LF82_1218'",
    "'LF82_0616'": "'LF82_0724'",
    "'LF82_1669'": "'LF82_2115'"
  },
  {
    "'LF82_0604'": "'LF82_1218'",
    "'LF82_0616'": "'LF82_0724'",
    "'LF82_1669'": "'LF82_2116'"
  },
  {
    "'LF82_0604'": "'LF82_2195'",
    "'LF82_0616'": "'LF82_453'",
    "'LF82_1669'": "'LF82_2198'"
  },
  {
    "'LF82_0604'": "'LF82_2195'",
    "'LF82_0616'": "'LF82_453'",
    "'LF82_1669'": "'LF82_2197'"
  },
  {
    "'LF82_0604'": "'LF82_2196'",
    "'LF82_0616'": "'LF82_453'",
    "'LF82_1669'": "'LF82_2198'"
  },
  {
    "'LF82_0604'": "'LF82_2196'",
    "'LF82_0616'": "'LF82_453'",
    "'LF82_1669'": "'LF82_2197'"
  },
  {
    "'LF82_0604'": "'LF82_0891'",
    "'LF82_0616'": "'LF82_1236'",
    "'LF82_1669'": "'LF82_1140'"
  },
  {
    "'LF82_0604'": "'LF82_0891'",
    "'LF82_0616'": "'LF82_1236'",
    "'LF82_1669'": "'LF82_2238'"
  },
  {
    "'LF82_0604'": "'LF82_0891'",
    "'LF82_0616'": "'LF82_0819'",
    "'LF82_1669'": "'LF82_0724'"
  },
  {
    "'LF82_0604'": "'LF82_0891'",
    "'LF82_0616'": "'LF82_0822'",
    "'LF82_1669'": "'LF82_0724'"
  },
  {
    "'LF82_0604'": "'LF82_0891'",
    "'LF82_0616'": "'LF82_0820'",
    "'LF82_1669'": "'LF82_0724'"
  },
  {
    "'LF82_0604'": "'LF82_0891'",
    "'LF82_0616'": "'LF82_0012'",
    "'LF82_1669'": "'LF82_1696'"
  },
  {
    "'LF82_0604'": "'LF82_0891'",
    "'LF82_0616'": "'LF82_1696'",
    "'LF82_1669'": "'LF82_2100'"
  },
  {
    "'LF82_0604'": "'LF82_0891'",
    "'LF82_0616'": "'LF82_1696'",
    "'LF82_1669'": "'LF82_2097'"
  },
  {
    "'LF82_0604'": "'LF82_0891'",
    "'LF82_0616'": "'LF82_1696'",
    "'LF82_1669'": "'LF82_2098'"
  },
  {
    "'LF82_0604'": "'LF82_0891'",
    "'LF82_0616'": "'LF82_1696'",
    "'LF82_1669'": "'LF82_2099'"
  },
  {
    "'LF82_0604'": "'LF82_3077'",
    "'LF82_0616'": "'LF82_3052'",
    "'LF82_1669'": "'LF82_0200'"
  },
  {
    "'LF82_0604'": "'LF82_1923'",
    "'LF82_0616'": "'LF82_1920'",
    "'LF82_1669'": "'LF82_1922'"
  },
  {
    "'LF82_0604'": "'LF82_0070'",
    "'LF82_0616'": "'LF82_0012'",
    "'LF82_1669'": "'LF82_1696'"
  },
  {
    "'LF82_0604'": "'LF82_0070'",
    "'LF82_0616'": "'LF82_1696'",
    "'LF82_1669'": "'LF82_2100'"
  },
  {
    "'LF82_0604'": "'LF82_0070'",
    "'LF82_0616'": "'LF82_1696'",
    "'LF82_1669'": "'LF82_2097'"
  },
  {
    "'LF82_0604'": "'LF82_0070'",
    "'LF82_0616'": "'LF82_1696'",
    "'LF82_1669'": "'LF82_2098'"
  },
  {
    "'LF82_0604'": "'LF82_0070'",
    "'LF82_0616'": "'LF82_1696'",
    "'LF82_1669'": "'LF82_2099'"
  },
  {
    "'LF82_0604'": "'LF82_0069'",
    "'LF82_0616'": "'LF82_0012'",
    "'LF82_1669'": "'LF82_1696'"
  },
  {
    "'LF82_0604'": "'LF82_0069'",
    "'LF82_0616'": "'LF82_1696'",
    "'LF82_1669'": "'LF82_2100'"
  },
  {
    "'LF82_0604'": "'LF82_0069'",
    "'LF82_0616'": "'LF82_1696'",
    "'LF82_1669'": "'LF82_2097'"
  },
  {
    "'LF82_0604'": "'LF82_0069'",
    "'LF82_0616'": "'LF82_1696'",
    "'LF82_1669'": "'LF82_2098'"
  },
  {
    "'LF82_0604'": "'LF82_0069'",
    "'LF82_0616'": "'LF82_1696'",
    "'LF82_1669'": "'LF82_2099'"
  },
  {
    "'LF82_0604'": "'LF82_0195'",
    "'LF82_0616'": "'LF82_0801'",
    "'LF82_1669'": "'LF82_0546'"
  },
  {
    "'LF82_0604'": "'LF82_0195'",
    "'LF82_0616'": "'LF82_0801'",
    "'LF82_1669'": "'LF82_0547'"
  },
  {
    "'LF82_0604'": "'LF82_0195'",
    "'LF82_0616'": "'LF82_0801'",
    "'LF82_1669'": "'LF82_2292'"
  },
  {
    "'LF82_0604'": "'LF82_0195'",
    "'LF82_0616'": "'LF82_0546'",
    "'LF82_1669'": "'LF82_1630'"
  },
  {
    "'LF82_0604'": "'LF82_0195'",
    "'LF82_0616'": "'LF82_0547'",
    "'LF82_1669'": "'LF82_1630'"
  },
  {
    "'LF82_0604'": "'LF82_0195'",
    "'LF82_0616'": "'LF82_1630'",
    "'LF82_1669'": "'LF82_2292'"
  },
  {
    "'LF82_0604'": "'LF82_0197'",
    "'LF82_0616'": "'LF82_0801'",
    "'LF82_1669'": "'LF82_0546'"
  },
  {
    "'LF82_0604'": "'LF82_0197'",
    "'LF82_0616'": "'LF82_0801'",
    "'LF82_1669'": "'LF82_0547'"
  },
  {
    "'LF82_0604'": "'LF82_0197'",
    "'LF82_0616'": "'LF82_0801'",
    "'LF82_1669'": "'LF82_2292'"
  },
  {
    "'LF82_0604'": "'LF82_0197'",
    "'LF82_0616'": "'LF82_0546'",
    "'LF82_1669'": "'LF82_1630'"
  },
  {
    "'LF82_0604'": "'LF82_0197'",
    "'LF82_0616'": "'LF82_0547'",
    "'LF82_1669'": "'LF82_1630'"
  },
  {
    "'LF82_0604'": "'LF82_0197'",
    "'LF82_0616'": "'LF82_1630'",
    "'LF82_1669'": "'LF82_2292'"
  },
  {
    "'LF82_0604'": "'LF82_0193'",
    "'LF82_0616'": "'LF82_0801'",
    "'LF82_1669'": "'LF82_0546'"
  },
  {
    "'LF82_0604'": "'LF82_0193'",
    "'LF82_0616'": "'LF82_0801'",
    "'LF82_1669'": "'LF82_0547'"
  },
  {
    "'LF82_0604'": "'LF82_0193'",
    "'LF82_0616'": "'LF82_0801'",
    "'LF82_1669'": "'LF82_2292'"
  },
  {
    "'LF82_0604'": "'LF82_0193'",
    "'LF82_0616'": "'LF82_0546'",
    "'LF82_1669'": "'LF82_1630'"
  },
  {
    "'LF82_0604'": "'LF82_0193'",
    "'LF82_0616'": "'LF82_0547'",
    "'LF82_1669'": "'LF82_1630'"
  },
  {
    "'LF82_0604'": "'LF82_0193'",
    "'LF82_0616'": "'LF82_1630'",
    "'LF82_1669'": "'LF82_2292'"
  },
  {
    "'LF82_0604'": "'LF82_0192'",
    "'LF82_0616'": "'LF82_0801'",
    "'LF82_1669'": "'LF82_0546'"
  },
  {
    "'LF82_0604'": "'LF82_0192'",
    "'LF82_0616'": "'LF82_0801'",
    "'LF82_1669'": "'LF82_0547'"
  },
  {
    "'LF82_0604'": "'LF82_0192'",
    "'LF82_0616'": "'LF82_0801'",
    "'LF82_1669'": "'LF82_2292'"
  },
  {
    "'LF82_0604'": "'LF82_0192'",
    "'LF82_0616'": "'LF82_0546'",
    "'LF82_1669'": "'LF82_1630'"
  },
  {
    "'LF82_0604'": "'LF82_0192'",
    "'LF82_0616'": "'LF82_0547'",
    "'LF82_1669'": "'LF82_1630'"
  },
  {
    "'LF82_0604'": "'LF82_0192'",
    "'LF82_0616'": "'LF82_1630'",
    "'LF82_1669'": "'LF82_2292'"
  },
  {
    "'LF82_0604'": "'LF82_0198'",
    "'LF82_0616'": "'LF82_0801'",
    "'LF82_1669'": "'LF82_0546'"
  },
  {
    "'LF82_0604'": "'LF82_0198'",
    "'LF82_0616'": "'LF82_0801'",
    "'LF82_1669'": "'LF82_0547'"
  },
  {
    "'LF82_0604'": "'LF82_0198'",
    "'LF82_0616'": "'LF82_0801'",
    "'LF82_1669'": "'LF82_2292'"
  },
  {
    "'LF82_0604'": "'LF82_0198'",
    "'LF82_0616'": "'LF82_0546'",
    "'LF82_1669'": "'LF82_1630'"
  },
  {
    "'LF82_0604'": "'LF82_0198'",
    "'LF82_0616'": "'LF82_0547'",
    "'LF82_1669'": "'LF82_1630'"
  },
  {
    "'LF82_0604'": "'LF82_0198'",
    "'LF82_0616'": "'LF82_1630'",
    "'LF82_1669'": "'LF82_2292'"
  },
  {
    "'LF82_0604'": "'LF82_0191'",
    "'LF82_0616'": "'LF82_0801'",
    "'LF82_1669'": "'LF82_0546'"
  },
  {
    "'LF82_0604'": "'LF82_0191'",
    "'LF82_0616'": "'LF82_0801'",
    "'LF82_1669'": "'LF82_0547'"
  },
  {
    "'LF82_0604'": "'LF82_0191'",
    "'LF82_0616'": "'LF82_0801'",
    "'LF82_1669'": "'LF82_2292'"
  },
  {
    "'LF82_0604'": "'LF82_0191'",
    "'LF82_0616'": "'LF82_0546'",
    "'LF82_1669'": "'LF82_1630'"
  },
  {
    "'LF82_0604'": "'LF82_0191'",
    "'LF82_0616'": "'LF82_0547'",
    "'LF82_1669'": "'LF82_1630'"
  },
  {
    "'LF82_0604'": "'LF82_0191'",
    "'LF82_0616'": "'LF82_1630'",
    "'LF82_1669'": "'LF82_2292'"
  },
  {
    "'LF82_0604'": "'LF82_0196'",
    "'LF82_0616'": "'LF82_0801'",
    "'LF82_1669'": "'LF82_0546'"
  },
  {
    "'LF82_0604'": "'LF82_0196'",
    "'LF82_0616'": "'LF82_0801'",
    "'LF82_1669'": "'LF82_0547'"
  },
  {
    "'LF82_0604'": "'LF82_0196'",
    "'LF82_0616'": "'LF82_0801'",
    "'LF82_1669'": "'LF82_2292'"
  },
  {
    "'LF82_0604'": "'LF82_0196'",
    "'LF82_0616'": "'LF82_0546'",
    "'LF82_1669'": "'LF82_1630'"
  },
  {
    "'LF82_0604'": "'LF82_0196'",
    "'LF82_0616'": "'LF82_0547'",
    "'LF82_1669'": "'LF82_1630'"
  },
  {
    "'LF82_0604'": "'LF82_0196'",
    "'LF82_0616'": "'LF82_1630'",
    "'LF82_1669'": "'LF82_2292'"
  },
  {
    "'LF82_0604'": "'LF82_0194'",
    "'LF82_0616'": "'LF82_0801'",
    "'LF82_1669'": "'LF82_0546'"
  },
  {
    "'LF82_0604'": "'LF82_0194'",
    "'LF82_0616'": "'LF82_0801'",
    "'LF82_1669'": "'LF82_0547'"
  },
  {
    "'LF82_0604'": "'LF82_0194'",
    "'LF82_0616'": "'LF82_0801'",
    "'LF82_1669'": "'LF82_2292'"
  },
  {
    "'LF82_0604'": "'LF82_0194'",
    "'LF82_0616'": "'LF82_0546'",
    "'LF82_1669'": "'LF82_1630'"
  },
  {
    "'LF82_0604'": "'LF82_0194'",
    "'LF82_0616'": "'LF82_0547'",
    "'LF82_1669'": "'LF82_1630'"
  },
  {
    "'LF82_0604'": "'LF82_0194'",
    "'LF82_0616'": "'LF82_1630'",
    "'LF82_1669'": "'LF82_2292'"
  },
  {
    "'LF82_0604'": "'LF82_0342'",
    "'LF82_0616'": "'LF82_1343'",
    "'LF82_1669'": "'LF82_1492'"
  },
  {
    "'LF82_0604'": "'LF82_0342'",
    "'LF82_0616'": "'LF82_1343'",
    "'LF82_1669'": "'LF82_1491'"
  },
  {
    "'LF82_0604'": "'LF82_0342'",
    "'LF82_0616'": "'LF82_1343'",
    "'LF82_1669'": "'LF82_1488'"
  },
  {
    "'LF82_0604'": "'LF82_0342'",
    "'LF82_0616'": "'LF82_1343'",
    "'LF82_1669'": "'LF82_1490'"
  },
  {
    "'LF82_0604'": "'LF82_0342'",
    "'LF82_0616'": "'LF82_1343'",
    "'LF82_1669'": "'LF82_1489'"
  },
  {
    "'LF82_0604'": "'LF82_0338'",
    "'LF82_0616'": "'LF82_0323'",
    "'LF82_1669'": "'LF82_2210'"
  },
  {
    "'LF82_0604'": "'LF82_0146'",
    "'LF82_0616'": "'LF82_0147'",
    "'LF82_1669'": "'LF82_0145'"
  },
  {
    "'LF82_0604'": "'LF82_2322'",
    "'LF82_0616'": "'LF82_2324'",
    "'LF82_1669'": "'LF82_0914'"
  },
  {
    "'LF82_0604'": "'LF82_0776'",
    "'LF82_0616'": "'LF82_0778'",
    "'LF82_1669'": "'LF82_1696'"
  },
  {
    "'LF82_0604'": "'LF82_0562'",
    "'LF82_0616'": "'LF82_1601'",
    "'LF82_1669'": "'LF82_1709'"
  },
  {
    "'LF82_0604'": "'LF82_0819'",
    "'LF82_0616'": "'LF82_0724'",
    "'LF82_1669'": "'LF82_2115'"
  },
  {
    "'LF82_0604'": "'LF82_0819'",
    "'LF82_0616'": "'LF82_0724'",
    "'LF82_1669'": "'LF82_2116'"
  },
  {
    "'LF82_0604'": "'LF82_0822'",
    "'LF82_0616'": "'LF82_0724'",
    "'LF82_1669'": "'LF82_2115'"
  },
  {
    "'LF82_0604'": "'LF82_0822'",
    "'LF82_0616'": "'LF82_0724'",
    "'LF82_1669'": "'LF82_2116'"
  },
  {
    "'LF82_0604'": "'LF82_0820'",
    "'LF82_0616'": "'LF82_0724'",
    "'LF82_1669'": "'LF82_2115'"
  },
  {
    "'LF82_0604'": "'LF82_0820'",
    "'LF82_0616'": "'LF82_0724'",
    "'LF82_1669'": "'LF82_2116'"
  },
  {
    "'LF82_0604'": "'LF82_0914'",
    "'LF82_0616'": "'LF82_1512'",
    "'LF82_1669'": "'LF82_1513'"
  },
  {
    "'LF82_0604'": "'LF82_0914'",
    "'LF82_0616'": "'LF82_1511'",
    "'LF82_1669'": "'LF82_1513'"
  },
  {
    "'LF82_0604'": "'LF82_2443'",
    "'LF82_0616'": "'LF82_0012'",
    "'LF82_1669'": "'LF82_1696'"
  },
  {
    "'LF82_0604'": "'LF82_2443'",
    "'LF82_0616'": "'LF82_1696'",
    "'LF82_1669'": "'LF82_2100'"
  },
  {
    "'LF82_0604'": "'LF82_2443'",
    "'LF82_0616'": "'LF82_1696'",
    "'LF82_1669'": "'LF82_2097'"
  },
  {
    "'LF82_0604'": "'LF82_2443'",
    "'LF82_0616'": "'LF82_1696'",
    "'LF82_1669'": "'LF82_2098'"
  },
  {
    "'LF82_0604'": "'LF82_2443'",
    "'LF82_0616'": "'LF82_1696'",
    "'LF82_1669'": "'LF82_2099'"
  },
  {
    "'LF82_0604'": "'LF82_2445'",
    "'LF82_0616'": "'LF82_0012'",
    "'LF82_1669'": "'LF82_1696'"
  },
  {
    "'LF82_0604'": "'LF82_2445'",
    "'LF82_0616'": "'LF82_1696'",
    "'LF82_1669'": "'LF82_2100'"
  },
  {
    "'LF82_0604'": "'LF82_2445'",
    "'LF82_0616'": "'LF82_1696'",
    "'LF82_1669'": "'LF82_2097'"
  },
  {
    "'LF82_0604'": "'LF82_2445'",
    "'LF82_0616'": "'LF82_1696'",
    "'LF82_1669'": "'LF82_2098'"
  },
  {
    "'LF82_0604'": "'LF82_2445'",
    "'LF82_0616'": "'LF82_1696'",
    "'LF82_1669'": "'LF82_2099'"
  },
  {
    "'LF82_0604'": "'LF82_2444'",
    "'LF82_0616'": "'LF82_0012'",
    "'LF82_1669'": "'LF82_1696'"
  },
  {
    "'LF82_0604'": "'LF82_2444'",
    "'LF82_0616'": "'LF82_1696'",
    "'LF82_1669'": "'LF82_2100'"
  },
  {
    "'LF82_0604'": "'LF82_2444'",
    "'LF82_0616'": "'LF82_1696'",
    "'LF82_1669'": "'LF82_2097'"
  },
  {
    "'LF82_0604'": "'LF82_2444'",
    "'LF82_0616'": "'LF82_1696'",
    "'LF82_1669'": "'LF82_2098'"
  },
  {
    "'LF82_0604'": "'LF82_2444'",
    "'LF82_0616'": "'LF82_1696'",
    "'LF82_1669'": "'LF82_2099'"
  },
  {
    "'LF82_0604'": "'LF82_0012'",
    "'LF82_0616'": "'LF82_0724'",
    "'LF82_1669'": "'LF82_1696'"
  },
  {
    "'LF82_0604'": "'LF82_0012'",
    "'LF82_0616'": "'LF82_2115'",
    "'LF82_1669'": "'LF82_1696'"
  },
  {
    "'LF82_0604'": "'LF82_0012'",
    "'LF82_0616'": "'LF82_1696'",
    "'LF82_1669'": "'LF82_2116'"
  },
  {
    "'LF82_0604'": "'LF82_0012'",
    "'LF82_0616'": "'LF82_1696'",
    "'LF82_1669'": "'LF82_0068'"
  },
  {
    "'LF82_0604'": "'LF82_0829'",
    "'LF82_0616'": "'LF82_0013'",
    "'LF82_1669'": "'LF82_1696'"
  },
  {
    "'LF82_0604'": "'LF82_1391'",
    "'LF82_0616'": "'LF82_1390'",
    "'LF82_1669'": "'LF82_1599'"
  },
  {
    "'LF82_0604'": "'LF82_1373'",
    "'LF82_0616'": "'LF82_2093'",
    "'LF82_1669'": "'LF82_0421'"
  },
  {
    "'LF82_0604'": "'LF82_2093'",
    "'LF82_0616'": "'LF82_1372'",
    "'LF82_1669'": "'LF82_0421'"
  },
  {
    "'LF82_0604'": "'LF82_2093'",
    "'LF82_0616'": "'LF82_1374'",
    "'LF82_1669'": "'LF82_0421'"
  },
  {
    "'LF82_0604'": "'LF82_0724'",
    "'LF82_0616'": "'LF82_1696'",
    "'LF82_1669'": "'LF82_2100'"
  },
  {
    "'LF82_0604'": "'LF82_0724'",
    "'LF82_0616'": "'LF82_1696'",
    "'LF82_1669'": "'LF82_2097'"
  },
  {
    "'LF82_0604'": "'LF82_0724'",
    "'LF82_0616'": "'LF82_1696'",
    "'LF82_1669'": "'LF82_2098'"
  },
  {
    "'LF82_0604'": "'LF82_0724'",
    "'LF82_0616'": "'LF82_1696'",
    "'LF82_1669'": "'LF82_2099'"
  },
  {
    "'LF82_0604'": "'LF82_1634'",
    "'LF82_0616'": "'LF82_2656'",
    "'LF82_1669'": "'LF82_0202'"
  },
  {
    "'LF82_0604'": "'LF82_2115'",
    "'LF82_0616'": "'LF82_1696'",
    "'LF82_1669'": "'LF82_2100'"
  },
  {
    "'LF82_0604'": "'LF82_2115'",
    "'LF82_0616'": "'LF82_1696'",
    "'LF82_1669'": "'LF82_2097'"
  },
  {
    "'LF82_0604'": "'LF82_2115'",
    "'LF82_0616'": "'LF82_1696'",
    "'LF82_1669'": "'LF82_2098'"
  },
  {
    "'LF82_0604'": "'LF82_2115'",
    "'LF82_0616'": "'LF82_1696'",
    "'LF82_1669'": "'LF82_2099'"
  },
  {
    "'LF82_0604'": "'LF82_1696'",
    "'LF82_0616'": "'LF82_2116'",
    "'LF82_1669'": "'LF82_2100'"
  },
  {
    "'LF82_0604'": "'LF82_1696'",
    "'LF82_0616'": "'LF82_2116'",
    "'LF82_1669'": "'LF82_2097'"
  },
  {
    "'LF82_0604'": "'LF82_1696'",
    "'LF82_0616'": "'LF82_2116'",
    "'LF82_1669'": "'LF82_2098'"
  },
  {
    "'LF82_0604'": "'LF82_1696'",
    "'LF82_0616'": "'LF82_2116'",
    "'LF82_1669'": "'LF82_2099'"
  },
  {
    "'LF82_0604'": "'LF82_1696'",
    "'LF82_0616'": "'LF82_2100'",
    "'LF82_1669'": "'LF82_0068'"
  },
  {
    "'LF82_0604'": "'LF82_1696'",
    "'LF82_0616'": "'LF82_2097'",
    "'LF82_1669'": "'LF82_0068'"
  },
  {
    "'LF82_0604'": "'LF82_1696'",
    "'LF82_0616'": "'LF82_2098'",
    "'LF82_1669'": "'LF82_0068'"
  },
  {
    "'LF82_0604'": "'LF82_1696'",
    "'LF82_0616'": "'LF82_2099'",
    "'LF82_1669'": "'LF82_0068'"
  },
  {
    "'LF82_0604'": "'LF82_0465'",
    "'LF82_0616'": "'LF82_3289'",
    "'LF82_1669'": "'LF82_1744'"
  },
  {
    "'LF82_0604'": "'LF82_1512'",
    "'LF82_0616'": "'LF82_1515'",
    "'LF82_1669'": "'LF82_1513'"
  },
  {
    "'LF82_0604'": "'LF82_1512'",
    "'LF82_0616'": "'LF82_1514'",
    "'LF82_1669'": "'LF82_1513'"
  },
  {
    "'LF82_0604'": "'LF82_1511'",
    "'LF82_0616'": "'LF82_1515'",
    "'LF82_1669'": "'LF82_1513'"
  },
  {
    "'LF82_0604'": "'LF82_1511'",
    "'LF82_0616'": "'LF82_1514'",
    "'LF82_1669'": "'LF82_1513'"
  },
  {
    "'LF82_0604'": "'LF82_1515'",
    "'LF82_0616'": "'LF82_1513'",
    "'LF82_1669'": "'LF82_2323'"
  },
  {
    "'LF82_0604'": "'LF82_1514'",
    "'LF82_0616'": "'LF82_1513'",
    "'LF82_1669'": "'LF82_2323'"
  }
]