[
  {
    "'ECS88_3131'": "'ECS88_0975'",
    "'ECS88_0975'": "'ECS88_4294'"
  },
  {
    "'ECS88_3131'": "'ECS88_0975'",
    "'ECS88_0975'": "'ECS88_0449'"
  },
  {
    "'ECS88_3131'": "'ECS88_3580'",
    "'ECS88_0975'": "'ECS88_2971'"
  },
  {
    "'ECS88_3131'": "'ECS88_4095'",
    "'ECS88_0975'": "'ECS88_0082'"
  },
  {
    "'ECS88_3131'": "'ECS88_4095'",
    "'ECS88_0975'": "'ECS88_0081'"
  },
  {
    "'ECS88_3131'": "'ECS88_0082'",
    "'ECS88_0975'": "'ECS88_4096'"
  },
  {
    "'ECS88_3131'": "'ECS88_0081'",
    "'ECS88_0975'": "'ECS88_4096'"
  },
  {
    "'ECS88_3131'": "'ECS88_1905'",
    "'ECS88_0975'": "'ECS88_2672'"
  },
  {
    "'ECS88_3131'": "'ECS88_1416'",
    "'ECS88_0975'": "'ECS88_0127'"
  },
  {
    "'ECS88_3131'": "'ECS88_1104'",
    "'ECS88_0975'": "'ECS88_4514'"
  },
  {
    "'ECS88_3131'": "'ECS88_0471'",
    "'ECS88_0975'": "'ECS88_2694'"
  },
  {
    "'ECS88_3131'": "'ECS88_0471'",
    "'ECS88_0975'": "'ECS88_1275'"
  },
  {
    "'ECS88_3131'": "'ECS88_0471'",
    "'ECS88_0975'": "'ECS88_4595'"
  },
  {
    "'ECS88_3131'": "'ECS88_0375'",
    "'ECS88_0975'": "'ECS88_0095'"
  },
  {
    "'ECS88_3131'": "'ECS88_4530'",
    "'ECS88_0975'": "'ECS88_1253'"
  },
  {
    "'ECS88_3131'": "'ECS88_2721'",
    "'ECS88_0975'": "'ECS88_3192'"
  },
  {
    "'ECS88_3131'": "'ECS88_2721'",
    "'ECS88_0975'": "'ECS88_5069'"
  },
  {
    "'ECS88_3131'": "'ECS88_3457'",
    "'ECS88_0975'": "'ECS88_4514'"
  },
  {
    "'ECS88_3131'": "'ECS88_0699'",
    "'ECS88_0975'": "'ECS88_4166'"
  },
  {
    "'ECS88_3131'": "'ECS88_0002'",
    "'ECS88_0975'": "'ECS88_4391'"
  },
  {
    "'ECS88_3131'": "'ECS88_0166'",
    "'ECS88_0975'": "'ECS88_1637'"
  },
  {
    "'ECS88_3131'": "'ECS88_2624'",
    "'ECS88_0975'": "'ECS88_4316'"
  },
  {
    "'ECS88_3131'": "'ECS88_3388'",
    "'ECS88_0975'": "'ECS88_1669'"
  },
  {
    "'ECS88_3131'": "'ECS88_2610'",
    "'ECS88_0975'": "'ECS88_2604'"
  },
  {
    "'ECS88_3131'": "'ECS88_0938'",
    "'ECS88_0975'": "'ECS88_0181'"
  },
  {
    "'ECS88_3131'": "'ECS88_3349'",
    "'ECS88_0975'": "'ECS88_3354'"
  },
  {
    "'ECS88_3131'": "'ECS88_3349'",
    "'ECS88_0975'": "'ECS88_3352'"
  },
  {
    "'ECS88_3131'": "'ECS88_3349'",
    "'ECS88_0975'": "'ECS88_3353'"
  },
  {
    "'ECS88_3131'": "'ECS88_0051'",
    "'ECS88_0975'": "'ECS88_1651'"
  },
  {
    "'ECS88_3131'": "'ECS88_0103'",
    "'ECS88_0975'": "'ECS88_1923'"
  },
  {
    "'ECS88_3131'": "'ECS88_1832'",
    "'ECS88_0975'": "'ECS88_3203'"
  },
  {
    "'ECS88_3131'": "'ECS88_1812'",
    "'ECS88_0975'": "'ECS88_3597'"
  },
  {
    "'ECS88_3131'": "'ECS88_1812'",
    "'ECS88_0975'": "'ECS88_3596'"
  },
  {
    "'ECS88_3131'": "'ECS88_3905'",
    "'ECS88_0975'": "'ECS88_0917'"
  },
  {
    "'ECS88_3131'": "'ECS88_0273'",
    "'ECS88_0975'": "'ECS88_2680'"
  },
  {
    "'ECS88_3131'": "'ECS88_3146'",
    "'ECS88_0975'": "'ECS88_2680'"
  },
  {
    "'ECS88_3131'": "'ECS88_3147'",
    "'ECS88_0975'": "'ECS88_2680'"
  },
  {
    "'ECS88_3131'": "'ECS88_3145'",
    "'ECS88_0975'": "'ECS88_2680'"
  },
  {
    "'ECS88_3131'": "'ECS88_2705'",
    "'ECS88_0975'": "'ECS88_1729'"
  },
  {
    "'ECS88_3131'": "'ECS88_2705'",
    "'ECS88_0975'": "'ECS88_1730'"
  },
  {
    "'ECS88_3131'": "'ECS88_2705'",
    "'ECS88_0975'": "'ECS88_1732'"
  },
  {
    "'ECS88_3131'": "'ECS88_2705'",
    "'ECS88_0975'": "'ECS88_1731'"
  },
  {
    "'ECS88_3131'": "'ECS88_2705'",
    "'ECS88_0975'": "'ECS88_1733'"
  },
  {
    "'ECS88_3131'": "'ECS88_2705'",
    "'ECS88_0975'": "'ECS88_1734'"
  },
  {
    "'ECS88_3131'": "'ECS88_2704'",
    "'ECS88_0975'": "'ECS88_1729'"
  },
  {
    "'ECS88_3131'": "'ECS88_2704'",
    "'ECS88_0975'": "'ECS88_1730'"
  },
  {
    "'ECS88_3131'": "'ECS88_2704'",
    "'ECS88_0975'": "'ECS88_1732'"
  },
  {
    "'ECS88_3131'": "'ECS88_2704'",
    "'ECS88_0975'": "'ECS88_1731'"
  },
  {
    "'ECS88_3131'": "'ECS88_2704'",
    "'ECS88_0975'": "'ECS88_1733'"
  },
  {
    "'ECS88_3131'": "'ECS88_2704'",
    "'ECS88_0975'": "'ECS88_1734'"
  },
  {
    "'ECS88_3131'": "'ECS88_4483'",
    "'ECS88_0975'": "'ECS88_4257'"
  },
  {
    "'ECS88_3131'": "'ECS88_0780'",
    "'ECS88_0975'": "'ECS88_2612'"
  },
  {
    "'ECS88_3131'": "'ECS88_0780'",
    "'ECS88_0975'": "'ECS88_2611'"
  },
  {
    "'ECS88_3131'": "'ECS88_0780'",
    "'ECS88_0975'": "'ECS88_2613'"
  },
  {
    "'ECS88_3131'": "'ECS88_0781'",
    "'ECS88_0975'": "'ECS88_2612'"
  },
  {
    "'ECS88_3131'": "'ECS88_0781'",
    "'ECS88_0975'": "'ECS88_2611'"
  },
  {
    "'ECS88_3131'": "'ECS88_0781'",
    "'ECS88_0975'": "'ECS88_2613'"
  },
  {
    "'ECS88_3131'": "'ECS88_2612'",
    "'ECS88_0975'": "'ECS88_0779'"
  },
  {
    "'ECS88_3131'": "'ECS88_0779'",
    "'ECS88_0975'": "'ECS88_2611'"
  },
  {
    "'ECS88_3131'": "'ECS88_0779'",
    "'ECS88_0975'": "'ECS88_2613'"
  },
  {
    "'ECS88_3131'": "'ECS88_3369'",
    "'ECS88_0975'": "'ECS88_4148'"
  },
  {
    "'ECS88_3131'": "'ECS88_3369'",
    "'ECS88_0975'": "'ECS88_4147'"
  },
  {
    "'ECS88_3131'": "'ECS88_3369'",
    "'ECS88_0975'": "'ECS88_4149'"
  },
  {
    "'ECS88_3131'": "'ECS88_3369'",
    "'ECS88_0975'": "'ECS88_4150'"
  },
  {
    "'ECS88_3131'": "'ECS88_1275'",
    "'ECS88_0975'": "'ECS88_4595'"
  },
  {
    "'ECS88_3131'": "'ECS88_1742'",
    "'ECS88_0975'": "'ECS88_3669'"
  },
  {
    "'ECS88_3131'": "'ECS88_3775'",
    "'ECS88_0975'": "'ECS88_0383'"
  },
  {
    "'ECS88_3131'": "'ECS88_4195'",
    "'ECS88_0975'": "'ECS88_3510'"
  }
]