'12DGR180ti','3OAR160','KAS_HP'
'12DGR180ti','3OAS160','KAS_HP'
'12DGR180ti','ACOAAGPAT180','AGPAT180'
'12DGR180ti','AGPAT180','STCOATA'
'12DGR180ti','G3PAT180','SGAT'
'12DGR180ti','G3PAT180','STCOATA'
'2DMMQ8abc','FRTT','P1CM'
'2DMMQ8abc','FRTT','SHCHD2'
'2DMMQ8abc','FRTT','SHCHF'
'2DMMQ8abc','FRTT','UPP3MT3'
'2DMMQ8abc','GGTT','P1CM'
'2DMMQ8abc','GGTT','SHCHD2'
'2DMMQ8abc','GGTT','SHCHF'
'2DMMQ8abc','GGTT','UPP3MT3'
'2DMMQ8abc','HEXTT','P1CM'
'2DMMQ8abc','HEXTT','SHCHD2'
'2DMMQ8abc','HEXTT','SHCHF'
'2DMMQ8abc','HEXTT','UPP3MT3'
'2DMMQ8abc','P1CM','PPTT'
'2DMMQ8abc','PPTT','SHCHD2'
'2DMMQ8abc','PPTT','SHCHF'
'2DMMQ8abc','PPTT','UPP3MT3'
'3OAR160','DAGK180','KAS_HP'
'3OAR160','EX_12dgr180(e)','KAS_HP'
'3OAS160','DAGK180','KAS_HP'
'3OAS160','EX_12dgr180(e)','KAS_HP'
'5DOAN','CPPPGO','DM_dad_5'
'5DOAN','DM_dad_5','EX_o2(e)'
'5DOAN','DM_dad_5','O2t'
'5MTAte','DM_5MTR','EX_spmd(e)'
'5MTAte','DM_5MTR','SPMDabc'
'5MTAte','EX_spmd(e)','MTAN'
'5MTAte','MTAN','SPMDabc'
'ACGAMPM','ACNAMabc','G1PACT'
'ACGAMPM','ACNAMabc','PGAMT'
'ACGAMPM','ACNML','G1PACT'
'ACGAMPM','ACNML','PGAMT'
'ACGAMPM','EX_acnam(e)','G1PACT'
'ACGAMPM','EX_acnam(e)','PGAMT'
'ACGAMPM','G1PACT','UAG2EMA'
'ACGAMPM','PGAMT','UAG2EMA'
'ACGApts','ACNAMabc','G1PACT'
'ACGApts','ACNAMabc','PGAMT'
'ACGApts','ACNML','G1PACT'
'ACGApts','ACNML','PGAMT'
'ACGApts','EX_acnam(e)','G1PACT'
'ACGApts','EX_acnam(e)','PGAMT'
'ACNAMabc','EX_acgam(e)','G1PACT'
'ACNAMabc','EX_acgam(e)','PGAMT'
'ACNML','EX_acgam(e)','G1PACT'
'ACNML','EX_acgam(e)','PGAMT'
'ACOAAGPAT180','AGPAT180','DAGK180'
'ACOAAGPAT180','AGPAT180','EX_12dgr180(e)'
'ADAD','DCMPDA','TRDRr'
'ADAD','DURIK1','TRDRr'
'ADK8','NDPK7','RNTR3'
'ADK8','NDPK7','TRDRr'
'ADK9','NDPK5','RNTR2'
'ADK9','NDPK5','TRDRr'
'AGPAT180','DAGK180','STCOATA'
'AGPAT180','EX_12dgr180(e)','STCOATA'
'AHC','AHCYSNS_r','AMMQT7rev'
'AHC','AHCYSNS_r','DHNAOT7'
'AHC','AHCYSNS_r','EX_mqn7(e)'
'AHC','AHCYSNS_r','EX_q8(e)'
'AHC','AHCYSNS_r','EX_sheme(e)'
'AHC','AHCYSNS_r','MK7te'
'AHC','AHCYSNS_r','Q8abc'
'AHC','AHCYSNS_r','SHEMEabc'
'AHC','AMMQT7rev','DM_dhptd(c)'
'AHC','AMMQT7rev','RHCCE'
'AHC','DHNAOT7','DM_dhptd(c)'
'AHC','DHNAOT7','RHCCE'
'AHC','DM_dhptd(c)','EX_mqn7(e)'
'AHC','DM_dhptd(c)','EX_q8(e)'
'AHC','DM_dhptd(c)','EX_sheme(e)'
'AHC','DM_dhptd(c)','MK7te'
'AHC','DM_dhptd(c)','Q8abc'
'AHC','DM_dhptd(c)','SHEMEabc'
'AHC','EX_mqn7(e)','RHCCE'
'AHC','EX_q8(e)','RHCCE'
'AHC','EX_sheme(e)','RHCCE'
'AHC','MK7te','RHCCE'
'AHC','Q8abc','RHCCE'
'AHC','RHCCE','SHEMEabc'
'ALALEU1c','EX_glyleu(e)','EX_leu_L(e)'
'ALALEU1c','EX_glyleu(e)','LEUt2r'
'ALALEU1c','EX_leu_L(e)','GLYLEUHYDROc'
'ALALEU1c','EX_leu_L(e)','GLYLEUPEPT1tc'
'ALALEU1c','GLYLEUHYDROc','LEUt2r'
'ALALEU1c','GLYLEUPEPT1tc','LEUt2r'
'ALALEUabc','EX_glyleu(e)','EX_leu_L(e)'
'ALALEUabc','EX_glyleu(e)','LEUt2r'
'ALALEUabc','EX_leu_L(e)','GLYLEUHYDROc'
'ALALEUabc','EX_leu_L(e)','GLYLEUPEPT1tc'
'ALALEUabc','GLYLEUHYDROc','LEUt2r'
'ALALEUabc','GLYLEUPEPT1tc','LEUt2r'
'AMPt2','EX_nac(e)','EX_pi(e)'
'AMPt2','EX_nmn(e)','EX_pi(e)'
'AMPt2','EX_pi(e)','NACt2r'
'AMPt2','EX_pi(e)','NMNP'
'AMPt2','EX_pi(e)','NNAM'
'AMPt2','EX_pi(e)','PNP'
'ANS','ANS2','EX_trp_L(e)'
'ANS','ANS2','TRPt2r'
'APRAUR','RPI','TKT1'
'AROH','EX_glyphe(e)','EX_phe_L(e)'
'AROH','EX_glyphe(e)','PHEt2r'
'AROH','EX_phe_L(e)','GLYPHEHYc'
'AROH','EX_phe_L(e)','GLYPHEabc'
'AROH','GLYPHEHYc','PHEt2r'
'AROH','GLYPHEabc','PHEt2r'
'ASNS2','ASNt2r','EX_glyasn(e)'
'ASNS2','ASNt2r','GLYASN1c'
'ASNS2','ASNt2r','GLYASNabc'
'ASNS2','EX_asn_L(e)','EX_glyasn(e)'
'ASNS2','EX_asn_L(e)','GLYASN1c'
'ASNS2','EX_asn_L(e)','GLYASNabc'
'ASPO6','EX_nac(e)','EX_nmn(e)'
'ASPO6','EX_nac(e)','NMNP'
'ASPO6','EX_nmn(e)','NACt2r'
'ASPO6','NACt2r','NMNP'
'CHORM','EX_glytyr(e)','EX_tyr_L(e)'
'CHORM','EX_glytyr(e)','TYRt2r'
'CHORM','EX_tyr_L(e)','GLYTYR1c'
'CHORM','EX_tyr_L(e)','GLYTYRabc'
'CHORM','GLYTYR1c','TYRt2r'
'CHORM','GLYTYRabc','TYRt2r'
'CITRH','EX_arg_L(e)','OCBT'
'CPPPGO','DM_5DRIB','DM_dad_5'
'CTPS1','CTPS2','CYTDt2r'
'CTPS1','CTPS2','CYTK1'
'CTPS1','CTPS2','EX_cytd(e)'
'CYTK2','RNDR3','RNTR3'
'DADNK','RNDR1','RNTR1'
'DADNt2r','PUNP2','TRDRr'
'DAGK180','G3PAT180','SGAT'
'DAGK180','G3PAT180','STCOATA'
'DB4PS','RPI','TKT1'
'DCMPDA','DCYTt2r','TRDRr'
'DCMPDA','EX_dcyt(e)','TRDRr'
'DCYTt2r','DURIK1','TRDRr'
'DGK1','RNDR2','RNTR2'
'DGSNt2','EX_gua(e)','GMPS2'
'DGSNt2','EX_gua(e)','IMPD'
'DGSNt2','GMPS2','GUAt2'
'DGSNt2','GUAt2','IMPD'
'DGSNt2','PUNP4','TRDRr'
'DHNPA2','DHPS','FOLD3'
'DHNPA2','DHPS','HPPK'
'DHPPDA','DHPPDA2','EX_ribflv(e)'
'DHPPDA','DHPPDA2','RIBFLVt2r'
'DHPPDA','EX_ribflv(e)','GTPCII2'
'DHPPDA','GTPCII2','RIBFLVt2r'
'DHPPDA2','EX_ribflv(e)','GTPCII'
'DHPPDA2','GTPCII','RIBFLVt2r'
'DHPS','DHPS2','FOLD3'
'DHPS','DHPS2','HPPK'
'DHPS','FOLD3','HPPK2'
'DHPS','HPPK','HPPK2'
'DM_5DRIB','DM_dad_5','EX_o2(e)'
'DM_5DRIB','DM_dad_5','O2t'
'DM_5MTR','EX_5mta(e)','EX_spmd(e)'
'DM_5MTR','EX_5mta(e)','SPMDabc'
'DURIK1','EX_dcyt(e)','TRDRr'
'EX_12dgr180(e)','G3PAT180','SGAT'
'EX_12dgr180(e)','G3PAT180','STCOATA'
'EX_2dmmq8(e)','FRTT','P1CM'
'EX_2dmmq8(e)','FRTT','SHCHD2'
'EX_2dmmq8(e)','FRTT','SHCHF'
'EX_2dmmq8(e)','FRTT','UPP3MT3'
'EX_2dmmq8(e)','GGTT','P1CM'
'EX_2dmmq8(e)','GGTT','SHCHD2'
'EX_2dmmq8(e)','GGTT','SHCHF'
'EX_2dmmq8(e)','GGTT','UPP3MT3'
'EX_2dmmq8(e)','HEXTT','P1CM'
'EX_2dmmq8(e)','HEXTT','SHCHD2'
'EX_2dmmq8(e)','HEXTT','SHCHF'
'EX_2dmmq8(e)','HEXTT','UPP3MT3'
'EX_2dmmq8(e)','P1CM','PPTT'
'EX_2dmmq8(e)','PPTT','SHCHD2'
'EX_2dmmq8(e)','PPTT','SHCHF'
'EX_2dmmq8(e)','PPTT','UPP3MT3'
'EX_5mta(e)','EX_spmd(e)','MTAN'
'EX_5mta(e)','MTAN','SPMDabc'
'EX_acgam(e)','EX_acnam(e)','G1PACT'
'EX_acgam(e)','EX_acnam(e)','PGAMT'
'EX_alaleu(e)','EX_glyleu(e)','EX_leu_L(e)'
'EX_alaleu(e)','EX_glyleu(e)','LEUt2r'
'EX_alaleu(e)','EX_leu_L(e)','GLYLEUHYDROc'
'EX_alaleu(e)','EX_leu_L(e)','GLYLEUPEPT1tc'
'EX_alaleu(e)','GLYLEUHYDROc','LEUt2r'
'EX_alaleu(e)','GLYLEUPEPT1tc','LEUt2r'
'EX_amp(e)','EX_nac(e)','EX_pi(e)'
'EX_amp(e)','EX_nmn(e)','EX_pi(e)'
'EX_amp(e)','EX_pi(e)','NACt2r'
'EX_amp(e)','EX_pi(e)','NMNP'
'EX_amp(e)','EX_pi(e)','NNAM'
'EX_amp(e)','EX_pi(e)','PNP'
'EX_arg_L(e)','EX_succ(e)','FUM'
'EX_arg_L(e)','EX_succ(e)','MDH'
'EX_arg_L(e)','FUM','SUCCt2r'
'EX_arg_L(e)','MDH','SUCCt2r'
'EX_dad_2(e)','PUNP2','TRDRr'
'EX_dgsn(e)','EX_gua(e)','GMPS2'
'EX_dgsn(e)','EX_gua(e)','IMPD'
'EX_dgsn(e)','GMPS2','GUAt2'
'EX_dgsn(e)','GUAt2','IMPD'
'EX_dgsn(e)','PUNP4','TRDRr'
'EX_glymet(e)','EX_met_L(e)','EX_metala(e)'
'EX_glymet(e)','EX_met_L(e)','METALA1c'
'EX_glymet(e)','EX_met_L(e)','METALAabc'
'EX_glymet(e)','EX_metala(e)','METt2r'
'EX_glymet(e)','METALA1c','METt2r'
'EX_glymet(e)','METALAabc','METt2r'
'EX_glypro(e)','EX_pro_L(e)','G5SADs'
'EX_glypro(e)','EX_pro_L(e)','G5SDr'
'EX_glypro(e)','EX_pro_L(e)','GLU5K'
'EX_glypro(e)','EX_pro_L(e)','P5CRyr'
'EX_glypro(e)','G5SADs','PROabc'
'EX_glypro(e)','G5SDr','PROabc'
'EX_glypro(e)','GLU5K','PROabc'
'EX_glypro(e)','P5CRyr','PROabc'
'EX_glytyr(e)','EX_tyr_L(e)','LARGNAT'
'EX_glytyr(e)','EX_tyr_L(e)','L_ARONR'
'EX_glytyr(e)','LARGNAT','TYRt2r'
'EX_glytyr(e)','L_ARONR','TYRt2r'
'EX_gua(e)','GMPS2','PUNP4'
'EX_gua(e)','IMPD','PUNP4'
'EX_met_L(e)','EX_metala(e)','GLYMET1c'
'EX_met_L(e)','EX_metala(e)','GLYMETabc'
'EX_met_L(e)','GLYMET1c','METALA1c'
'EX_met_L(e)','GLYMET1c','METALAabc'
'EX_met_L(e)','GLYMETabc','METALA1c'
'EX_met_L(e)','GLYMETabc','METALAabc'
'EX_metala(e)','GLYMET1c','METt2r'
'EX_metala(e)','GLYMETabc','METt2r'
'EX_nac(e)','EX_nmn(e)','EX_o2(e)'
'EX_nac(e)','EX_nmn(e)','NNDPR'
'EX_nac(e)','EX_nmn(e)','O2t'
'EX_nac(e)','EX_nmn(e)','QULNS'
'EX_nac(e)','EX_nmn(e)','THIORDXi'
'EX_nac(e)','EX_nmn(e)','TRDRr'
'EX_nac(e)','EX_o2(e)','NMNP'
'EX_nac(e)','NMNP','NNDPR'
'EX_nac(e)','NMNP','O2t'
'EX_nac(e)','NMNP','QULNS'
'EX_nac(e)','NMNP','THIORDXi'
'EX_nac(e)','NMNP','TRDRr'
'EX_nmn(e)','EX_o2(e)','NACt2r'
'EX_nmn(e)','NACt2r','NNDPR'
'EX_nmn(e)','NACt2r','O2t'
'EX_nmn(e)','NACt2r','QULNS'
'EX_nmn(e)','NACt2r','THIORDXi'
'EX_nmn(e)','NACt2r','TRDRr'
'EX_nmn(e)','NADS1','NADS2'
'EX_o2(e)','EX_pydx(e)','PDX5PO2'
'EX_o2(e)','NACt2r','NMNP'
'EX_o2(e)','PDX5PO2','PYDXK'
'EX_o2(e)','PDX5PO2','PYDXabc'
'EX_pro_L(e)','G5SADs','GLYPROPRO1c'
'EX_pro_L(e)','G5SADs','GLYPROabc'
'EX_pro_L(e)','G5SDr','GLYPROPRO1c'
'EX_pro_L(e)','G5SDr','GLYPROabc'
'EX_pro_L(e)','GLU5K','GLYPROPRO1c'
'EX_pro_L(e)','GLU5K','GLYPROabc'
'EX_pro_L(e)','GLYPROPRO1c','P5CRyr'
'EX_pro_L(e)','GLYPROabc','P5CRyr'
'EX_pydam(e)','EX_pydx(e)','PDX5PO2'
'EX_pydam(e)','PDX5PO2','PYDXK'
'EX_pydam(e)','PDX5PO2','PYDXabc'
'EX_pydx(e)','O2t','PDX5PO2'
'EX_pydx(e)','PDX5PO2','PYAM5POr'
'EX_pydx(e)','PDX5PO2','PYDAMK'
'EX_pydx(e)','PDX5PO2','PYDAMabc'
'EX_pydx(e)','PDX5PO2','THIORDXi'
'EX_pydx(e)','PDX5PO2','TRDRr'
'EX_ribflv(e)','GTPCII','GTPCII2'
'EX_ribflv(e)','RPE','RPI'
'EX_trp_L(e)','TRPS1','TRPS2'
'EX_trp_L(e)','TRPS1','TRPS3r'
'EX_tyr_L(e)','GLYTYR1c','LARGNAT'
'EX_tyr_L(e)','GLYTYR1c','L_ARONR'
'EX_tyr_L(e)','GLYTYRabc','LARGNAT'
'EX_tyr_L(e)','GLYTYRabc','L_ARONR'
'FBA3','RPE','TALA'
'FBA3','TALA','TKT2'
'FTHFL','GHMT2','GLYCL'
'G3PD1','G3PD2','GLYK'
'G5SADs','GLYPROPRO1c','PROabc'
'G5SADs','GLYPROabc','PROabc'
'G5SDr','GLYPROPRO1c','PROabc'
'G5SDr','GLYPROabc','PROabc'
'GALK','GALU','UGLT'
'GALU','UDPG4E','UGLT'
'GHMT2','GLYCL','MTHFC'
'GHMT2','GLYCL','MTHFD'
'GLU5K','GLYPROPRO1c','PROabc'
'GLU5K','GLYPROabc','PROabc'
'GLYMET1c','METALA1c','METt2r'
'GLYMET1c','METALAabc','METt2r'
'GLYMETabc','METALA1c','METt2r'
'GLYMETabc','METALAabc','METt2r'
'GLYPROPRO1c','P5CRyr','PROabc'
'GLYPROabc','P5CRyr','PROabc'
'GLYTYR1c','LARGNAT','TYRt2r'
'GLYTYR1c','L_ARONR','TYRt2r'
'GLYTYRabc','LARGNAT','TYRt2r'
'GLYTYRabc','L_ARONR','TYRt2r'
'GMPS2','GUAt2','PUNP4'
'GTPCII','GTPCII2','RIBFLVt2r'
'GUAD','GUAPRT','IMPD'
'GUAPRT','IMPD','XPPTr'
'GUAt2','IMPD','PUNP4'
'NACt2r','NMNP','NNDPR'
'NACt2r','NMNP','O2t'
'NACt2r','NMNP','QULNS'
'NACt2r','NMNP','THIORDXi'
'NACt2r','NMNP','TRDRr'
'NADS1','NADS2','NMNAT'
'NADS1','NADS2','NMNP'
'O2t','PDX5PO2','PYDXK'
'O2t','PDX5PO2','PYDXabc'
'PDX5PO2','PYAM5POr','PYDXK'
'PDX5PO2','PYAM5POr','PYDXabc'
'PDX5PO2','PYDAMK','PYDXK'
'PDX5PO2','PYDAMK','PYDXabc'
'PDX5PO2','PYDAMabc','PYDXK'
'PDX5PO2','PYDAMabc','PYDXabc'
'PDX5PO2','PYDXK','THIORDXi'
'PDX5PO2','PYDXK','TRDRr'
'PDX5PO2','PYDXabc','THIORDXi'
'PDX5PO2','PYDXabc','TRDRr'
'PFK_3','RPE','TALA'
'PFK_3','TALA','TKT2'
'PMDPHT','RPI','TKT1'
'PPM','RBK','RPE'
'PPM','RBK','RPI'
'PPM','RBK','TKT2'
'RBFSa','RPI','TKT1'
'RBFSb','RPI','TKT1'
'RIBFLVt2r','RPE','RPI'
'RNDR1','RNTR1','r0345'
'RNDR2','RNTR2','r0456'
'TMDK1','TMDK2','TMDSf2'
'TRPS1','TRPS2','TRPt2r'
'TRPS1','TRPS3r','TRPt2r'
