[
  {
    "'ECSP_0179'": "'ECSP_1394'"
  },
  {
    "'ECSP_0179'": "'ECSP_3198'"
  },
  {
    "'ECSP_0179'": "'ECSP_0004'"
  },
  {
    "'ECSP_0179'": "'ECSP_0160'"
  },
  {
    "'ECSP_0179'": "'ECSP_1395'"
  },
  {
    "'ECSP_0179'": "'s0001'"
  },
  {
    "'ECSP_0179'": "'ECSP_4225'"
  },
  {
    "'ECSP_0179'": "'ECSP_3191'"
  },
  {
    "'ECSP_0179'": "'ECSP_4224'"
  },
  {
    "'ECSP_0179'": "'ECSP_0184'"
  },
  {
    "'ECSP_0179'": "'ECSP_5028'"
  },
  {
    "'ECSP_0179'": "'ECSP_3770'"
  },
  {
    "'ECSP_0179'": "'ECSP_1392'"
  },
  {
    "'ECSP_0179'": "'ECSP_5026'"
  },
  {
    "'ECSP_0179'": "'ECSP_5363'"
  },
  {
    "'ECSP_0179'": "'ECSP_4175'"
  },
  {
    "'ECSP_0179'": "'ECSP_4176'"
  },
  {
    "'ECSP_0179'": "'ECSP_5362'"
  },
  {
    "'ECSP_0179'": "'ECSP_4174'"
  },
  {
    "'ECSP_0179'": "'ECSP_4317'"
  },
  {
    "'ECSP_0179'": "'ECSP_1397'"
  },
  {
    "'ECSP_0179'": "'ECSP_2385'"
  },
  {
    "'ECSP_0179'": "'ECSP_4318'"
  },
  {
    "'ECSP_0179'": "'ECSP_3698'"
  },
  {
    "'ECSP_0179'": "'ECSP_1511'"
  },
  {
    "'ECSP_0179'": "'ECSP_5277'"
  },
  {
    "'ECSP_0179'": "'ECSP_3994'"
  },
  {
    "'ECSP_0179'": "'ECSP_5027'"
  },
  {
    "'ECSP_0179'": "'ECSP_5076'"
  },
  {
    "'ECSP_0179'": "'ECSP_0596'"
  },
  {
    "'ECSP_0179'": "'ECSP_0597'"
  },
  {
    "'ECSP_0179'": "'ECSP_0870'"
  },
  {
    "'ECSP_0179'": "'ECSP_5064'"
  },
  {
    "'ECSP_0179'": "'ECSP_1782'"
  },
  {
    "'ECSP_0179'": "'ECSP_1783'"
  },
  {
    "'ECSP_0179'": "'ECSP_0872'"
  },
  {
    "'ECSP_0179'": "'ECSP_0481'"
  },
  {
    "'ECSP_0179'": "'ECSP_5029'"
  },
  {
    "'ECSP_0179'": "'ECSP_4147'"
  },
  {
    "'ECSP_0179'": "'ECSP_4387'"
  },
  {
    "'ECSP_0179'": "'ECSP_0132'"
  },
  {
    "'ECSP_0179'": "'ECSP_5347'"
  },
  {
    "'ECSP_0179'": "'ECSP_3520'"
  },
  {
    "'ECSP_0179'": "'ECSP_1032'"
  },
  {
    "'ECSP_0179'": "'ECSP_2770'"
  },
  {
    "'ECSP_0179'": "'ECSP_0925'"
  },
  {
    "'ECSP_0179'": "'ECSP_4910'"
  },
  {
    "'ECSP_0179'": "'ECSP_5316'"
  },
  {
    "'ECSP_0179'": "'ECSP_0871'"
  },
  {
    "'ECSP_0179'": "'ECSP_4171'"
  },
  {
    "'ECSP_0179'": "'ECSP_4018'"
  },
  {
    "'ECSP_0179'": "'ECSP_1598'"
  },
  {
    "'ECSP_0179'": "'ECSP_3545'"
  },
  {
    "'ECSP_0179'": "'ECSP_3544'"
  },
  {
    "'ECSP_0179'": "'ECSP_3204'"
  },
  {
    "'ECSP_0179'": "'ECSP_5117'"
  },
  {
    "'ECSP_0179'": "'ECSP_1018'"
  },
  {
    "'ECSP_0179'": "'ECSP_0877'"
  },
  {
    "'ECSP_0179'": "'ECSP_0879'"
  },
  {
    "'ECSP_0179'": "'ECSP_0762'"
  },
  {
    "'ECSP_0179'": "'ECSP_3732'"
  },
  {
    "'ECSP_0179'": "'ECSP_3791'"
  },
  {
    "'ECSP_0179'": "'ECSP_4861'"
  },
  {
    "'ECSP_0179'": "'ECSP_0174'"
  },
  {
    "'ECSP_0179'": "'ECSP_4020'"
  },
  {
    "'ECSP_0179'": "'ECSP_0874'"
  },
  {
    "'ECSP_0179'": "'ECSP_4642'"
  },
  {
    "'ECSP_0179'": "'ECSP_4820'"
  },
  {
    "'ECSP_0179'": "'ECSP_0032'"
  },
  {
    "'ECSP_0179'": "'ECSP_3417'"
  },
  {
    "'ECSP_0179'": "'ECSP_3190'"
  },
  {
    "'ECSP_0179'": "'ECSP_4031'"
  },
  {
    "'ECSP_0179'": "'ECSP_1363'"
  },
  {
    "'ECSP_0179'": "'ECSP_4152'"
  },
  {
    "'ECSP_0179'": "'ECSP_4338'"
  },
  {
    "'ECSP_0179'": "'ECSP_2260'"
  },
  {
    "'ECSP_0179'": "'ECSP_0489'"
  },
  {
    "'ECSP_0179'": "'ECSP_0030'"
  },
  {
    "'ECSP_0179'": "'ECSP_0105'"
  },
  {
    "'ECSP_0179'": "'ECSP_4823'"
  },
  {
    "'ECSP_0179'": "'ECSP_1399'"
  },
  {
    "'ECSP_0179'": "'ECSP_0172'"
  },
  {
    "'ECSP_0179'": "'ECSP_0488'"
  },
  {
    "'ECSP_0179'": "'ECSP_1809'"
  },
  {
    "'ECSP_0179'": "'ECSP_3713'"
  },
  {
    "'ECSP_0179'": "'ECSP_3712'"
  },
  {
    "'ECSP_0179'": "'ECSP_0542'"
  },
  {
    "'ECSP_0179'": "'ECSP_0026'"
  },
  {
    "'ECSP_0179'": "'ECSP_4780'"
  },
  {
    "'ECSP_0179'": "'ECSP_0155'"
  },
  {
    "'ECSP_0179'": "'ECSP_4605'"
  },
  {
    "'ECSP_0179'": "'ECSP_1897'"
  },
  {
    "'ECSP_0179'": "'ECSP_4779'"
  },
  {
    "'ECSP_0179'": "'ECSP_3187'"
  },
  {
    "'ECSP_0179'": "'ECSP_5038'"
  },
  {
    "'ECSP_0179'": "'ECSP_1600'"
  },
  {
    "'ECSP_0179'": "'ECSP_3350'"
  },
  {
    "'ECSP_0179'": "'ECSP_3447'"
  },
  {
    "'ECSP_0179'": "'ECSP_3031'"
  },
  {
    "'ECSP_0179'": "'ECSP_1797'"
  },
  {
    "'ECSP_0179'": "'ECSP_5118'"
  },
  {
    "'ECSP_0179'": "'ECSP_2771'"
  },
  {
    "'ECSP_0179'": "'ECSP_2773'"
  },
  {
    "'ECSP_0179'": "'ECSP_4857'"
  },
  {
    "'ECSP_0179'": "'ECSP_2898'"
  },
  {
    "'ECSP_0179'": "'ECSP_0143'"
  },
  {
    "'ECSP_0179'": "'ECSP_0003'"
  },
  {
    "'ECSP_0179'": "'ECSP_5082'"
  },
  {
    "'ECSP_0179'": "'ECSP_2772'"
  },
  {
    "'ECSP_0179'": "'ECSP_3474'"
  },
  {
    "'ECSP_0179'": "'ECSP_4859'"
  },
  {
    "'ECSP_0179'": "'ECSP_1516'"
  },
  {
    "'ECSP_0179'": "'ECSP_2776'"
  },
  {
    "'ECSP_0179'": "'ECSP_2774'"
  },
  {
    "'ECSP_0179'": "'ECSP_1781'"
  },
  {
    "'ECSP_0179'": "'ECSP_4819'"
  },
  {
    "'ECSP_0179'": "'ECSP_0077'"
  },
  {
    "'ECSP_0179'": "'ECSP_0075'"
  },
  {
    "'ECSP_0179'": "'ECSP_0076'"
  },
  {
    "'ECSP_0179'": "'ECSP_0078'"
  },
  {
    "'ECSP_0179'": "'ECSP_1022'"
  },
  {
    "'ECSP_0179'": "'ECSP_4173'"
  },
  {
    "'ECSP_0179'": "'ECSP_1605'"
  },
  {
    "'ECSP_0179'": "'ECSP_0181'"
  },
  {
    "'ECSP_0179'": "'ECSP_0873'"
  },
  {
    "'ECSP_0179'": "'ECSP_1393'"
  },
  {
    "'ECSP_0179'": "'ECSP_3455'"
  },
  {
    "'ECSP_0179'": "'ECSP_3694'"
  },
  {
    "'ECSP_0179'": "'ECSP_3695'"
  },
  {
    "'ECSP_0179'": "'ECSP_3913'"
  },
  {
    "'ECSP_0179'": "'ECSP_0880'"
  },
  {
    "'ECSP_0179'": "'ECSP_4627'"
  },
  {
    "'ECSP_0179'": "'ECSP_0135'"
  },
  {
    "'ECSP_0179'": "'ECSP_0009'"
  },
  {
    "'ECSP_0179'": "'ECSP_1370'"
  },
  {
    "'ECSP_0179'": "'ECSP_0881'"
  },
  {
    "'ECSP_0179'": "'ECSP_0924'"
  },
  {
    "'ECSP_0179'": "'ECSP_5011'"
  },
  {
    "'ECSP_0179'": "'ECSP_3559'"
  },
  {
    "'ECSP_0179'": "'ECSP_2308'"
  },
  {
    "'ECSP_0179'": "'ECSP_0692'"
  },
  {
    "'ECSP_0179'": "'ECSP_0110'"
  },
  {
    "'ECSP_0179'": "'ECSP_5355'"
  },
  {
    "'ECSP_0179'": "'ECSP_4162'"
  },
  {
    "'ECSP_0179'": "'ECSP_1011'"
  },
  {
    "'ECSP_0179'": "'ECSP_1801'"
  },
  {
    "'ECSP_0179'": "'ECSP_3186'"
  },
  {
    "'ECSP_0179'": "'ECSP_4896'"
  },
  {
    "'ECSP_0179'": "'ECSP_4636'"
  },
  {
    "'ECSP_0179'": "'ECSP_0448'"
  },
  {
    "'ECSP_0179'": "'ECSP_0134'"
  },
  {
    "'ECSP_0179'": "'ECSP_0090'"
  },
  {
    "'ECSP_0179'": "'ECSP_3711'"
  },
  {
    "'ECSP_0179'": "'ECSP_0057'"
  },
  {
    "'ECSP_0179'": "'ECSP_3509'"
  },
  {
    "'ECSP_0179'": "'ECSP_3195'"
  },
  {
    "'ECSP_0179'": "'ECSP_4151'"
  },
  {
    "'ECSP_0179'": "'ECSP_4362'"
  },
  {
    "'ECSP_0179'": "'ECSP_5045'"
  },
  {
    "'ECSP_0179'": "'ECSP_0432'"
  },
  {
    "'ECSP_0179'": "'ECSP_4633'"
  },
  {
    "'ECSP_0179'": "'ECSP_4903'"
  },
  {
    "'ECSP_0179'": "'ECSP_5075'"
  },
  {
    "'ECSP_0179'": "'ECSP_3438'"
  },
  {
    "'ECSP_0179'": "'ECSP_2777'"
  },
  {
    "'ECSP_0179'": "'ECSP_3415'"
  },
  {
    "'ECSP_0179'": "'ECSP_3501'"
  },
  {
    "'ECSP_0179'": "'ECSP_2775'"
  },
  {
    "'ECSP_0179'": "'ECSP_1012'"
  },
  {
    "'ECSP_0179'": "'ECSP_5260'"
  },
  {
    "'ECSP_0179'": "'ECSP_3532'"
  },
  {
    "'ECSP_0179'": "'ECSP_4628'"
  },
  {
    "'ECSP_0179'": "'ECSP_0802'"
  },
  {
    "'ECSP_0179'": "'ECSP_2229'"
  },
  {
    "'ECSP_0179'": "'ECSP_0482'"
  },
  {
    "'ECSP_0179'": "'ECSP_3634'"
  },
  {
    "'ECSP_0179'": "'ECSP_3699'"
  },
  {
    "'ECSP_0179'": "'ECSP_3700'"
  },
  {
    "'ECSP_0179'": "'ECSP_3410'"
  },
  {
    "'ECSP_0179'": "'ECSP_4604'"
  },
  {
    "'ECSP_0179'": "'ECSP_4326'"
  },
  {
    "'ECSP_0179'": "'ECSP_5009'"
  },
  {
    "'ECSP_0179'": "'ECSP_1019'"
  },
  {
    "'ECSP_0179'": "'ECSP_0165'"
  },
  {
    "'ECSP_0179'": "'ECSP_5062'"
  },
  {
    "'ECSP_0179'": "'thiS'"
  },
  {
    "'ECSP_0179'": "'ECSP_0491'"
  },
  {
    "'ECSP_0179'": "'ECSP_5060'"
  },
  {
    "'ECSP_0179'": "'ECSP_3403'"
  },
  {
    "'ECSP_0179'": "'ECSP_3779'"
  },
  {
    "'ECSP_0179'": "'ECSP_0484'"
  },
  {
    "'ECSP_0179'": "'ECSP_5063'"
  },
  {
    "'ECSP_0179'": "'ECSP_1780'"
  },
  {
    "'ECSP_0179'": "'ECSP_1779'"
  },
  {
    "'ECSP_0179'": "'ECSP_5061'"
  },
  {
    "'ECSP_0179'": "'ECSP_0178'"
  },
  {
    "'ECSP_0179'": "'ECSP_0088'"
  },
  {
    "'ECSP_0179'": "'ECSP_0180'"
  },
  {
    "'ECSP_0179'": "'ECSP_4164'"
  },
  {
    "'ECSP_0179'": "'ECSP_0093'"
  },
  {
    "'ECSP_0179'": "'ECSP_0091'"
  },
  {
    "'ECSP_0179'": "'ECSP_0094'"
  },
  {
    "'ECSP_0179'": "'ECSP_5043'"
  },
  {
    "'ECSP_0179'": "'ECSP_0173'"
  },
  {
    "'ECSP_0179'": "'ECSP_0089'"
  },
  {
    "'ECSP_0179'": "'ECSP_0099'"
  },
  {
    "'ECSP_0179'": "'ECSP_4856'"
  },
  {
    "'ECSP_0179'": "'ECSP_5067'"
  },
  {
    "'ECSP_0179'": "'ECSP_0598'"
  }
]