[
  {
    "'ECO103_3396'": "'ECO103_1000'",
    "'ECO103_1000'": "'ECO103_4319'"
  },
  {
    "'ECO103_3396'": "'ECO103_1000'",
    "'ECO103_1000'": "'ECO103_0429'"
  },
  {
    "'ECO103_3396'": "'ECO103_3243'",
    "'ECO103_1000'": "'ECO103_3944'"
  },
  {
    "'ECO103_3396'": "'ilvN'",
    "'ECO103_1000'": "'ECO103_0079'"
  },
  {
    "'ECO103_3396'": "'ilvN'",
    "'ECO103_1000'": "'ECO103_0080'"
  },
  {
    "'ECO103_3396'": "'ECO103_4487'",
    "'ECO103_1000'": "'ECO103_0079'"
  },
  {
    "'ECO103_3396'": "'ECO103_4487'",
    "'ECO103_1000'": "'ECO103_0080'"
  },
  {
    "'ECO103_3396'": "'ECO103_2039'",
    "'ECO103_1000'": "'ECO103_3017'"
  },
  {
    "'ECO103_3396'": "'ECO103_1439'",
    "'ECO103_1000'": "'ECO103_0118'"
  },
  {
    "'ECO103_3396'": "'ECO103_1135'",
    "'ECO103_1000'": "'ECO103_4790'"
  },
  {
    "'ECO103_3396'": "'ECO103_0450'",
    "'ECO103_1000'": "'ECO103_3035'"
  },
  {
    "'ECO103_3396'": "'ECO103_0450'",
    "'ECO103_1000'": "'ECO103_1309'"
  },
  {
    "'ECO103_3396'": "'ECO103_0450'",
    "'ECO103_1000'": "'ECO103_4847'"
  },
  {
    "'ECO103_3396'": "'ECO103_0356'",
    "'ECO103_1000'": "'ECO103_0094'"
  },
  {
    "'ECO103_3396'": "'ECO103_4802'",
    "'ECO103_1000'": "'ECO103_1292'"
  },
  {
    "'ECO103_3396'": "'ECO103_3072'",
    "'ECO103_1000'": "'ECO103_3488'"
  },
  {
    "'ECO103_3396'": "'ECO103_3072'",
    "'ECO103_1000'": "'ECO103_5249'"
  },
  {
    "'ECO103_3396'": "'ECO103_3739'",
    "'ECO103_1000'": "'ECO103_4790'"
  },
  {
    "'ECO103_3396'": "'ECO103_0670'",
    "'ECO103_1000'": "'ECO103_4414'"
  },
  {
    "'ECO103_3396'": "'ECO103_0002'",
    "'ECO103_1000'": "'ECO103_4697'"
  },
  {
    "'ECO103_3396'": "'ECO103_1731'",
    "'ECO103_1000'": "'ECO103_0155'"
  },
  {
    "'ECO103_3396'": "'ECO103_2954'",
    "'ECO103_1000'": "'ECO103_4304'"
  },
  {
    "'ECO103_3396'": "'ECO103_3690'",
    "'ECO103_1000'": "'ECO103_1762'"
  },
  {
    "'ECO103_3396'": "'ECO103_2939'",
    "'ECO103_1000'": "'ECO103_2933'"
  },
  {
    "'ECO103_3396'": "'ECO103_0953'",
    "'ECO103_1000'": "'ECO103_0169'"
  },
  {
    "'ECO103_3396'": "'ECO103_3651'",
    "'ECO103_1000'": "'ECO103_3654'"
  },
  {
    "'ECO103_3396'": "'ECO103_3651'",
    "'ECO103_1000'": "'ECO103_3655'"
  },
  {
    "'ECO103_3396'": "'ECO103_3651'",
    "'ECO103_1000'": "'ECO103_3656'"
  },
  {
    "'ECO103_3396'": "'ECO103_0051'",
    "'ECO103_1000'": "'ECO103_1746'"
  },
  {
    "'ECO103_3396'": "'ECO103_0101'",
    "'ECO103_1000'": "'ECO103_2055'"
  },
  {
    "'ECO103_3396'": "'ECO103_1965'",
    "'ECO103_1000'": "'ECO103_3502'"
  },
  {
    "'ECO103_3396'": "'ECO103_1461'",
    "'ECO103_1000'": "'ECO103_4301'"
  },
  {
    "'ECO103_3396'": "'ECO103_1954'",
    "'ECO103_1000'": "'ECO103_3960'"
  },
  {
    "'ECO103_3396'": "'ECO103_1954'",
    "'ECO103_1000'": "'ECO103_3959'"
  },
  {
    "'ECO103_3396'": "'ECO103_2508'",
    "'ECO103_1000'": "'ECO103_4104'"
  },
  {
    "'ECO103_3396'": "'ECO103_4226'",
    "'ECO103_1000'": "'ECO103_0931'"
  },
  {
    "'ECO103_3396'": "'ECO103_0253'",
    "'ECO103_1000'": "'ECO103_3025'"
  },
  {
    "'ECO103_3396'": "'ECO103_0321'",
    "'ECO103_1000'": "'ECO103_0126'"
  },
  {
    "'ECO103_3396'": "'ECO103_3443'",
    "'ECO103_1000'": "'ECO103_3025'"
  },
  {
    "'ECO103_3396'": "'ECO103_3441'",
    "'ECO103_1000'": "'ECO103_3025'"
  },
  {
    "'ECO103_3396'": "'ECO103_3442'",
    "'ECO103_1000'": "'ECO103_3025'"
  },
  {
    "'ECO103_3396'": "'ECO103_3046'",
    "'ECO103_1000'": "'ECO103_1826'"
  },
  {
    "'ECO103_3396'": "'ECO103_3046'",
    "'ECO103_1000'": "'ECO103_1822'"
  },
  {
    "'ECO103_3396'": "'ECO103_3046'",
    "'ECO103_1000'": "'ECO103_1823'"
  },
  {
    "'ECO103_3396'": "'ECO103_3046'",
    "'ECO103_1000'": "'ECO103_1824'"
  },
  {
    "'ECO103_3396'": "'ECO103_3046'",
    "'ECO103_1000'": "'ECO103_1825'"
  },
  {
    "'ECO103_3396'": "'ECO103_3046'",
    "'ECO103_1000'": "'ECO103_1827'"
  },
  {
    "'ECO103_3396'": "'ECO103_3045'",
    "'ECO103_1000'": "'ECO103_1826'"
  },
  {
    "'ECO103_3396'": "'ECO103_3045'",
    "'ECO103_1000'": "'ECO103_1822'"
  },
  {
    "'ECO103_3396'": "'ECO103_3045'",
    "'ECO103_1000'": "'ECO103_1823'"
  },
  {
    "'ECO103_3396'": "'ECO103_3045'",
    "'ECO103_1000'": "'ECO103_1824'"
  },
  {
    "'ECO103_3396'": "'ECO103_3045'",
    "'ECO103_1000'": "'ECO103_1825'"
  },
  {
    "'ECO103_3396'": "'ECO103_3045'",
    "'ECO103_1000'": "'ECO103_1827'"
  },
  {
    "'ECO103_3396'": "'ECO103_0149'",
    "'ECO103_1000'": "'ECO103_3036'"
  },
  {
    "'ECO103_3396'": "'ECO103_4334'",
    "'ECO103_1000'": "'ECO103_4764'"
  },
  {
    "'ECO103_3396'": "'ECO103_0753'",
    "'ECO103_1000'": "'ECO103_2940'"
  },
  {
    "'ECO103_3396'": "'ECO103_0753'",
    "'ECO103_1000'": "'ECO103_2941'"
  },
  {
    "'ECO103_3396'": "'ECO103_0753'",
    "'ECO103_1000'": "'ECO103_2942'"
  },
  {
    "'ECO103_3396'": "'ECO103_0752'",
    "'ECO103_1000'": "'ECO103_2940'"
  },
  {
    "'ECO103_3396'": "'ECO103_0752'",
    "'ECO103_1000'": "'ECO103_2941'"
  },
  {
    "'ECO103_3396'": "'ECO103_0752'",
    "'ECO103_1000'": "'ECO103_2942'"
  },
  {
    "'ECO103_3396'": "'ECO103_0751'",
    "'ECO103_1000'": "'ECO103_2940'"
  },
  {
    "'ECO103_3396'": "'ECO103_0751'",
    "'ECO103_1000'": "'ECO103_2941'"
  },
  {
    "'ECO103_3396'": "'ECO103_0751'",
    "'ECO103_1000'": "'ECO103_2942'"
  },
  {
    "'ECO103_3396'": "'ECO103_3671'",
    "'ECO103_1000'": "'ECO103_4432'"
  },
  {
    "'ECO103_3396'": "'ECO103_3671'",
    "'ECO103_1000'": "'ECO103_4433'"
  },
  {
    "'ECO103_3396'": "'ECO103_3671'",
    "'ECO103_1000'": "'ECO103_4431'"
  },
  {
    "'ECO103_3396'": "'ECO103_3671'",
    "'ECO103_1000'": "'ECO103_4430'"
  },
  {
    "'ECO103_3396'": "'ECO103_1309'",
    "'ECO103_1000'": "'ECO103_4847'"
  },
  {
    "'ECO103_3396'": "'ECO103_1835'",
    "'ECO103_1000'": "'ECO103_4013'"
  },
  {
    "'ECO103_3396'": "'ECO103_4108'",
    "'ECO103_1000'": "'ECO103_0363'"
  },
  {
    "'ECO103_3396'": "'ECO103_3864'",
    "'ECO103_1000'": "'ECO103_4392'"
  }
]