[
  {
    "'ECO103_0178'": "'ECO103_1138'"
  },
  {
    "'ECO103_0178'": "'ECO103_2787'"
  },
  {
    "'ECO103_0178'": "'ECO103_0004'"
  },
  {
    "'ECO103_0178'": "'ECO103_0159'"
  },
  {
    "'ECO103_0178'": "'ECO103_1139'"
  },
  {
    "'ECO103_0178'": "'s0001'"
  },
  {
    "'ECO103_0178'": "'ECO103_0183'"
  },
  {
    "'ECO103_0178'": "'ECO103_3994'"
  },
  {
    "'ECO103_0178'": "'ECO103_3995'"
  },
  {
    "'ECO103_0178'": "'ECO103_2780'"
  },
  {
    "'ECO103_0178'": "'ECO103_4715'"
  },
  {
    "'ECO103_0178'": "'ECO103_3377'"
  },
  {
    "'ECO103_0178'": "'ECO103_1136'"
  },
  {
    "'ECO103_0178'": "'ECO103_4713'"
  },
  {
    "'ECO103_0178'": "'ECO103_5058'"
  },
  {
    "'ECO103_0178'": "'ECO103_3947'"
  },
  {
    "'ECO103_0178'": "'ECO103_3948'"
  },
  {
    "'ECO103_0178'": "'ECO103_3946'"
  },
  {
    "'ECO103_0178'": "'ECO103_5057'"
  },
  {
    "'ECO103_0178'": "'ECO103_4078'"
  },
  {
    "'ECO103_0178'": "'ECO103_1141'"
  },
  {
    "'ECO103_0178'": "'ECO103_4079'"
  },
  {
    "'ECO103_0178'": "'ECO103_2001'"
  },
  {
    "'ECO103_0178'": "'ECO103_3292'"
  },
  {
    "'ECO103_0178'": "'ECO103_1255'"
  },
  {
    "'ECO103_0178'": "'ECO103_4970'"
  },
  {
    "'ECO103_0178'": "'ECO103_3699'"
  },
  {
    "'ECO103_0178'": "'ECO103_4714'"
  },
  {
    "'ECO103_0178'": "'ECO103_4755'"
  },
  {
    "'ECO103_0178'": "'ECO103_0494'"
  },
  {
    "'ECO103_0178'": "'ECO103_0495'"
  },
  {
    "'ECO103_0178'": "'ECO103_0809'"
  },
  {
    "'ECO103_0178'": "'ECO103_4743'"
  },
  {
    "'ECO103_0178'": "'ECO103_1425'"
  },
  {
    "'ECO103_0178'": "'ECO103_1426'"
  },
  {
    "'ECO103_0178'": "'ECO103_0811'"
  },
  {
    "'ECO103_0178'": "'ECO103_0388'"
  },
  {
    "'ECO103_0178'": "'ECO103_4716'"
  },
  {
    "'ECO103_0178'": "'ECO103_3920'"
  },
  {
    "'ECO103_0178'": "'ECO103_4154'"
  },
  {
    "'ECO103_0178'": "'ECO103_0131'"
  },
  {
    "'ECO103_0178'": "'ECO103_5042'"
  },
  {
    "'ECO103_0178'": "'ECO103_3152'"
  },
  {
    "'ECO103_0178'": "'ECO103_0973'"
  },
  {
    "'ECO103_0178'": "'ECO103_2498'"
  },
  {
    "'ECO103_0178'": "'ECO103_0871'"
  },
  {
    "'ECO103_0178'": "'ECO103_4313'"
  },
  {
    "'ECO103_0178'": "'ECO103_5013'"
  },
  {
    "'ECO103_0178'": "'ECO103_0810'"
  },
  {
    "'ECO103_0178'": "'ECO103_3943'"
  },
  {
    "'ECO103_0178'": "'ECO103_3718'"
  },
  {
    "'ECO103_0178'": "'ECO103_1310'"
  },
  {
    "'ECO103_0178'": "'ECO103_3174'"
  },
  {
    "'ECO103_0178'": "'ECO103_3173'"
  },
  {
    "'ECO103_0178'": "'ECO103_2794'"
  },
  {
    "'ECO103_0178'": "'ECO103_4788'"
  },
  {
    "'ECO103_0178'": "'ECO103_0957'"
  },
  {
    "'ECO103_0178'": "'ECO103_0816'"
  },
  {
    "'ECO103_0178'": "'ECO103_0818'"
  },
  {
    "'ECO103_0178'": "'ECO103_0714'"
  },
  {
    "'ECO103_0178'": "'ECO103_3323'"
  },
  {
    "'ECO103_0178'": "'ECO103_3398'"
  },
  {
    "'ECO103_0178'": "'ECO103_4355'"
  },
  {
    "'ECO103_0178'": "'ECO103_0173'"
  },
  {
    "'ECO103_0178'": "'ECO103_3720'"
  },
  {
    "'ECO103_0178'": "'ECO103_0813'"
  },
  {
    "'ECO103_0178'": "'ECO103_4510'"
  },
  {
    "'ECO103_0178'": "'ECO103_4393'"
  },
  {
    "'ECO103_0178'": "'ECO103_0032'"
  },
  {
    "'ECO103_0178'": "'ECO103_2990'"
  },
  {
    "'ECO103_0178'": "'ECO103_2779'"
  },
  {
    "'ECO103_0178'": "'ECO103_3738'"
  },
  {
    "'ECO103_0178'": "'ECO103_1107'"
  },
  {
    "'ECO103_0178'": "'ECO103_3924'"
  },
  {
    "'ECO103_0178'": "'ECO103_4107'"
  },
  {
    "'ECO103_0178'": "'ECO103_1836'"
  },
  {
    "'ECO103_0178'": "'ECO103_0395'"
  },
  {
    "'ECO103_0178'": "'ECO103_0030'"
  },
  {
    "'ECO103_0178'": "'ECO103_0104'"
  },
  {
    "'ECO103_0178'": "'ECO103_4390'"
  },
  {
    "'ECO103_0178'": "'ECO103_1143'"
  },
  {
    "'ECO103_0178'": "'ECO103_0171'"
  },
  {
    "'ECO103_0178'": "'ECO103_0394'"
  },
  {
    "'ECO103_0178'": "'ECO103_1452'"
  },
  {
    "'ECO103_0178'": "'ECO103_3307'"
  },
  {
    "'ECO103_0178'": "'ECO103_3308'"
  },
  {
    "'ECO103_0178'": "'ECO103_0451'"
  },
  {
    "'ECO103_0178'": "'ECO103_0026'"
  },
  {
    "'ECO103_0178'": "'ECO103_4428'"
  },
  {
    "'ECO103_0178'": "'ECO103_0154'"
  },
  {
    "'ECO103_0178'": "'ECO103_4571'"
  },
  {
    "'ECO103_0178'": "'ECO103_1547'"
  },
  {
    "'ECO103_0178'": "'ECO103_4429'"
  },
  {
    "'ECO103_0178'": "'ECO103_2776'"
  },
  {
    "'ECO103_0178'": "'ECO103_4725'"
  },
  {
    "'ECO103_0178'": "'ECO103_1312'"
  },
  {
    "'ECO103_0178'": "'ECO103_2922'"
  },
  {
    "'ECO103_0178'": "'ECO103_3024'"
  },
  {
    "'ECO103_0178'": "'ECO103_2628'"
  },
  {
    "'ECO103_0178'": "'ECO103_1440'"
  },
  {
    "'ECO103_0178'": "'ECO103_4789'"
  },
  {
    "'ECO103_0178'": "'ECO103_2499'"
  },
  {
    "'ECO103_0178'": "'ECO103_2501'"
  },
  {
    "'ECO103_0178'": "'ECO103_4362'"
  },
  {
    "'ECO103_0178'": "'ECO103_2579'"
  },
  {
    "'ECO103_0178'": "'ECO103_0142'"
  },
  {
    "'ECO103_0178'": "'ECO103_0003'"
  },
  {
    "'ECO103_0178'": "'ECO103_4757'"
  },
  {
    "'ECO103_0178'": "'ECO103_2500'"
  },
  {
    "'ECO103_0178'": "'ECO103_3047'"
  },
  {
    "'ECO103_0178'": "'ECO103_4360'"
  },
  {
    "'ECO103_0178'": "'ECO103_1260'"
  },
  {
    "'ECO103_0178'": "'ECO103_2502'"
  },
  {
    "'ECO103_0178'": "'ECO103_2504'"
  },
  {
    "'ECO103_0178'": "'ECO103_1424'"
  },
  {
    "'ECO103_0178'": "'ECO103_4394'"
  },
  {
    "'ECO103_0178'": "'ECO103_0075'"
  },
  {
    "'ECO103_0178'": "'ECO103_0073'"
  },
  {
    "'ECO103_0178'": "'ECO103_0074'"
  },
  {
    "'ECO103_0178'": "'ECO103_0076'"
  },
  {
    "'ECO103_0178'": "'ECO103_0962'"
  },
  {
    "'ECO103_0178'": "'ECO103_3945'"
  },
  {
    "'ECO103_0178'": "'ECO103_1317'"
  },
  {
    "'ECO103_0178'": "'ECO103_0180'"
  },
  {
    "'ECO103_0178'": "'ECO103_0812'"
  },
  {
    "'ECO103_0178'": "'ECO103_1137'"
  },
  {
    "'ECO103_0178'": "'ECO103_3032'"
  },
  {
    "'ECO103_0178'": "'ECO103_3288'"
  },
  {
    "'ECO103_0178'": "'ECO103_3289'"
  },
  {
    "'ECO103_0178'": "'ECO103_3522'"
  },
  {
    "'ECO103_0178'": "'ECO103_0819'"
  },
  {
    "'ECO103_0178'": "'ECO103_4549'"
  },
  {
    "'ECO103_0178'": "'ECO103_0134'"
  },
  {
    "'ECO103_0178'": "'ECO103_0010'"
  },
  {
    "'ECO103_0178'": "'ECO103_1114'"
  },
  {
    "'ECO103_0178'": "'ECO103_0820'"
  },
  {
    "'ECO103_0178'": "'ECO103_0870'"
  },
  {
    "'ECO103_0178'": "'ECO103_4698'"
  },
  {
    "'ECO103_0178'": "'ECO103_3189'"
  },
  {
    "'ECO103_0178'": "'ECO103_1933'"
  },
  {
    "'ECO103_0178'": "'ECO103_0646'"
  },
  {
    "'ECO103_0178'": "'ECO103_0109'"
  },
  {
    "'ECO103_0178'": "'ECO103_5050'"
  },
  {
    "'ECO103_0178'": "'ECO103_3934'"
  },
  {
    "'ECO103_0178'": "'ECO103_0950'"
  },
  {
    "'ECO103_0178'": "'ECO103_1444'"
  },
  {
    "'ECO103_0178'": "'ECO103_4322'"
  },
  {
    "'ECO103_0178'": "'ECO103_2775'"
  },
  {
    "'ECO103_0178'": "'ECO103_4540'"
  },
  {
    "'ECO103_0178'": "'ECO103_0361'"
  },
  {
    "'ECO103_0178'": "'ECO103_0133'"
  },
  {
    "'ECO103_0178'": "'ECO103_0089'"
  },
  {
    "'ECO103_0178'": "'ECO103_3306'"
  },
  {
    "'ECO103_0178'": "'ECO103_0055'"
  },
  {
    "'ECO103_0178'": "'ECO103_3142'"
  },
  {
    "'ECO103_0178'": "'ECO103_2784'"
  },
  {
    "'ECO103_0178'": "'ECO103_3923'"
  },
  {
    "'ECO103_0178'": "'ECO103_4130'"
  },
  {
    "'ECO103_0178'": "'ECO103_4728'"
  },
  {
    "'ECO103_0178'": "'ECO103_0348'"
  },
  {
    "'ECO103_0178'": "'ECO103_4543'"
  },
  {
    "'ECO103_0178'": "'ECO103_4315'"
  },
  {
    "'ECO103_0178'": "'ECO103_4754'"
  },
  {
    "'ECO103_0178'": "'ECO103_3016'"
  },
  {
    "'ECO103_0178'": "'ECO103_2505'"
  },
  {
    "'ECO103_0178'": "'ECO103_2988'"
  },
  {
    "'ECO103_0178'": "'ECO103_3078'"
  },
  {
    "'ECO103_0178'": "'ECO103_2503'"
  },
  {
    "'ECO103_0178'": "'ECO103_0951'"
  },
  {
    "'ECO103_0178'": "'ECO103_4956'"
  },
  {
    "'ECO103_0178'": "'ECO103_3164'"
  },
  {
    "'ECO103_0178'": "'ECO103_4548'"
  },
  {
    "'ECO103_0178'": "'ECO103_0738'"
  },
  {
    "'ECO103_0178'": "'ECO103_1804'"
  },
  {
    "'ECO103_0178'": "'ECO103_0389'"
  },
  {
    "'ECO103_0178'": "'ECO103_3227'"
  },
  {
    "'ECO103_0178'": "'ECO103_3293'"
  },
  {
    "'ECO103_0178'": "'ECO103_3294'"
  },
  {
    "'ECO103_0178'": "'ECO103_2981'"
  },
  {
    "'ECO103_0178'": "'ECO103_4572'"
  },
  {
    "'ECO103_0178'": "'ECO103_4087'"
  },
  {
    "'ECO103_0178'": "'ECO103_4696'"
  },
  {
    "'ECO103_0178'": "'ECO103_0958'"
  },
  {
    "'ECO103_0178'": "'ECO103_0164'"
  },
  {
    "'ECO103_0178'": "'ECO103_4738'"
  },
  {
    "'ECO103_0178'": "'ECO103_0397'"
  },
  {
    "'ECO103_0178'": "'ECO103_4740'"
  },
  {
    "'ECO103_0178'": "'ECO103_4741'"
  },
  {
    "'ECO103_0178'": "'ECO103_2974'"
  },
  {
    "'ECO103_0178'": "'ECO103_3386'"
  },
  {
    "'ECO103_0178'": "'ECO103_0391'"
  },
  {
    "'ECO103_0178'": "'ECO103_4742'"
  },
  {
    "'ECO103_0178'": "'ECO103_1423'"
  },
  {
    "'ECO103_0178'": "'ECO103_1422'"
  },
  {
    "'ECO103_0178'": "'ECO103_4739'"
  },
  {
    "'ECO103_0178'": "'ECO103_0177'"
  },
  {
    "'ECO103_0178'": "'ECO103_0087'"
  },
  {
    "'ECO103_0178'": "'ECO103_0179'"
  },
  {
    "'ECO103_0178'": "'ECO103_3936'"
  },
  {
    "'ECO103_0178'": "'ECO103_0092'"
  },
  {
    "'ECO103_0178'": "'ECO103_0090'"
  },
  {
    "'ECO103_0178'": "'ECO103_0093'"
  },
  {
    "'ECO103_0178'": "'ECO103_4726'"
  },
  {
    "'ECO103_0178'": "'ECO103_0172'"
  },
  {
    "'ECO103_0178'": "'ECO103_0088'"
  },
  {
    "'ECO103_0178'": "'ECO103_0098'"
  },
  {
    "'ECO103_0178'": "'ECO103_4363'"
  },
  {
    "'ECO103_0178'": "'ECO103_4746'"
  },
  {
    "'ECO103_0178'": "'ECO103_0496'"
  }
]