[
  {
    "'UTI89_C1019'": "'UTI89_C4659'",
    "'UTI89_C0261'": "'UTI89_C0721'",
    "'UTI89_C4384'": "'UTI89_C0724'"
  },
  {
    "'UTI89_C1019'": "'UTI89_C4659'",
    "'UTI89_C0261'": "'UTI89_C0721'",
    "'UTI89_C4384'": "'UTI89_C0723'"
  },
  {
    "'UTI89_C1019'": "'UTI89_C4659'",
    "'UTI89_C0261'": "'UTI89_C0722'",
    "'UTI89_C4384'": "'UTI89_C0724'"
  },
  {
    "'UTI89_C1019'": "'UTI89_C4659'",
    "'UTI89_C0261'": "'UTI89_C0722'",
    "'UTI89_C4384'": "'UTI89_C0723'"
  },
  {
    "'UTI89_C1019'": "'UTI89_C4659'",
    "'UTI89_C0261'": "'UTI89_C0129'",
    "'UTI89_C4384'": "'UTI89_C0724'"
  },
  {
    "'UTI89_C1019'": "'UTI89_C4659'",
    "'UTI89_C0261'": "'UTI89_C0129'",
    "'UTI89_C4384'": "'UTI89_C0723'"
  },
  {
    "'UTI89_C1019'": "'UTI89_C0502'",
    "'UTI89_C0261'": "'UTI89_C3878'",
    "'UTI89_C4384'": "'UTI89_C5154'"
  },
  {
    "'UTI89_C1019'": "'UTI89_C0721'",
    "'UTI89_C0261'": "'UTI89_C3303'",
    "'UTI89_C4384'": "'UTI89_C0724'"
  },
  {
    "'UTI89_C1019'": "'UTI89_C0721'",
    "'UTI89_C0261'": "'UTI89_C3303'",
    "'UTI89_C4384'": "'UTI89_C0723'"
  },
  {
    "'UTI89_C1019'": "'UTI89_C0722'",
    "'UTI89_C0261'": "'UTI89_C3303'",
    "'UTI89_C4384'": "'UTI89_C0724'"
  },
  {
    "'UTI89_C1019'": "'UTI89_C0722'",
    "'UTI89_C0261'": "'UTI89_C3303'",
    "'UTI89_C4384'": "'UTI89_C0723'"
  },
  {
    "'UTI89_C1019'": "'UTI89_C0129'",
    "'UTI89_C0261'": "'UTI89_C2870'",
    "'UTI89_C4384'": "'UTI89_C0559'"
  },
  {
    "'UTI89_C1019'": "'UTI89_C0129'",
    "'UTI89_C0261'": "'UTI89_C3303'",
    "'UTI89_C4384'": "'UTI89_C0724'"
  },
  {
    "'UTI89_C1019'": "'UTI89_C0129'",
    "'UTI89_C0261'": "'UTI89_C3303'",
    "'UTI89_C4384'": "'UTI89_C0723'"
  },
  {
    "'UTI89_C1019'": "'UTI89_C0129'",
    "'UTI89_C0261'": "'UTI89_C0559'",
    "'UTI89_C4384'": "'UTI89_C3299'"
  },
  {
    "'UTI89_C1019'": "'UTI89_C0129'",
    "'UTI89_C0261'": "'UTI89_C0559'",
    "'UTI89_C4384'": "'UTI89_C5159'"
  },
  {
    "'UTI89_C1019'": "'UTI89_C0873'",
    "'UTI89_C0261'": "'UTI89_C2870'",
    "'UTI89_C4384'": "'UTI89_C4163'"
  },
  {
    "'UTI89_C1019'": "'UTI89_C0873'",
    "'UTI89_C0261'": "'UTI89_C2870'",
    "'UTI89_C4384'": "'UTI89_C4162'"
  },
  {
    "'UTI89_C1019'": "'UTI89_C2870'",
    "'UTI89_C0261'": "'UTI89_C3290'",
    "'UTI89_C4384'": "'UTI89_C0559'"
  },
  {
    "'UTI89_C1019'": "'UTI89_C2870'",
    "'UTI89_C0261'": "'UTI89_C3289'",
    "'UTI89_C4384'": "'UTI89_C0559'"
  },
  {
    "'UTI89_C1019'": "'UTI89_C2870'",
    "'UTI89_C0261'": "'UTI89_C3288'",
    "'UTI89_C4384'": "'UTI89_C0559'"
  },
  {
    "'UTI89_C1019'": "'UTI89_C2870'",
    "'UTI89_C0261'": "'UTI89_C4574'",
    "'UTI89_C4384'": "'UTI89_C4547'"
  },
  {
    "'UTI89_C1019'": "'UTI89_C2870'",
    "'UTI89_C0261'": "'UTI89_C4547'",
    "'UTI89_C4384'": "'UTI89_C0718'"
  },
  {
    "'UTI89_C1019'": "'UTI89_C2870'",
    "'UTI89_C0261'": "'UTI89_C4547'",
    "'UTI89_C4384'": "'UTI89_C0719'"
  },
  {
    "'UTI89_C1019'": "'UTI89_C2870'",
    "'UTI89_C0261'": "'UTI89_C4547'",
    "'UTI89_C4384'": "'UTI89_C0717'"
  },
  {
    "'UTI89_C1019'": "'UTI89_C2870'",
    "'UTI89_C0261'": "'UTI89_C4547'",
    "'UTI89_C4384'": "'UTI89_C0720'"
  },
  {
    "'UTI89_C1019'": "'UTI89_C2711'",
    "'UTI89_C0261'": "'UTI89_C2572'",
    "'UTI89_C4384'": "'UTI89_C4114'"
  },
  {
    "'UTI89_C1019'": "'UTI89_C4685'",
    "'UTI89_C0261'": "'UTI89_C3884'",
    "'UTI89_C4384'": "'UTI89_C3300'"
  },
  {
    "'UTI89_C1019'": "'UTI89_C0544'",
    "'UTI89_C0261'": "'UTI89_C4574'",
    "'UTI89_C4384'": "'UTI89_C4547'"
  },
  {
    "'UTI89_C1019'": "'UTI89_C0544'",
    "'UTI89_C0261'": "'UTI89_C4547'",
    "'UTI89_C4384'": "'UTI89_C0718'"
  },
  {
    "'UTI89_C1019'": "'UTI89_C0544'",
    "'UTI89_C0261'": "'UTI89_C4547'",
    "'UTI89_C4384'": "'UTI89_C0719'"
  },
  {
    "'UTI89_C1019'": "'UTI89_C0544'",
    "'UTI89_C0261'": "'UTI89_C4547'",
    "'UTI89_C4384'": "'UTI89_C0717'"
  },
  {
    "'UTI89_C1019'": "'UTI89_C0544'",
    "'UTI89_C0261'": "'UTI89_C4547'",
    "'UTI89_C4384'": "'UTI89_C0720'"
  },
  {
    "'UTI89_C1019'": "'UTI89_C0540'",
    "'UTI89_C0261'": "'UTI89_C4574'",
    "'UTI89_C4384'": "'UTI89_C4547'"
  },
  {
    "'UTI89_C1019'": "'UTI89_C0540'",
    "'UTI89_C0261'": "'UTI89_C4547'",
    "'UTI89_C4384'": "'UTI89_C0718'"
  },
  {
    "'UTI89_C1019'": "'UTI89_C0540'",
    "'UTI89_C0261'": "'UTI89_C4547'",
    "'UTI89_C4384'": "'UTI89_C0719'"
  },
  {
    "'UTI89_C1019'": "'UTI89_C0540'",
    "'UTI89_C0261'": "'UTI89_C4547'",
    "'UTI89_C4384'": "'UTI89_C0717'"
  },
  {
    "'UTI89_C1019'": "'UTI89_C0540'",
    "'UTI89_C0261'": "'UTI89_C4547'",
    "'UTI89_C4384'": "'UTI89_C0720'"
  },
  {
    "'UTI89_C1019'": "'UTI89_C4287'",
    "'UTI89_C0261'": "'UTI89_C1975'",
    "'UTI89_C4384'": "'UTI89_C2053'"
  },
  {
    "'UTI89_C1019'": "'UTI89_C4287'",
    "'UTI89_C0261'": "'UTI89_C1975'",
    "'UTI89_C4384'": "'UTI89_C2054'"
  },
  {
    "'UTI89_C1019'": "'UTI89_C4287'",
    "'UTI89_C0261'": "'UTI89_C1975'",
    "'UTI89_C4384'": "'UTI89_C4503'"
  },
  {
    "'UTI89_C1019'": "'UTI89_C4287'",
    "'UTI89_C0261'": "'UTI89_C2053'",
    "'UTI89_C4384'": "'UTI89_C3309'"
  },
  {
    "'UTI89_C1019'": "'UTI89_C4287'",
    "'UTI89_C0261'": "'UTI89_C2054'",
    "'UTI89_C4384'": "'UTI89_C3309'"
  },
  {
    "'UTI89_C1019'": "'UTI89_C4287'",
    "'UTI89_C0261'": "'UTI89_C3309'",
    "'UTI89_C4384'": "'UTI89_C4503'"
  },
  {
    "'UTI89_C1019'": "'UTI89_C4286'",
    "'UTI89_C0261'": "'UTI89_C1975'",
    "'UTI89_C4384'": "'UTI89_C2053'"
  },
  {
    "'UTI89_C1019'": "'UTI89_C4286'",
    "'UTI89_C0261'": "'UTI89_C1975'",
    "'UTI89_C4384'": "'UTI89_C2054'"
  },
  {
    "'UTI89_C1019'": "'UTI89_C4286'",
    "'UTI89_C0261'": "'UTI89_C1975'",
    "'UTI89_C4384'": "'UTI89_C4503'"
  },
  {
    "'UTI89_C1019'": "'UTI89_C4286'",
    "'UTI89_C0261'": "'UTI89_C2053'",
    "'UTI89_C4384'": "'UTI89_C3309'"
  },
  {
    "'UTI89_C1019'": "'UTI89_C4286'",
    "'UTI89_C0261'": "'UTI89_C2054'",
    "'UTI89_C4384'": "'UTI89_C3309'"
  },
  {
    "'UTI89_C1019'": "'UTI89_C4286'",
    "'UTI89_C0261'": "'UTI89_C3309'",
    "'UTI89_C4384'": "'UTI89_C4503'"
  },
  {
    "'UTI89_C1019'": "'UTI89_C4291'",
    "'UTI89_C0261'": "'UTI89_C1975'",
    "'UTI89_C4384'": "'UTI89_C2053'"
  },
  {
    "'UTI89_C1019'": "'UTI89_C4291'",
    "'UTI89_C0261'": "'UTI89_C1975'",
    "'UTI89_C4384'": "'UTI89_C2054'"
  },
  {
    "'UTI89_C1019'": "'UTI89_C4291'",
    "'UTI89_C0261'": "'UTI89_C1975'",
    "'UTI89_C4384'": "'UTI89_C4503'"
  },
  {
    "'UTI89_C1019'": "'UTI89_C4291'",
    "'UTI89_C0261'": "'UTI89_C2053'",
    "'UTI89_C4384'": "'UTI89_C3309'"
  },
  {
    "'UTI89_C1019'": "'UTI89_C4291'",
    "'UTI89_C0261'": "'UTI89_C2054'",
    "'UTI89_C4384'": "'UTI89_C3309'"
  },
  {
    "'UTI89_C1019'": "'UTI89_C4291'",
    "'UTI89_C0261'": "'UTI89_C3309'",
    "'UTI89_C4384'": "'UTI89_C4503'"
  },
  {
    "'UTI89_C1019'": "'UTI89_C4292'",
    "'UTI89_C0261'": "'UTI89_C1975'",
    "'UTI89_C4384'": "'UTI89_C2053'"
  },
  {
    "'UTI89_C1019'": "'UTI89_C4292'",
    "'UTI89_C0261'": "'UTI89_C1975'",
    "'UTI89_C4384'": "'UTI89_C2054'"
  },
  {
    "'UTI89_C1019'": "'UTI89_C4292'",
    "'UTI89_C0261'": "'UTI89_C1975'",
    "'UTI89_C4384'": "'UTI89_C4503'"
  },
  {
    "'UTI89_C1019'": "'UTI89_C4292'",
    "'UTI89_C0261'": "'UTI89_C2053'",
    "'UTI89_C4384'": "'UTI89_C3309'"
  },
  {
    "'UTI89_C1019'": "'UTI89_C4292'",
    "'UTI89_C0261'": "'UTI89_C2054'",
    "'UTI89_C4384'": "'UTI89_C3309'"
  },
  {
    "'UTI89_C1019'": "'UTI89_C4292'",
    "'UTI89_C0261'": "'UTI89_C3309'",
    "'UTI89_C4384'": "'UTI89_C4503'"
  },
  {
    "'UTI89_C1019'": "'UTI89_C4285'",
    "'UTI89_C0261'": "'UTI89_C1975'",
    "'UTI89_C4384'": "'UTI89_C2053'"
  },
  {
    "'UTI89_C1019'": "'UTI89_C4285'",
    "'UTI89_C0261'": "'UTI89_C1975'",
    "'UTI89_C4384'": "'UTI89_C2054'"
  },
  {
    "'UTI89_C1019'": "'UTI89_C4285'",
    "'UTI89_C0261'": "'UTI89_C1975'",
    "'UTI89_C4384'": "'UTI89_C4503'"
  },
  {
    "'UTI89_C1019'": "'UTI89_C4285'",
    "'UTI89_C0261'": "'UTI89_C2053'",
    "'UTI89_C4384'": "'UTI89_C3309'"
  },
  {
    "'UTI89_C1019'": "'UTI89_C4285'",
    "'UTI89_C0261'": "'UTI89_C2054'",
    "'UTI89_C4384'": "'UTI89_C3309'"
  },
  {
    "'UTI89_C1019'": "'UTI89_C4285'",
    "'UTI89_C0261'": "'UTI89_C3309'",
    "'UTI89_C4384'": "'UTI89_C4503'"
  },
  {
    "'UTI89_C1019'": "'UTI89_C4293'",
    "'UTI89_C0261'": "'UTI89_C1975'",
    "'UTI89_C4384'": "'UTI89_C2053'"
  },
  {
    "'UTI89_C1019'": "'UTI89_C4293'",
    "'UTI89_C0261'": "'UTI89_C1975'",
    "'UTI89_C4384'": "'UTI89_C2054'"
  },
  {
    "'UTI89_C1019'": "'UTI89_C4293'",
    "'UTI89_C0261'": "'UTI89_C1975'",
    "'UTI89_C4384'": "'UTI89_C4503'"
  },
  {
    "'UTI89_C1019'": "'UTI89_C4293'",
    "'UTI89_C0261'": "'UTI89_C2053'",
    "'UTI89_C4384'": "'UTI89_C3309'"
  },
  {
    "'UTI89_C1019'": "'UTI89_C4293'",
    "'UTI89_C0261'": "'UTI89_C2054'",
    "'UTI89_C4384'": "'UTI89_C3309'"
  },
  {
    "'UTI89_C1019'": "'UTI89_C4293'",
    "'UTI89_C0261'": "'UTI89_C3309'",
    "'UTI89_C4384'": "'UTI89_C4503'"
  },
  {
    "'UTI89_C1019'": "'UTI89_C4284'",
    "'UTI89_C0261'": "'UTI89_C1975'",
    "'UTI89_C4384'": "'UTI89_C2053'"
  },
  {
    "'UTI89_C1019'": "'UTI89_C4284'",
    "'UTI89_C0261'": "'UTI89_C1975'",
    "'UTI89_C4384'": "'UTI89_C2054'"
  },
  {
    "'UTI89_C1019'": "'UTI89_C4284'",
    "'UTI89_C0261'": "'UTI89_C1975'",
    "'UTI89_C4384'": "'UTI89_C4503'"
  },
  {
    "'UTI89_C1019'": "'UTI89_C4284'",
    "'UTI89_C0261'": "'UTI89_C2053'",
    "'UTI89_C4384'": "'UTI89_C3309'"
  },
  {
    "'UTI89_C1019'": "'UTI89_C4284'",
    "'UTI89_C0261'": "'UTI89_C2054'",
    "'UTI89_C4384'": "'UTI89_C3309'"
  },
  {
    "'UTI89_C1019'": "'UTI89_C4284'",
    "'UTI89_C0261'": "'UTI89_C3309'",
    "'UTI89_C4384'": "'UTI89_C4503'"
  },
  {
    "'UTI89_C1019'": "'UTI89_C4289'",
    "'UTI89_C0261'": "'UTI89_C1975'",
    "'UTI89_C4384'": "'UTI89_C2053'"
  },
  {
    "'UTI89_C1019'": "'UTI89_C4289'",
    "'UTI89_C0261'": "'UTI89_C1975'",
    "'UTI89_C4384'": "'UTI89_C2054'"
  },
  {
    "'UTI89_C1019'": "'UTI89_C4289'",
    "'UTI89_C0261'": "'UTI89_C1975'",
    "'UTI89_C4384'": "'UTI89_C4503'"
  },
  {
    "'UTI89_C1019'": "'UTI89_C4289'",
    "'UTI89_C0261'": "'UTI89_C2053'",
    "'UTI89_C4384'": "'UTI89_C3309'"
  },
  {
    "'UTI89_C1019'": "'UTI89_C4289'",
    "'UTI89_C0261'": "'UTI89_C2054'",
    "'UTI89_C4384'": "'UTI89_C3309'"
  },
  {
    "'UTI89_C1019'": "'UTI89_C4289'",
    "'UTI89_C0261'": "'UTI89_C3309'",
    "'UTI89_C4384'": "'UTI89_C4503'"
  },
  {
    "'UTI89_C1019'": "'UTI89_C4379'",
    "'UTI89_C0261'": "'UTI89_C4847'",
    "'UTI89_C4384'": "'UTI89_C3994'"
  },
  {
    "'UTI89_C1019'": "'UTI89_C4379'",
    "'UTI89_C0261'": "'UTI89_C4847'",
    "'UTI89_C4384'": "'UTI89_C3993'"
  },
  {
    "'UTI89_C1019'": "'UTI89_C4379'",
    "'UTI89_C0261'": "'UTI89_C4847'",
    "'UTI89_C4384'": "'UTI89_C3997'"
  },
  {
    "'UTI89_C1019'": "'UTI89_C4379'",
    "'UTI89_C0261'": "'UTI89_C4847'",
    "'UTI89_C4384'": "'UTI89_C3996'"
  },
  {
    "'UTI89_C1019'": "'UTI89_C4379'",
    "'UTI89_C0261'": "'UTI89_C4847'",
    "'UTI89_C4384'": "'UTI89_C3995'"
  },
  {
    "'UTI89_C1019'": "'UTI89_C0368'",
    "'UTI89_C0261'": "'UTI89_C0981'",
    "'UTI89_C4384'": "'UTI89_C3115'"
  },
  {
    "'UTI89_C1019'": "'UTI89_C2934'",
    "'UTI89_C0261'": "'UTI89_C0751'",
    "'UTI89_C4384'": "'UTI89_C1897'"
  },
  {
    "'UTI89_C1019'": "'UTI89_C4335'",
    "'UTI89_C0261'": "'UTI89_C2905'",
    "'UTI89_C4384'": "'UTI89_C4019'"
  },
  {
    "'UTI89_C1019'": "'UTI89_C1800'",
    "'UTI89_C0261'": "'UTI89_C1799'",
    "'UTI89_C4384'": "'UTI89_C4547'"
  },
  {
    "'UTI89_C1019'": "'UTI89_C1975'",
    "'UTI89_C0261'": "'UTI89_C4574'",
    "'UTI89_C4384'": "'UTI89_C1895'"
  },
  {
    "'UTI89_C1019'": "'UTI89_C1975'",
    "'UTI89_C0261'": "'UTI89_C1895'",
    "'UTI89_C4384'": "'UTI89_C0718'"
  },
  {
    "'UTI89_C1019'": "'UTI89_C1975'",
    "'UTI89_C0261'": "'UTI89_C1895'",
    "'UTI89_C4384'": "'UTI89_C0719'"
  },
  {
    "'UTI89_C1019'": "'UTI89_C1975'",
    "'UTI89_C0261'": "'UTI89_C1895'",
    "'UTI89_C4384'": "'UTI89_C0717'"
  },
  {
    "'UTI89_C1019'": "'UTI89_C1975'",
    "'UTI89_C0261'": "'UTI89_C1895'",
    "'UTI89_C4384'": "'UTI89_C0720'"
  },
  {
    "'UTI89_C1019'": "'UTI89_C3148'",
    "'UTI89_C0261'": "'UTI89_C3903'",
    "'UTI89_C4384'": "'UTI89_C1895'"
  },
  {
    "'UTI89_C1019'": "'UTI89_C3290'",
    "'UTI89_C0261'": "'UTI89_C0559'",
    "'UTI89_C4384'": "'UTI89_C3299'"
  },
  {
    "'UTI89_C1019'": "'UTI89_C3290'",
    "'UTI89_C0261'": "'UTI89_C0559'",
    "'UTI89_C4384'": "'UTI89_C5159'"
  },
  {
    "'UTI89_C1019'": "'UTI89_C3289'",
    "'UTI89_C0261'": "'UTI89_C0559'",
    "'UTI89_C4384'": "'UTI89_C3299'"
  },
  {
    "'UTI89_C1019'": "'UTI89_C3289'",
    "'UTI89_C0261'": "'UTI89_C0559'",
    "'UTI89_C4384'": "'UTI89_C5159'"
  },
  {
    "'UTI89_C1019'": "'UTI89_C3288'",
    "'UTI89_C0261'": "'UTI89_C0559'",
    "'UTI89_C4384'": "'UTI89_C3299'"
  },
  {
    "'UTI89_C1019'": "'UTI89_C3288'",
    "'UTI89_C0261'": "'UTI89_C0559'",
    "'UTI89_C4384'": "'UTI89_C5159'"
  },
  {
    "'UTI89_C1019'": "'UTI89_C4019'",
    "'UTI89_C0261'": "'UTI89_C2516'",
    "'UTI89_C4384'": "'UTI89_C4842'"
  },
  {
    "'UTI89_C1019'": "'UTI89_C4019'",
    "'UTI89_C0261'": "'UTI89_C2515'",
    "'UTI89_C4384'": "'UTI89_C4842'"
  },
  {
    "'UTI89_C1019'": "'UTI89_C3252'",
    "'UTI89_C0261'": "'UTI89_C4574'",
    "'UTI89_C4384'": "'UTI89_C4547'"
  },
  {
    "'UTI89_C1019'": "'UTI89_C3252'",
    "'UTI89_C0261'": "'UTI89_C4547'",
    "'UTI89_C4384'": "'UTI89_C0718'"
  },
  {
    "'UTI89_C1019'": "'UTI89_C3252'",
    "'UTI89_C0261'": "'UTI89_C4547'",
    "'UTI89_C4384'": "'UTI89_C0719'"
  },
  {
    "'UTI89_C1019'": "'UTI89_C3252'",
    "'UTI89_C0261'": "'UTI89_C4547'",
    "'UTI89_C4384'": "'UTI89_C0717'"
  },
  {
    "'UTI89_C1019'": "'UTI89_C3252'",
    "'UTI89_C0261'": "'UTI89_C4547'",
    "'UTI89_C4384'": "'UTI89_C0720'"
  },
  {
    "'UTI89_C1019'": "'UTI89_C3251'",
    "'UTI89_C0261'": "'UTI89_C4574'",
    "'UTI89_C4384'": "'UTI89_C4547'"
  },
  {
    "'UTI89_C1019'": "'UTI89_C3251'",
    "'UTI89_C0261'": "'UTI89_C4547'",
    "'UTI89_C4384'": "'UTI89_C0718'"
  },
  {
    "'UTI89_C1019'": "'UTI89_C3251'",
    "'UTI89_C0261'": "'UTI89_C4547'",
    "'UTI89_C4384'": "'UTI89_C0719'"
  },
  {
    "'UTI89_C1019'": "'UTI89_C3251'",
    "'UTI89_C0261'": "'UTI89_C4547'",
    "'UTI89_C4384'": "'UTI89_C0717'"
  },
  {
    "'UTI89_C1019'": "'UTI89_C3251'",
    "'UTI89_C0261'": "'UTI89_C4547'",
    "'UTI89_C4384'": "'UTI89_C0720'"
  },
  {
    "'UTI89_C1019'": "'UTI89_C3253'",
    "'UTI89_C0261'": "'UTI89_C4574'",
    "'UTI89_C4384'": "'UTI89_C4547'"
  },
  {
    "'UTI89_C1019'": "'UTI89_C3253'",
    "'UTI89_C0261'": "'UTI89_C4547'",
    "'UTI89_C4384'": "'UTI89_C0718'"
  },
  {
    "'UTI89_C1019'": "'UTI89_C3253'",
    "'UTI89_C0261'": "'UTI89_C4547'",
    "'UTI89_C4384'": "'UTI89_C0719'"
  },
  {
    "'UTI89_C1019'": "'UTI89_C3253'",
    "'UTI89_C0261'": "'UTI89_C4547'",
    "'UTI89_C4384'": "'UTI89_C0717'"
  },
  {
    "'UTI89_C1019'": "'UTI89_C3253'",
    "'UTI89_C0261'": "'UTI89_C4547'",
    "'UTI89_C4384'": "'UTI89_C0720'"
  },
  {
    "'UTI89_C1019'": "'UTI89_C4574'",
    "'UTI89_C0261'": "'UTI89_C0559'",
    "'UTI89_C4384'": "'UTI89_C4547'"
  },
  {
    "'UTI89_C1019'": "'UTI89_C4574'",
    "'UTI89_C0261'": "'UTI89_C3299'",
    "'UTI89_C4384'": "'UTI89_C4547'"
  },
  {
    "'UTI89_C1019'": "'UTI89_C4574'",
    "'UTI89_C0261'": "'UTI89_C3309'",
    "'UTI89_C4384'": "'UTI89_C1895'"
  },
  {
    "'UTI89_C1019'": "'UTI89_C4574'",
    "'UTI89_C0261'": "'UTI89_C4547'",
    "'UTI89_C4384'": "'UTI89_C5159'"
  },
  {
    "'UTI89_C1019'": "'UTI89_C4574'",
    "'UTI89_C0261'": "'UTI89_C4547'",
    "'UTI89_C4384'": "'UTI89_C0534'"
  },
  {
    "'UTI89_C1019'": "'UTI89_C4573'",
    "'UTI89_C0261'": "'UTI89_C3392'",
    "'UTI89_C4384'": "'UTI89_C4547'"
  },
  {
    "'UTI89_C1019'": "'UTI89_C0164'",
    "'UTI89_C0261'": "'UTI89_C3894'",
    "'UTI89_C4384'": "'UTI89_C2841'"
  },
  {
    "'UTI89_C1019'": "'UTI89_C4501'",
    "'UTI89_C0261'": "'UTI89_C2758'",
    "'UTI89_C4384'": "'UTI89_C0761'"
  },
  {
    "'UTI89_C1019'": "'UTI89_C4501'",
    "'UTI89_C0261'": "'UTI89_C2758'",
    "'UTI89_C4384'": "'UTI89_C0762'"
  },
  {
    "'UTI89_C1019'": "'UTI89_C4501'",
    "'UTI89_C0261'": "'UTI89_C2758'",
    "'UTI89_C4384'": "'UTI89_C0763'"
  },
  {
    "'UTI89_C1019'": "'UTI89_C0559'",
    "'UTI89_C0261'": "'UTI89_C0973'",
    "'UTI89_C4384'": "'UTI89_C4543'"
  },
  {
    "'UTI89_C1019'": "'UTI89_C0559'",
    "'UTI89_C0261'": "'UTI89_C0973'",
    "'UTI89_C4384'": "'UTI89_C4542'"
  },
  {
    "'UTI89_C1019'": "'UTI89_C0559'",
    "'UTI89_C0261'": "'UTI89_C4547'",
    "'UTI89_C4384'": "'UTI89_C0718'"
  },
  {
    "'UTI89_C1019'": "'UTI89_C0559'",
    "'UTI89_C0261'": "'UTI89_C4547'",
    "'UTI89_C4384'": "'UTI89_C0719'"
  },
  {
    "'UTI89_C1019'": "'UTI89_C0559'",
    "'UTI89_C0261'": "'UTI89_C4547'",
    "'UTI89_C4384'": "'UTI89_C0717'"
  },
  {
    "'UTI89_C1019'": "'UTI89_C0559'",
    "'UTI89_C0261'": "'UTI89_C4547'",
    "'UTI89_C4384'": "'UTI89_C0720'"
  },
  {
    "'UTI89_C1019'": "'UTI89_C1549'",
    "'UTI89_C0261'": "'UTI89_C3493'",
    "'UTI89_C4384'": "'UTI89_C0844'"
  },
  {
    "'UTI89_C1019'": "'UTI89_C3299'",
    "'UTI89_C0261'": "'UTI89_C4547'",
    "'UTI89_C4384'": "'UTI89_C0718'"
  },
  {
    "'UTI89_C1019'": "'UTI89_C3299'",
    "'UTI89_C0261'": "'UTI89_C4547'",
    "'UTI89_C4384'": "'UTI89_C0719'"
  },
  {
    "'UTI89_C1019'": "'UTI89_C3299'",
    "'UTI89_C0261'": "'UTI89_C4547'",
    "'UTI89_C4384'": "'UTI89_C0717'"
  },
  {
    "'UTI89_C1019'": "'UTI89_C3299'",
    "'UTI89_C0261'": "'UTI89_C4547'",
    "'UTI89_C4384'": "'UTI89_C0720'"
  },
  {
    "'UTI89_C1019'": "'UTI89_C3309'",
    "'UTI89_C0261'": "'UTI89_C1895'",
    "'UTI89_C4384'": "'UTI89_C0718'"
  },
  {
    "'UTI89_C1019'": "'UTI89_C3309'",
    "'UTI89_C0261'": "'UTI89_C1895'",
    "'UTI89_C4384'": "'UTI89_C0719'"
  },
  {
    "'UTI89_C1019'": "'UTI89_C3309'",
    "'UTI89_C0261'": "'UTI89_C1895'",
    "'UTI89_C4384'": "'UTI89_C0717'"
  },
  {
    "'UTI89_C1019'": "'UTI89_C3309'",
    "'UTI89_C0261'": "'UTI89_C1895'",
    "'UTI89_C4384'": "'UTI89_C0720'"
  },
  {
    "'UTI89_C1019'": "'UTI89_C4547'",
    "'UTI89_C0261'": "'UTI89_C5159'",
    "'UTI89_C4384'": "'UTI89_C0718'"
  },
  {
    "'UTI89_C1019'": "'UTI89_C4547'",
    "'UTI89_C0261'": "'UTI89_C5159'",
    "'UTI89_C4384'": "'UTI89_C0719'"
  },
  {
    "'UTI89_C1019'": "'UTI89_C4547'",
    "'UTI89_C0261'": "'UTI89_C5159'",
    "'UTI89_C4384'": "'UTI89_C0717'"
  },
  {
    "'UTI89_C1019'": "'UTI89_C4547'",
    "'UTI89_C0261'": "'UTI89_C5159'",
    "'UTI89_C4384'": "'UTI89_C0720'"
  },
  {
    "'UTI89_C1019'": "'UTI89_C4547'",
    "'UTI89_C0261'": "'UTI89_C0718'",
    "'UTI89_C4384'": "'UTI89_C0534'"
  },
  {
    "'UTI89_C1019'": "'UTI89_C4547'",
    "'UTI89_C0261'": "'UTI89_C0719'",
    "'UTI89_C4384'": "'UTI89_C0534'"
  },
  {
    "'UTI89_C1019'": "'UTI89_C4547'",
    "'UTI89_C0261'": "'UTI89_C0717'",
    "'UTI89_C4384'": "'UTI89_C0534'"
  },
  {
    "'UTI89_C1019'": "'UTI89_C4547'",
    "'UTI89_C0261'": "'UTI89_C0720'",
    "'UTI89_C4384'": "'UTI89_C0534'"
  },
  {
    "'UTI89_C1019'": "'UTI89_C3878'",
    "'UTI89_C0261'": "'UTI89_C5154'",
    "'UTI89_C4384'": "'UTI89_C1401'"
  },
  {
    "'UTI89_C1019'": "'UTI89_C2516'",
    "'UTI89_C0261'": "'UTI89_C3035'",
    "'UTI89_C4384'": "'UTI89_C4842'"
  },
  {
    "'UTI89_C1019'": "'UTI89_C2516'",
    "'UTI89_C0261'": "'UTI89_C3036'",
    "'UTI89_C4384'": "'UTI89_C4842'"
  },
  {
    "'UTI89_C1019'": "'UTI89_C2515'",
    "'UTI89_C0261'": "'UTI89_C3035'",
    "'UTI89_C4384'": "'UTI89_C4842'"
  },
  {
    "'UTI89_C1019'": "'UTI89_C2515'",
    "'UTI89_C0261'": "'UTI89_C3036'",
    "'UTI89_C4384'": "'UTI89_C4842'"
  },
  {
    "'UTI89_C1019'": "'UTI89_C3035'",
    "'UTI89_C0261'": "'UTI89_C4842'",
    "'UTI89_C4384'": "'UTI89_C0903'"
  },
  {
    "'UTI89_C1019'": "'UTI89_C3036'",
    "'UTI89_C0261'": "'UTI89_C4842'",
    "'UTI89_C4384'": "'UTI89_C0903'"
  }
]