[
  {
    "'STM3315'": "'STM3796'",
    "'STM2838_S'": "'STM3901'"
  },
  {
    "'STM3315'": "'STM3796'",
    "'STM2838_S'": "'STM3902'"
  },
  {
    "'STM3315'": "'STM3901'",
    "'STM2838_S'": "'STM3795'"
  },
  {
    "'STM3315'": "'STM3902'",
    "'STM2838_S'": "'STM3795'"
  },
  {
    "'STM3315'": "'STM1883'",
    "'STM2838_S'": "'STM0974'"
  },
  {
    "'STM3315'": "'STM1883'",
    "'STM2838_S'": "'STM2500'"
  },
  {
    "'STM3315'": "'STM1883'",
    "'STM2838_S'": "'STM0542'"
  },
  {
    "'STM3315'": "'STM1712'",
    "'STM2838_S'": "'STM0158'"
  },
  {
    "'STM3315'": "'STM0737'",
    "'STM2838_S'": "'STM0738'"
  },
  {
    "'STM3315'": "'STM0737'",
    "'STM2838_S'": "'STM0739'"
  },
  {
    "'STM3315'": "'STM0736'",
    "'STM2838_S'": "'STM0738'"
  },
  {
    "'STM3315'": "'STM0736'",
    "'STM2838_S'": "'STM0739'"
  },
  {
    "'STM3315'": "'STM0154'",
    "'STM2838_S'": "'STM0738'"
  },
  {
    "'STM3315'": "'STM0154'",
    "'STM2838_S'": "'STM0739'"
  },
  {
    "'STM3315'": "'STM0380'",
    "'STM2838_S'": "'STM0130'"
  },
  {
    "'STM3315'": "'STM1802'",
    "'STM2838_S'": "'STM4247'"
  },
  {
    "'STM3315'": "'STM2555'",
    "'STM2838_S'": "'STM0977'"
  },
  {
    "'STM3315'": "'STM2555'",
    "'STM2838_S'": "'STM3062'"
  },
  {
    "'STM3315'": "'STM2555'",
    "'STM2838_S'": "'STM4578'"
  },
  {
    "'STM3315'": "'STM0680'",
    "'STM2838_S'": "'STM3877'"
  },
  {
    "'STM3315'": "'STM0002'",
    "'STM2838_S'": "'STM4101'"
  },
  {
    "'STM3315'": "'STM3865'",
    "'STM2838_S'": "'STM1290'"
  },
  {
    "'STM3315'": "'STM3865'",
    "'STM2838_S'": "'STM3069'"
  },
  {
    "'STM3315'": "'STM3866'",
    "'STM2838_S'": "'STM1290'"
  },
  {
    "'STM3315'": "'STM3866'",
    "'STM2838_S'": "'STM3069'"
  },
  {
    "'STM3315'": "'STM3870'",
    "'STM2838_S'": "'STM1290'"
  },
  {
    "'STM3315'": "'STM3870'",
    "'STM2838_S'": "'STM3069'"
  },
  {
    "'STM3315'": "'STM3868'",
    "'STM2838_S'": "'STM1290'"
  },
  {
    "'STM3315'": "'STM3868'",
    "'STM2838_S'": "'STM3069'"
  },
  {
    "'STM3315'": "'STM3864'",
    "'STM2838_S'": "'STM1290'"
  },
  {
    "'STM3315'": "'STM3864'",
    "'STM2838_S'": "'STM3069'"
  },
  {
    "'STM3315'": "'STM3871'",
    "'STM2838_S'": "'STM1290'"
  },
  {
    "'STM3315'": "'STM3871'",
    "'STM2838_S'": "'STM3069'"
  },
  {
    "'STM3315'": "'STM3869'",
    "'STM2838_S'": "'STM1290'"
  },
  {
    "'STM3315'": "'STM3869'",
    "'STM2838_S'": "'STM3069'"
  },
  {
    "'STM3315'": "'STM3867'",
    "'STM2838_S'": "'STM1290'"
  },
  {
    "'STM3315'": "'STM3867'",
    "'STM2838_S'": "'STM3069'"
  },
  {
    "'STM3315'": "'STM0812'",
    "'STM2838_S'": "'STM1739'"
  },
  {
    "'STM3315'": "'STM0203'",
    "'STM2838_S'": "'STM1490'"
  },
  {
    "'STM3315'": "'STM2440'",
    "'STM2838_S'": "'STM2430'"
  },
  {
    "'STM3315'": "'STM0980'",
    "'STM2838_S'": "'STM0218'"
  },
  {
    "'STM3315'": "'STM0137'",
    "'STM2838_S'": "'STM1900'"
  },
  {
    "'STM3315'": "'STM3692'",
    "'STM2838_S'": "'STM1620'"
  },
  {
    "'STM3315'": "'STM2948'",
    "'STM2838_S'": "'STM2548'"
  },
  {
    "'STM3315'": "'STM2948'",
    "'STM2838_S'": "'STM2549'"
  },
  {
    "'STM3315'": "'STM2948'",
    "'STM2838_S'": "'STM2550'"
  },
  {
    "'STM3315'": "'STM2947'",
    "'STM2838_S'": "'STM2548'"
  },
  {
    "'STM3315'": "'STM2947'",
    "'STM2838_S'": "'STM2549'"
  },
  {
    "'STM3315'": "'STM2947'",
    "'STM2838_S'": "'STM2550'"
  },
  {
    "'STM3315'": "'STM2095'",
    "'STM2838_S'": "'STM3923'"
  },
  {
    "'STM3315'": "'STM2500'",
    "'STM2838_S'": "'STM0542'"
  },
  {
    "'STM3315'": "'STM1299'",
    "'STM2838_S'": "'STM3331'"
  },
  {
    "'STM3315'": "'STM1299'",
    "'STM2838_S'": "'STM3330'"
  },
  {
    "'STM3315'": "'STM4184'",
    "'STM2838_S'": "'STM4119'"
  },
  {
    "'STM3315'": "'STM0329'",
    "'STM2838_S'": "'STM0110'"
  },
  {
    "'STM3315'": "'STM0329'",
    "'STM2838_S'": "'STM0111'"
  },
  {
    "'STM3315'": "'STM0330'",
    "'STM2838_S'": "'STM0110'"
  },
  {
    "'STM3315'": "'STM0330'",
    "'STM2838_S'": "'STM0111'"
  },
  {
    "'STM3315'": "'STM4183'",
    "'STM2838_S'": "'STM4119'"
  },
  {
    "'STM3315'": "'STM3359'",
    "'STM2838_S'": "'STM4119'"
  },
  {
    "'STM3315'": "'STM3965'",
    "'STM2838_S'": "'STM4188_S'"
  },
  {
    "'STM3315'": "'STM2442'",
    "'STM2838_S'": "'STM0781'"
  },
  {
    "'STM3315'": "'STM2442'",
    "'STM2838_S'": "'STM0783'"
  },
  {
    "'STM3315'": "'STM2442'",
    "'STM2838_S'": "'STM0782'"
  },
  {
    "'STM3315'": "'STM0781'",
    "'STM2838_S'": "'STM2443'"
  },
  {
    "'STM3315'": "'STM0781'",
    "'STM2838_S'": "'STM2441'"
  },
  {
    "'STM3315'": "'STM0783'",
    "'STM2838_S'": "'STM2443'"
  },
  {
    "'STM3315'": "'STM0783'",
    "'STM2838_S'": "'STM2441'"
  },
  {
    "'STM3315'": "'STM2443'",
    "'STM2838_S'": "'STM0782'"
  },
  {
    "'STM3315'": "'STM2441'",
    "'STM2838_S'": "'STM0782'"
  },
  {
    "'STM3315'": "'STM2820'",
    "'STM2838_S'": "'STM0698'"
  },
  {
    "'STM3315'": "'STM3589'",
    "'STM2838_S'": "'STM3855'"
  },
  {
    "'STM3315'": "'STM3589'",
    "'STM2838_S'": "'STM3857'"
  },
  {
    "'STM3315'": "'STM3589'",
    "'STM2838_S'": "'STM3856'"
  },
  {
    "'STM3315'": "'STM3589'",
    "'STM2838_S'": "'STM3854'"
  },
  {
    "'STM3315'": "'STM4119'",
    "'STM2838_S'": "'STM0732'"
  },
  {
    "'STM3315'": "'STM4119'",
    "'STM2838_S'": "'STM0733'"
  },
  {
    "'STM3315'": "'STM4119'",
    "'STM2838_S'": "'STM0735'"
  },
  {
    "'STM3315'": "'STM4119'",
    "'STM2838_S'": "'STM0734'"
  },
  {
    "'STM3315'": "'STM0388'",
    "'STM2838_S'": "'STM3487'"
  },
  {
    "'STM3315'": "'STM2097'",
    "'STM2838_S'": "'STM3922'"
  },
  {
    "'STM3315'": "'STM2084'",
    "'STM2838_S'": "'STM2105_S'"
  },
  {
    "'STM3315'": "'STM2104'",
    "'STM2838_S'": "'STM2083'"
  },
  {
    "'STM3315'": "'STM4465'",
    "'STM2838_S'": "'STM4469'"
  },
  {
    "'STM3315'": "'STM3624A'",
    "'STM2838_S'": "'STM4100'"
  },
  {
    "'STM3315'": "'STM2079'",
    "'STM2838_S'": "'STM0589'"
  }
]