[
  {
    "'3HAD100'": "'3HAD121'"
  },
  {
    "'3HAD100'": "'3HAD141'"
  },
  {
    "'3HAD100'": "'3HAD161'"
  },
  {
    "'3HAD100'": "'3HAD181'"
  },
  {
    "'3HAD100'": "'3HAD40'"
  },
  {
    "'3HAD100'": "'3HAD60'"
  },
  {
    "'3HAD100'": "'3HAD80'"
  },
  {
    "'3HAD100'": "'3OAR100'"
  },
  {
    "'3HAD100'": "'3OAR121'"
  },
  {
    "'3HAD100'": "'3OAR140'"
  },
  {
    "'3HAD100'": "'3OAR141'"
  },
  {
    "'3HAD100'": "'3OAR161'"
  },
  {
    "'3HAD100'": "'3OAR181'"
  },
  {
    "'3HAD100'": "'3OAR40'"
  },
  {
    "'3HAD100'": "'3OAR60'"
  },
  {
    "'3HAD100'": "'3OAR80'"
  },
  {
    "'3HAD100'": "'3OAS100'"
  },
  {
    "'3HAD100'": "'3OAS121'"
  },
  {
    "'3HAD100'": "'3OAS140'"
  },
  {
    "'3HAD100'": "'3OAS141'"
  },
  {
    "'3HAD100'": "'3OAS161'"
  },
  {
    "'3HAD100'": "'3OAS181'"
  },
  {
    "'3HAD100'": "'3OAS60'"
  },
  {
    "'3HAD100'": "'3OAS80'"
  },
  {
    "'3HAD100'": "'A5PISO'"
  },
  {
    "'3HAD100'": "'ACCOAC'"
  },
  {
    "'3HAD100'": "'ACGK'"
  },
  {
    "'3HAD100'": "'ACGS'"
  },
  {
    "'3HAD100'": "'ACHBS'"
  },
  {
    "'3HAD100'": "'ACLS'"
  },
  {
    "'3HAD100'": "'ACODA'"
  },
  {
    "'3HAD100'": "'ACONTa'"
  },
  {
    "'3HAD100'": "'ACONTb'"
  },
  {
    "'3HAD100'": "'ACOTA'"
  },
  {
    "'3HAD100'": "'ADCL'"
  },
  {
    "'3HAD100'": "'ADCS'"
  },
  {
    "'3HAD100'": "'ADMDC'"
  },
  {
    "'3HAD100'": "'ADSK'"
  },
  {
    "'3HAD100'": "'ADSL1r'"
  },
  {
    "'3HAD100'": "'ADSL2r'"
  },
  {
    "'3HAD100'": "'ADSS'"
  },
  {
    "'3HAD100'": "'AGMHE'"
  },
  {
    "'3HAD100'": "'AGPAT140'"
  },
  {
    "'3HAD100'": "'AGPAT160'"
  },
  {
    "'3HAD100'": "'AGPAT161'"
  },
  {
    "'3HAD100'": "'AGPAT180'"
  },
  {
    "'3HAD100'": "'AGPAT181'"
  },
  {
    "'3HAD100'": "'AGPR'"
  },
  {
    "'3HAD100'": "'AHCYSNS'"
  },
  {
    "'3HAD100'": "'AICART'"
  },
  {
    "'3HAD100'": "'AIRC2'"
  },
  {
    "'3HAD100'": "'AIRC3'"
  },
  {
    "'3HAD100'": "'ALAALAr'"
  },
  {
    "'3HAD100'": "'ALAR'"
  },
  {
    "'3HAD100'": "'ALATA_L'"
  },
  {
    "'3HAD100'": "'ANPRT'"
  },
  {
    "'3HAD100'": "'ANS'"
  },
  {
    "'3HAD100'": "'APRAUR'"
  },
  {
    "'3HAD100'": "'ARGSL'"
  },
  {
    "'3HAD100'": "'ARGSS'"
  },
  {
    "'3HAD100'": "'ASAD'"
  },
  {
    "'3HAD100'": "'ASP1DC'"
  },
  {
    "'3HAD100'": "'ASPCT'"
  },
  {
    "'3HAD100'": "'ASPK'"
  },
  {
    "'3HAD100'": "'ASPTA'"
  },
  {
    "'3HAD100'": "'ATPPRT'"
  },
  {
    "'3HAD100'": "'BPNT'"
  },
  {
    "'3HAD100'": "'CA2tex'"
  },
  {
    "'3HAD100'": "'CAt6pp'"
  },
  {
    "'3HAD100'": "'CHORS'"
  },
  {
    "'3HAD100'": "'CLPNS140pp'"
  },
  {
    "'3HAD100'": "'CLPNS160pp'"
  },
  {
    "'3HAD100'": "'CLPNS161pp'"
  },
  {
    "'3HAD100'": "'CLPNS180pp'"
  },
  {
    "'3HAD100'": "'CLPNS181pp'"
  },
  {
    "'3HAD100'": "'CLt3_2pp'"
  },
  {
    "'3HAD100'": "'CLtex'"
  },
  {
    "'3HAD100'": "'COBALT2tex'"
  },
  {
    "'3HAD100'": "'COLIPAabcpp'"
  },
  {
    "'3HAD100'": "'CS'"
  },
  {
    "'3HAD100'": "'CTPS2'"
  },
  {
    "'3HAD100'": "'CU2tex'"
  },
  {
    "'3HAD100'": "'CU2tpp'"
  },
  {
    "'3HAD100'": "'CYSS'"
  },
  {
    "'3HAD100'": "'CYSTL'"
  },
  {
    "'3HAD100'": "'DAPDC'"
  },
  {
    "'3HAD100'": "'DAPE'"
  },
  {
    "'3HAD100'": "'DASYN140'"
  },
  {
    "'3HAD100'": "'DASYN160'"
  },
  {
    "'3HAD100'": "'DASYN161'"
  },
  {
    "'3HAD100'": "'DASYN180'"
  },
  {
    "'3HAD100'": "'DASYN181'"
  },
  {
    "'3HAD100'": "'DB4PS'"
  },
  {
    "'3HAD100'": "'DDPA'"
  },
  {
    "'3HAD100'": "'DHAD1'"
  },
  {
    "'3HAD100'": "'DHAD2'"
  },
  {
    "'3HAD100'": "'DHDPRy'"
  },
  {
    "'3HAD100'": "'DHDPS'"
  },
  {
    "'3HAD100'": "'DHFR'"
  },
  {
    "'3HAD100'": "'DHFS'"
  },
  {
    "'3HAD100'": "'DHNPA2r'"
  },
  {
    "'3HAD100'": "'DHORTS'"
  },
  {
    "'3HAD100'": "'DHPPDA2'"
  },
  {
    "'3HAD100'": "'DHPS2'"
  },
  {
    "'3HAD100'": "'DHPTDCs'"
  },
  {
    "'3HAD100'": "'DHQS'"
  },
  {
    "'3HAD100'": "'DHQTi'"
  },
  {
    "'3HAD100'": "'DM_hmfurn_c'"
  },
  {
    "'3HAD100'": "'DNMPPA'"
  },
  {
    "'3HAD100'": "'DNTPPA'"
  },
  {
    "'3HAD100'": "'DPCOAK'"
  },
  {
    "'3HAD100'": "'DTMPK'"
  },
  {
    "'3HAD100'": "'EDTXS1'"
  },
  {
    "'3HAD100'": "'EDTXS2'"
  },
  {
    "'3HAD100'": "'EX_ca2_e'"
  },
  {
    "'3HAD100'": "'EX_cl_e'"
  },
  {
    "'3HAD100'": "'EX_cobalt2_e'"
  },
  {
    "'3HAD100'": "'EX_cu2_e'"
  },
  {
    "'3HAD100'": "'EX_glc__D_e'"
  },
  {
    "'3HAD100'": "'EX_k_e'"
  },
  {
    "'3HAD100'": "'EX_mg2_e'"
  },
  {
    "'3HAD100'": "'EX_mn2_e'"
  },
  {
    "'3HAD100'": "'EX_mobd_e'"
  },
  {
    "'3HAD100'": "'EX_nh4_e'"
  },
  {
    "'3HAD100'": "'EX_pi_e'"
  },
  {
    "'3HAD100'": "'EX_so4_e'"
  },
  {
    "'3HAD100'": "'EX_zn2_e'"
  },
  {
    "'3HAD100'": "'FMNAT'"
  },
  {
    "'3HAD100'": "'G1PACT'"
  },
  {
    "'3HAD100'": "'G1PTT'"
  },
  {
    "'3HAD100'": "'G1SAT'"
  },
  {
    "'3HAD100'": "'G3PAT140'"
  },
  {
    "'3HAD100'": "'G3PAT160'"
  },
  {
    "'3HAD100'": "'G3PAT161'"
  },
  {
    "'3HAD100'": "'G3PAT180'"
  },
  {
    "'3HAD100'": "'G3PAT181'"
  },
  {
    "'3HAD100'": "'G3PD2'"
  },
  {
    "'3HAD100'": "'G5SADs'"
  },
  {
    "'3HAD100'": "'GALT1'"
  },
  {
    "'3HAD100'": "'GALUi'"
  },
  {
    "'3HAD100'": "'GF6PTA'"
  },
  {
    "'3HAD100'": "'GK1'"
  },
  {
    "'3HAD100'": "'GLCS1'"
  },
  {
    "'3HAD100'": "'GLCTR1'"
  },
  {
    "'3HAD100'": "'GLCTR2'"
  },
  {
    "'3HAD100'": "'GLCTR3'"
  },
  {
    "'3HAD100'": "'GLGC'"
  },
  {
    "'3HAD100'": "'GLNS'"
  },
  {
    "'3HAD100'": "'GLUPRT'"
  },
  {
    "'3HAD100'": "'GLUR'"
  },
  {
    "'3HAD100'": "'GLUTRR'"
  },
  {
    "'3HAD100'": "'GLUTRS'"
  },
  {
    "'3HAD100'": "'GMHEPAT'"
  },
  {
    "'3HAD100'": "'GMHEPK'"
  },
  {
    "'3HAD100'": "'GMHEPPA'"
  },
  {
    "'3HAD100'": "'GMPS2'"
  },
  {
    "'3HAD100'": "'GTPCI'"
  },
  {
    "'3HAD100'": "'GTPCII2'"
  },
  {
    "'3HAD100'": "'HCO3E'"
  },
  {
    "'3HAD100'": "'HEPK1'"
  },
  {
    "'3HAD100'": "'HEPK2'"
  },
  {
    "'3HAD100'": "'HEPT1'"
  },
  {
    "'3HAD100'": "'HEPT2'"
  },
  {
    "'3HAD100'": "'HEPT3'"
  },
  {
    "'3HAD100'": "'HEPT4'"
  },
  {
    "'3HAD100'": "'HISTD'"
  },
  {
    "'3HAD100'": "'HISTP'"
  },
  {
    "'3HAD100'": "'HMBS'"
  },
  {
    "'3HAD100'": "'HPPK2'"
  },
  {
    "'3HAD100'": "'HSDy'"
  },
  {
    "'3HAD100'": "'HSK'"
  },
  {
    "'3HAD100'": "'HSST'"
  },
  {
    "'3HAD100'": "'HSTPT'"
  },
  {
    "'3HAD100'": "'ICDHyr'"
  },
  {
    "'3HAD100'": "'IG3PS'"
  },
  {
    "'3HAD100'": "'IGPDH'"
  },
  {
    "'3HAD100'": "'IGPS'"
  },
  {
    "'3HAD100'": "'ILETA'"
  },
  {
    "'3HAD100'": "'IMPC'"
  },
  {
    "'3HAD100'": "'IMPD'"
  },
  {
    "'3HAD100'": "'IPMD'"
  },
  {
    "'3HAD100'": "'IPPMIa'"
  },
  {
    "'3HAD100'": "'IPPMIb'"
  },
  {
    "'3HAD100'": "'IPPS'"
  },
  {
    "'3HAD100'": "'KARA1'"
  },
  {
    "'3HAD100'": "'KARA2'"
  },
  {
    "'3HAD100'": "'KDOCT2'"
  },
  {
    "'3HAD100'": "'KDOPP'"
  },
  {
    "'3HAD100'": "'KDOPS'"
  },
  {
    "'3HAD100'": "'Ktex'"
  },
  {
    "'3HAD100'": "'LEUTAi'"
  },
  {
    "'3HAD100'": "'LPADSS'"
  },
  {
    "'3HAD100'": "'MAN6PI'"
  },
  {
    "'3HAD100'": "'MCOATA'"
  },
  {
    "'3HAD100'": "'MDRPD'"
  },
  {
    "'3HAD100'": "'METAT'"
  },
  {
    "'3HAD100'": "'METS'"
  },
  {
    "'3HAD100'": "'MG2tex'"
  },
  {
    "'3HAD100'": "'MNtex'"
  },
  {
    "'3HAD100'": "'MOAT'"
  },
  {
    "'3HAD100'": "'MOAT2'"
  },
  {
    "'3HAD100'": "'MOAT3C'"
  },
  {
    "'3HAD100'": "'MOBDabcpp'"
  },
  {
    "'3HAD100'": "'MOBDtex'"
  },
  {
    "'3HAD100'": "'MOHMT'"
  },
  {
    "'3HAD100'": "'MPTG'"
  },
  {
    "'3HAD100'": "'MTAN'"
  },
  {
    "'3HAD100'": "'MTHFR2'"
  },
  {
    "'3HAD100'": "'MTRI'"
  },
  {
    "'3HAD100'": "'MTRK'"
  },
  {
    "'3HAD100'": "'NADK'"
  },
  {
    "'3HAD100'": "'NADS1'"
  },
  {
    "'3HAD100'": "'NDPK2'"
  },
  {
    "'3HAD100'": "'NDPK4'"
  },
  {
    "'3HAD100'": "'NH4tex'"
  },
  {
    "'3HAD100'": "'NH4tpp'"
  },
  {
    "'3HAD100'": "'NNATr'"
  },
  {
    "'3HAD100'": "'NNDPR'"
  },
  {
    "'3HAD100'": "'OMCDC'"
  },
  {
    "'3HAD100'": "'OMPDC'"
  },
  {
    "'3HAD100'": "'ORPT'"
  },
  {
    "'3HAD100'": "'P5CR'"
  },
  {
    "'3HAD100'": "'PANTS'"
  },
  {
    "'3HAD100'": "'PAPA140pp'"
  },
  {
    "'3HAD100'": "'PAPA160pp'"
  },
  {
    "'3HAD100'": "'PAPA180pp'"
  },
  {
    "'3HAD100'": "'PAPPT3'"
  },
  {
    "'3HAD100'": "'PE140abcpp'"
  },
  {
    "'3HAD100'": "'PE160abcpp'"
  },
  {
    "'3HAD100'": "'PE161abcpp'"
  },
  {
    "'3HAD100'": "'PE180abcpp'"
  },
  {
    "'3HAD100'": "'PE181abcpp'"
  },
  {
    "'3HAD100'": "'PGAMT'"
  },
  {
    "'3HAD100'": "'PGMT'"
  },
  {
    "'3HAD100'": "'PGSA140'"
  },
  {
    "'3HAD100'": "'PGSA160'"
  },
  {
    "'3HAD100'": "'PGSA161'"
  },
  {
    "'3HAD100'": "'PGSA180'"
  },
  {
    "'3HAD100'": "'PGSA181'"
  },
  {
    "'3HAD100'": "'PHETA1'"
  },
  {
    "'3HAD100'": "'PItex'"
  },
  {
    "'3HAD100'": "'PMDPHT'"
  },
  {
    "'3HAD100'": "'PNTK'"
  },
  {
    "'3HAD100'": "'PPA'"
  },
  {
    "'3HAD100'": "'PPBNGS'"
  },
  {
    "'3HAD100'": "'PPCDC'"
  },
  {
    "'3HAD100'": "'PPNCL2'"
  },
  {
    "'3HAD100'": "'PPND'"
  },
  {
    "'3HAD100'": "'PPNDH'"
  },
  {
    "'3HAD100'": "'PRAGSr'"
  },
  {
    "'3HAD100'": "'PRAIS'"
  },
  {
    "'3HAD100'": "'PRAIi'"
  },
  {
    "'3HAD100'": "'PRAMPC'"
  },
  {
    "'3HAD100'": "'PRASCSi'"
  },
  {
    "'3HAD100'": "'PRATPP'"
  },
  {
    "'3HAD100'": "'PRFGS'"
  },
  {
    "'3HAD100'": "'PRMICI'"
  },
  {
    "'3HAD100'": "'PRPPS'"
  },
  {
    "'3HAD100'": "'PSCVT'"
  },
  {
    "'3HAD100'": "'PSD140'"
  },
  {
    "'3HAD100'": "'PSD160'"
  },
  {
    "'3HAD100'": "'PSD161'"
  },
  {
    "'3HAD100'": "'PSD180'"
  },
  {
    "'3HAD100'": "'PSD181'"
  },
  {
    "'3HAD100'": "'PSSA140'"
  },
  {
    "'3HAD100'": "'PSSA160'"
  },
  {
    "'3HAD100'": "'PSSA161'"
  },
  {
    "'3HAD100'": "'PSSA180'"
  },
  {
    "'3HAD100'": "'PSSA181'"
  },
  {
    "'3HAD100'": "'PTPATi'"
  },
  {
    "'3HAD100'": "'QULNS'"
  },
  {
    "'3HAD100'": "'RBFK'"
  },
  {
    "'3HAD100'": "'RBFSa'"
  },
  {
    "'3HAD100'": "'RBFSb'"
  },
  {
    "'3HAD100'": "'RHAT1'"
  },
  {
    "'3HAD100'": "'RHCCE'"
  },
  {
    "'3HAD100'": "'S7PI'"
  },
  {
    "'3HAD100'": "'SADT2'"
  },
  {
    "'3HAD100'": "'SDPDS'"
  },
  {
    "'3HAD100'": "'SDPTA'"
  },
  {
    "'3HAD100'": "'SERAT'"
  },
  {
    "'3HAD100'": "'SHCHD2'"
  },
  {
    "'3HAD100'": "'SHCHF'"
  },
  {
    "'3HAD100'": "'SHK3Dr'"
  },
  {
    "'3HAD100'": "'SHKK'"
  },
  {
    "'3HAD100'": "'SO4tex'"
  },
  {
    "'3HAD100'": "'SPMS'"
  },
  {
    "'3HAD100'": "'SULabcpp'"
  },
  {
    "'3HAD100'": "'T2DECAI'"
  },
  {
    "'3HAD100'": "'TDPDRE'"
  },
  {
    "'3HAD100'": "'TDPDRR'"
  },
  {
    "'3HAD100'": "'TDPGDH'"
  },
  {
    "'3HAD100'": "'TDSK'"
  },
  {
    "'3HAD100'": "'THDPS'"
  },
  {
    "'3HAD100'": "'THRD_L'"
  },
  {
    "'3HAD100'": "'THRS'"
  },
  {
    "'3HAD100'": "'TMDS'"
  },
  {
    "'3HAD100'": "'TYRTA'"
  },
  {
    "'3HAD100'": "'U23GAAT'"
  },
  {
    "'3HAD100'": "'UAAGDS'"
  },
  {
    "'3HAD100'": "'UAGAAT'"
  },
  {
    "'3HAD100'": "'UAGCVT'"
  },
  {
    "'3HAD100'": "'UAGDP'"
  },
  {
    "'3HAD100'": "'UAGPT3'"
  },
  {
    "'3HAD100'": "'UAMAGS'"
  },
  {
    "'3HAD100'": "'UAMAS'"
  },
  {
    "'3HAD100'": "'UAPGR'"
  },
  {
    "'3HAD100'": "'UDCPDP'"
  },
  {
    "'3HAD100'": "'UDCPDPpp'"
  },
  {
    "'3HAD100'": "'UDCPPtppi'"
  },
  {
    "'3HAD100'": "'UDPG4E'"
  },
  {
    "'3HAD100'": "'UGMDDS'"
  },
  {
    "'3HAD100'": "'UHGADA'"
  },
  {
    "'3HAD100'": "'UMPK'"
  },
  {
    "'3HAD100'": "'UNK3'"
  },
  {
    "'3HAD100'": "'UPP3MT'"
  },
  {
    "'3HAD100'": "'UPP3S'"
  },
  {
    "'3HAD100'": "'USHD'"
  },
  {
    "'3HAD100'": "'Zn2tex'"
  },
  {
    "'3HAD100'": "'GCALDD'"
  },
  {
    "'3HAD100'": "'MAN1PT2'"
  },
  {
    "'3HAD100'": "'PMANM'"
  },
  {
    "'3HAD100'": "'G1PCTYT'"
  },
  {
    "'3HAD100'": "'CDPGLC46DH'"
  },
  {
    "'3HAD100'": "'CDP4D6DGLCRx'"
  },
  {
    "'3HAD100'": "'CDPABEQS'"
  },
  {
    "'3HAD100'": "'DPR'"
  },
  {
    "'3HAD100'": "'OCBT'"
  },
  {
    "'3HAD100'": "'CHORM'"
  },
  {
    "'3HAD100'": "'SHSL1'"
  },
  {
    "'3HAD100'": "'OACT'"
  },
  {
    "'3HAD100'": "'UDCPAT'"
  },
  {
    "'3HAD100'": "'UDCPMT'"
  },
  {
    "'3HAD100'": "'UDCPRT'"
  },
  {
    "'3HAD100'": "'UDCPGT'"
  },
  {
    "'3HAD100'": "'OAO5t3pp'"
  },
  {
    "'3HAD100'": "'peptido_ST'"
  },
  {
    "'3HAD100'": "'pe2_ST'"
  },
  {
    "'3HAD100'": "'pg2_ST'"
  },
  {
    "'3HAD100'": "'clpn2_ST'"
  },
  {
    "'3HAD100'": "'12dgr2_ST'"
  },
  {
    "'3HAD100'": "'OAL_ST'"
  },
  {
    "'3HAD100'": "'BIOMASS_iRR1083_metals'"
  }
]