[
  {
    "'g.25726.CDS.991'": "'Unknown'"
  },
  {
    "'g.25726.CDS.991'": "'g.25726.CDS.427'"
  },
  {
    "'g.25726.CDS.991'": "'1229781.4.peg.2191'"
  },
  {
    "'g.25726.CDS.991'": "'g.25726.CDS.2713'"
  },
  {
    "'g.25726.CDS.991'": "'g.25726.CDS.401'"
  },
  {
    "'g.25726.CDS.991'": "'g.25726.CDS.77'"
  },
  {
    "'g.25726.CDS.991'": "'g.25726.CDS.1577'"
  },
  {
    "'g.25726.CDS.991'": "'g.25726.CDS.1417'"
  },
  {
    "'g.25726.CDS.991'": "'1229781.4.peg.2189'"
  },
  {
    "'g.25726.CDS.991'": "'g.25726.CDS.1199'"
  },
  {
    "'g.25726.CDS.991'": "'g.25726.CDS.2540'"
  },
  {
    "'g.25726.CDS.991'": "'g.25726.CDS.433'"
  },
  {
    "'g.25726.CDS.991'": "'1229781.4.peg.1413'"
  },
  {
    "'g.25726.CDS.991'": "'1229781.4.peg.287'"
  },
  {
    "'g.25726.CDS.991'": "'g.25726.CDS.159'"
  },
  {
    "'g.25726.CDS.991'": "'g.25726.CDS.1566'"
  },
  {
    "'g.25726.CDS.991'": "'1229781.4.peg.1269'"
  },
  {
    "'g.25726.CDS.991'": "'g.25726.CDS.440'"
  },
  {
    "'g.25726.CDS.991'": "'1229781.4.peg.1972'"
  },
  {
    "'g.25726.CDS.991'": "'g.25726.CDS.1874'"
  },
  {
    "'g.25726.CDS.991'": "'1229781.4.peg.25'"
  },
  {
    "'g.25726.CDS.991'": "'g.25726.CDS.73'"
  },
  {
    "'g.25726.CDS.991'": "'g.25726.CDS.1420'"
  },
  {
    "'g.25726.CDS.991'": "'1229781.4.peg.1568'"
  },
  {
    "'g.25726.CDS.991'": "'g.25726.CDS.1763'"
  },
  {
    "'g.25726.CDS.991'": "'g.25726.CDS.625'"
  },
  {
    "'g.25726.CDS.991'": "'1229781.4.peg.821'"
  },
  {
    "'g.25726.CDS.991'": "'1229781.4.peg.1854'"
  },
  {
    "'g.25726.CDS.991'": "'g.25726.CDS.1836'"
  },
  {
    "'g.25726.CDS.991'": "'g.25726.CDS.2269'"
  },
  {
    "'g.25726.CDS.991'": "'g.25726.CDS.2131'"
  },
  {
    "'g.25726.CDS.991'": "'1229781.4.peg.814'"
  },
  {
    "'g.25726.CDS.991'": "'g.25726.CDS.2163'"
  },
  {
    "'g.25726.CDS.991'": "'1229781.4.peg.813'"
  },
  {
    "'g.25726.CDS.991'": "'1229781.4.peg.791'"
  },
  {
    "'g.25726.CDS.991'": "'1229781.4.peg.783'"
  },
  {
    "'g.25726.CDS.991'": "'1229781.4.peg.1381'"
  },
  {
    "'g.25726.CDS.991'": "'g.25726.CDS.260'"
  },
  {
    "'g.25726.CDS.991'": "'g.25726.CDS.1316'"
  },
  {
    "'g.25726.CDS.991'": "'g.25726.CDS.1435'"
  },
  {
    "'g.25726.CDS.991'": "'g.25726.CDS.1590'"
  },
  {
    "'g.25726.CDS.991'": "'g.25726.CDS.1677'"
  },
  {
    "'g.25726.CDS.991'": "'1229781.4.peg.2188'"
  },
  {
    "'g.25726.CDS.991'": "'1229781.4.peg.2190'"
  },
  {
    "'g.25726.CDS.991'": "'g.25726.CDS.2045'"
  },
  {
    "'g.25726.CDS.991'": "'g.25726.CDS.2182'"
  },
  {
    "'g.25726.CDS.991'": "'g.25726.CDS.2364'"
  },
  {
    "'g.25726.CDS.991'": "'1229781.4.peg.1429'"
  },
  {
    "'g.25726.CDS.991'": "'g.25726.CDS.1969'"
  },
  {
    "'g.25726.CDS.991'": "'g.25726.CDS.2027'"
  },
  {
    "'g.25726.CDS.991'": "'g.25726.CDS.2239'"
  },
  {
    "'g.25726.CDS.991'": "'g.25726.CDS.2508'"
  },
  {
    "'g.25726.CDS.991'": "'g.25726.CDS.2374'"
  },
  {
    "'g.25726.CDS.991'": "'g.25726.CDS.2285'"
  },
  {
    "'g.25726.CDS.991'": "'g.25726.CDS.2579'"
  },
  {
    "'g.25726.CDS.991'": "'1229781.4.peg.1946'"
  },
  {
    "'g.25726.CDS.991'": "'g.25726.CDS.1441'"
  },
  {
    "'g.25726.CDS.991'": "'g.25726.CDS.1454'"
  },
  {
    "'g.25726.CDS.991'": "'g.25726.CDS.1551'"
  },
  {
    "'g.25726.CDS.991'": "'g.25726.CDS.1589'"
  },
  {
    "'g.25726.CDS.991'": "'g.25726.CDS.1621'"
  },
  {
    "'g.25726.CDS.991'": "'g.25726.CDS.1888'"
  },
  {
    "'g.25726.CDS.991'": "'g.25726.CDS.1899'"
  },
  {
    "'g.25726.CDS.991'": "'g.25726.CDS.1943'"
  },
  {
    "'g.25726.CDS.991'": "'g.25726.CDS.1968'"
  },
  {
    "'g.25726.CDS.991'": "'g.25726.CDS.1980'"
  },
  {
    "'g.25726.CDS.991'": "'g.25726.CDS.2177'"
  },
  {
    "'g.25726.CDS.991'": "'g.25726.CDS.2408'"
  },
  {
    "'g.25726.CDS.991'": "'g.25726.CDS.2417'"
  },
  {
    "'g.25726.CDS.991'": "'g.25726.CDS.2800'"
  },
  {
    "'g.25726.CDS.991'": "'g.25726.CDS.3193'"
  },
  {
    "'g.25726.CDS.991'": "'g.25726.CDS.3222'"
  },
  {
    "'g.25726.CDS.991'": "'g.25726.CDS.3241'"
  },
  {
    "'g.25726.CDS.991'": "'g.25726.CDS.857'"
  },
  {
    "'g.25726.CDS.991'": "'g.25726.CDS.883'"
  },
  {
    "'g.25726.CDS.991'": "'g.25726.CDS.1010'"
  },
  {
    "'g.25726.CDS.991'": "'g.25726.CDS.1040'"
  },
  {
    "'g.25726.CDS.991'": "'g.25726.CDS.1043'"
  },
  {
    "'g.25726.CDS.991'": "'g.25726.CDS.1049'"
  },
  {
    "'g.25726.CDS.991'": "'g.25726.CDS.1063'"
  },
  {
    "'g.25726.CDS.991'": "'g.25726.CDS.107'"
  },
  {
    "'g.25726.CDS.991'": "'g.25726.CDS.1073'"
  },
  {
    "'g.25726.CDS.991'": "'g.25726.CDS.1134'"
  },
  {
    "'g.25726.CDS.991'": "'g.25726.CDS.1231'"
  },
  {
    "'g.25726.CDS.991'": "'g.25726.CDS.1308'"
  },
  {
    "'g.25726.CDS.991'": "'g.25726.CDS.1311'"
  },
  {
    "'g.25726.CDS.991'": "'g.25726.CDS.1369'"
  },
  {
    "'g.25726.CDS.991'": "'g.25726.CDS.1414'"
  },
  {
    "'g.25726.CDS.991'": "'g.25726.CDS.1531'"
  },
  {
    "'g.25726.CDS.991'": "'g.25726.CDS.1537'"
  },
  {
    "'g.25726.CDS.991'": "'g.25726.CDS.1587'"
  },
  {
    "'g.25726.CDS.991'": "'g.25726.CDS.1790'"
  },
  {
    "'g.25726.CDS.991'": "'g.25726.CDS.1854'"
  },
  {
    "'g.25726.CDS.991'": "'g.25726.CDS.1972'"
  },
  {
    "'g.25726.CDS.991'": "'g.25726.CDS.1988'"
  },
  {
    "'g.25726.CDS.991'": "'g.25726.CDS.2002'"
  },
  {
    "'g.25726.CDS.991'": "'g.25726.CDS.2031'"
  },
  {
    "'g.25726.CDS.991'": "'g.25726.CDS.2059'"
  },
  {
    "'g.25726.CDS.991'": "'g.25726.CDS.2119'"
  },
  {
    "'g.25726.CDS.991'": "'g.25726.CDS.2122'"
  },
  {
    "'g.25726.CDS.991'": "'g.25726.CDS.2154'"
  },
  {
    "'g.25726.CDS.991'": "'g.25726.CDS.2173'"
  },
  {
    "'g.25726.CDS.991'": "'g.25726.CDS.2206'"
  },
  {
    "'g.25726.CDS.991'": "'g.25726.CDS.2250'"
  },
  {
    "'g.25726.CDS.991'": "'g.25726.CDS.2301'"
  },
  {
    "'g.25726.CDS.991'": "'g.25726.CDS.2323'"
  },
  {
    "'g.25726.CDS.991'": "'g.25726.CDS.2345'"
  },
  {
    "'g.25726.CDS.991'": "'g.25726.CDS.2383'"
  },
  {
    "'g.25726.CDS.991'": "'g.25726.CDS.2401'"
  },
  {
    "'g.25726.CDS.991'": "'g.25726.CDS.2440'"
  },
  {
    "'g.25726.CDS.991'": "'g.25726.CDS.2441'"
  },
  {
    "'g.25726.CDS.991'": "'g.25726.CDS.2471'"
  },
  {
    "'g.25726.CDS.991'": "'g.25726.CDS.2473'"
  },
  {
    "'g.25726.CDS.991'": "'g.25726.CDS.2479'"
  },
  {
    "'g.25726.CDS.991'": "'g.25726.CDS.2488'"
  },
  {
    "'g.25726.CDS.991'": "'g.25726.CDS.2494'"
  },
  {
    "'g.25726.CDS.991'": "'g.25726.CDS.2533'"
  },
  {
    "'g.25726.CDS.991'": "'g.25726.CDS.2622'"
  },
  {
    "'g.25726.CDS.991'": "'g.25726.CDS.2629'"
  },
  {
    "'g.25726.CDS.991'": "'g.25726.CDS.2668'"
  },
  {
    "'g.25726.CDS.991'": "'g.25726.CDS.2690'"
  },
  {
    "'g.25726.CDS.991'": "'g.25726.CDS.2716'"
  },
  {
    "'g.25726.CDS.991'": "'g.25726.CDS.2775'"
  },
  {
    "'g.25726.CDS.991'": "'g.25726.CDS.2803'"
  },
  {
    "'g.25726.CDS.991'": "'g.25726.CDS.2804'"
  },
  {
    "'g.25726.CDS.991'": "'g.25726.CDS.2839'"
  },
  {
    "'g.25726.CDS.991'": "'g.25726.CDS.2859'"
  },
  {
    "'g.25726.CDS.991'": "'g.25726.CDS.2872'"
  },
  {
    "'g.25726.CDS.991'": "'g.25726.CDS.2881'"
  },
  {
    "'g.25726.CDS.991'": "'g.25726.CDS.2889'"
  },
  {
    "'g.25726.CDS.991'": "'g.25726.CDS.2959'"
  },
  {
    "'g.25726.CDS.991'": "'g.25726.CDS.3048'"
  },
  {
    "'g.25726.CDS.991'": "'g.25726.CDS.306'"
  },
  {
    "'g.25726.CDS.991'": "'g.25726.CDS.3134'"
  },
  {
    "'g.25726.CDS.991'": "'g.25726.CDS.3170'"
  },
  {
    "'g.25726.CDS.991'": "'g.25726.CDS.439'"
  },
  {
    "'g.25726.CDS.991'": "'g.25726.CDS.563'"
  },
  {
    "'g.25726.CDS.991'": "'g.25726.CDS.586'"
  },
  {
    "'g.25726.CDS.991'": "'g.25726.CDS.663'"
  },
  {
    "'g.25726.CDS.991'": "'g.25726.CDS.856'"
  },
  {
    "'g.25726.CDS.991'": "'g.25726.CDS.982'"
  },
  {
    "'g.25726.CDS.991'": "'g.25726.CDS.1502'"
  },
  {
    "'g.25726.CDS.991'": "'g.25726.CDS.1687'"
  },
  {
    "'g.25726.CDS.991'": "'g.25726.CDS.1698'"
  },
  {
    "'g.25726.CDS.991'": "'g.25726.CDS.1758'"
  },
  {
    "'g.25726.CDS.991'": "'g.25726.CDS.1838'"
  },
  {
    "'g.25726.CDS.991'": "'g.25726.CDS.1970'"
  },
  {
    "'g.25726.CDS.991'": "'g.25726.CDS.2257'"
  },
  {
    "'g.25726.CDS.991'": "'g.25726.CDS.252'"
  },
  {
    "'g.25726.CDS.991'": "'g.25726.CDS.2628'"
  },
  {
    "'g.25726.CDS.991'": "'g.25726.CDS.2650'"
  }
]