[
  {
    "'ECP_0188'": "'ECP_1085'"
  },
  {
    "'ECP_0188'": "'ECP_2362'"
  },
  {
    "'ECP_0188'": "'ECP_0004'"
  },
  {
    "'ECP_0188'": "'ECP_0169'"
  },
  {
    "'ECP_0188'": "'ECP_1086'"
  },
  {
    "'ECP_0188'": "'s0001'"
  },
  {
    "'ECP_0188'": "'ECP_2355'"
  },
  {
    "'ECP_0188'": "'ECP_3341'"
  },
  {
    "'ECP_0188'": "'ECP_3340'"
  },
  {
    "'ECP_0188'": "'ECP_0193'"
  },
  {
    "'ECP_0188'": "'ECP_4172'"
  },
  {
    "'ECP_0188'": "'ECP_2830'"
  },
  {
    "'ECP_0188'": "'ECP_1083'"
  },
  {
    "'ECP_0188'": "'ECP_4170'"
  },
  {
    "'ECP_0188'": "'ECP_3289'"
  },
  {
    "'ECP_0188'": "'ECP_3287'"
  },
  {
    "'ECP_0188'": "'ECP_3288'"
  },
  {
    "'ECP_0188'": "'ECP_4511'"
  },
  {
    "'ECP_0188'": "'ECP_4510'"
  },
  {
    "'ECP_0188'": "'ECP_3450'"
  },
  {
    "'ECP_0188'": "'ECP_1088'"
  },
  {
    "'ECP_0188'": "'ECP_1755'"
  },
  {
    "'ECP_0188'": "'ECP_3451'"
  },
  {
    "'ECP_0188'": "'ECP_2732'"
  },
  {
    "'ECP_0188'": "'ECP_1126'"
  },
  {
    "'ECP_0188'": "'ECP_4422'"
  },
  {
    "'ECP_0188'": "'ECP_3107'"
  },
  {
    "'ECP_0188'": "'ECP_4171'"
  },
  {
    "'ECP_0188'": "'ECP_4219'"
  },
  {
    "'ECP_0188'": "'ECP_0582'"
  },
  {
    "'ECP_0188'": "'ECP_0583'"
  },
  {
    "'ECP_0188'": "'ECP_0788'"
  },
  {
    "'ECP_0188'": "'ECP_4207'"
  },
  {
    "'ECP_0188'": "'ECP_1311'"
  },
  {
    "'ECP_0188'": "'ECP_1312'"
  },
  {
    "'ECP_0188'": "'ECP_0790'"
  },
  {
    "'ECP_0188'": "'ECP_0473'"
  },
  {
    "'ECP_0188'": "'ECP_4173'"
  },
  {
    "'ECP_0188'": "'ECP_3259'"
  },
  {
    "'ECP_0188'": "'ECP_3527'"
  },
  {
    "'ECP_0188'": "'ECP_0139'"
  },
  {
    "'ECP_0188'": "'ECP_4495'"
  },
  {
    "'ECP_0188'": "'ECP_2576'"
  },
  {
    "'ECP_0188'": "'ECP_0939'"
  },
  {
    "'ECP_0188'": "'ECP_2062'"
  },
  {
    "'ECP_0188'": "'ECP_0840'"
  },
  {
    "'ECP_0188'": "'ECP_4067'"
  },
  {
    "'ECP_0188'": "'ECP_4468'"
  },
  {
    "'ECP_0188'": "'ECP_0789'"
  },
  {
    "'ECP_0188'": "'ECP_3283'"
  },
  {
    "'ECP_0188'": "'ECP_3134'"
  },
  {
    "'ECP_0188'": "'ECP_1256'"
  },
  {
    "'ECP_0188'": "'ECP_2600'"
  },
  {
    "'ECP_0188'": "'ECP_2601'"
  },
  {
    "'ECP_0188'": "'ECP_2368'"
  },
  {
    "'ECP_0188'": "'ECP_4256'"
  },
  {
    "'ECP_0188'": "'ECP_0925'"
  },
  {
    "'ECP_0188'": "'ECP_0797'"
  },
  {
    "'ECP_0188'": "'ECP_0795'"
  },
  {
    "'ECP_0188'": "'ECP_0731'"
  },
  {
    "'ECP_0188'": "'ECP_2761'"
  },
  {
    "'ECP_0188'": "'ECP_2851'"
  },
  {
    "'ECP_0188'": "'ECP_4003'"
  },
  {
    "'ECP_0188'": "'ECP_0183'"
  },
  {
    "'ECP_0188'": "'ECP_3136'"
  },
  {
    "'ECP_0188'": "'ECP_0792'"
  },
  {
    "'ECP_0188'": "'ECP_3746'"
  },
  {
    "'ECP_0188'": "'ECP_3964'"
  },
  {
    "'ECP_0188'": "'ECP_0029'"
  },
  {
    "'ECP_0188'": "'ECP_2492'"
  },
  {
    "'ECP_0188'": "'ECP_2354'"
  },
  {
    "'ECP_0188'": "'ECP_3148'"
  },
  {
    "'ECP_0188'": "'ECP_1054'"
  },
  {
    "'ECP_0188'": "'ECP_3264'"
  },
  {
    "'ECP_0188'": "'ECP_3475'"
  },
  {
    "'ECP_0188'": "'ECP_1640'"
  },
  {
    "'ECP_0188'": "'ECP_0480'"
  },
  {
    "'ECP_0188'": "'ECP_0027'"
  },
  {
    "'ECP_0188'": "'ECP_0104'"
  },
  {
    "'ECP_0188'": "'ECP_3967'"
  },
  {
    "'ECP_0188'": "'ECP_1090'"
  },
  {
    "'ECP_0188'": "'ECP_0181'"
  },
  {
    "'ECP_0188'": "'ECP_0479'"
  },
  {
    "'ECP_0188'": "'ECP_1342'"
  },
  {
    "'ECP_0188'": "'ECP_2738'"
  },
  {
    "'ECP_0188'": "'ECP_2737'"
  },
  {
    "'ECP_0188'": "'ECP_0536'"
  },
  {
    "'ECP_0188'": "'ECP_0023'"
  },
  {
    "'ECP_0188'": "'ECP_3929'"
  },
  {
    "'ECP_0188'": "'ECP_0164'"
  },
  {
    "'ECP_0188'": "'ECP_3709'"
  },
  {
    "'ECP_0188'": "'ECP_1420'"
  },
  {
    "'ECP_0188'": "'ECP_3928'"
  },
  {
    "'ECP_0188'": "'ECP_4081'"
  },
  {
    "'ECP_0188'": "'ECP_2351'"
  },
  {
    "'ECP_0188'": "'ECP_4184'"
  },
  {
    "'ECP_0188'": "'ECP_1258'"
  },
  {
    "'ECP_0188'": "'ECP_2422'"
  },
  {
    "'ECP_0188'": "'ECP_2509'"
  },
  {
    "'ECP_0188'": "'ECP_2193'"
  },
  {
    "'ECP_0188'": "'ECP_1330'"
  },
  {
    "'ECP_0188'": "'ECP_4257'"
  },
  {
    "'ECP_0188'": "'ECP_0134'"
  },
  {
    "'ECP_0188'": "'ECP_2063'"
  },
  {
    "'ECP_0188'": "'ECP_2065'"
  },
  {
    "'ECP_0188'": "'ECP_3997'"
  },
  {
    "'ECP_0188'": "'ECP_2141'"
  },
  {
    "'ECP_0188'": "'ECP_0152'"
  },
  {
    "'ECP_0188'": "'ECP_0003'"
  },
  {
    "'ECP_0188'": "'ECP_4223'"
  },
  {
    "'ECP_0188'": "'ECP_2064'"
  },
  {
    "'ECP_0188'": "'ECP_2535'"
  },
  {
    "'ECP_0188'": "'ECP_4000'"
  },
  {
    "'ECP_0188'": "'ECP_1131'"
  },
  {
    "'ECP_0188'": "'ECP_2066'"
  },
  {
    "'ECP_0188'": "'ECP_2068'"
  },
  {
    "'ECP_0188'": "'ECP_1310'"
  },
  {
    "'ECP_0188'": "'ECP_3963'"
  },
  {
    "'ECP_0188'": "'ECP_0075'"
  },
  {
    "'ECP_0188'": "'ECP_0074'"
  },
  {
    "'ECP_0188'": "'ECP_0073'"
  },
  {
    "'ECP_0188'": "'ECP_0076'"
  },
  {
    "'ECP_0188'": "'ECP_0929'"
  },
  {
    "'ECP_0188'": "'ECP_3286'"
  },
  {
    "'ECP_0188'": "'ECP_1263'"
  },
  {
    "'ECP_0188'": "'ECP_0190'"
  },
  {
    "'ECP_0188'": "'ECP_0791'"
  },
  {
    "'ECP_0188'": "'ECP_1084'"
  },
  {
    "'ECP_0188'": "'ECP_2520'"
  },
  {
    "'ECP_0188'": "'ECP_2728'"
  },
  {
    "'ECP_0188'": "'ECP_2729'"
  },
  {
    "'ECP_0188'": "'ECP_2935'"
  },
  {
    "'ECP_0188'": "'ECP_0798'"
  },
  {
    "'ECP_0188'": "'ECP_3731'"
  },
  {
    "'ECP_0188'": "'ECP_0143'"
  },
  {
    "'ECP_0188'": "'ECP_0010'"
  },
  {
    "'ECP_0188'": "'ECP_1061'"
  },
  {
    "'ECP_0188'": "'ECP_0799'"
  },
  {
    "'ECP_0188'": "'ECP_0839'"
  },
  {
    "'ECP_0188'": "'ECP_4155'"
  },
  {
    "'ECP_0188'": "'ECP_2615'"
  },
  {
    "'ECP_0188'": "'ECP_1686'"
  },
  {
    "'ECP_0188'": "'ECP_0669'"
  },
  {
    "'ECP_0188'": "'ECP_0109'"
  },
  {
    "'ECP_0188'": "'argI'"
  },
  {
    "'ECP_0188'": "'ECP_3274'"
  },
  {
    "'ECP_0188'": "'ECP_0918'"
  },
  {
    "'ECP_0188'": "'ECP_1334'"
  },
  {
    "'ECP_0188'": "'ECP_4056'"
  },
  {
    "'ECP_0188'": "'ECP_2350'"
  },
  {
    "'ECP_0188'": "'ECP_3740'"
  },
  {
    "'ECP_0188'": "'ECP_0445'"
  },
  {
    "'ECP_0188'": "'ECP_0142'"
  },
  {
    "'ECP_0188'": "'ECP_0089'"
  },
  {
    "'ECP_0188'": "'ECP_2736'"
  },
  {
    "'ECP_0188'": "'ECP_2566'"
  },
  {
    "'ECP_0188'": "'ECP_0054'"
  },
  {
    "'ECP_0188'": "'ECP_2359'"
  },
  {
    "'ECP_0188'": "'ECP_3263'"
  },
  {
    "'ECP_0188'": "'ECP_3498'"
  },
  {
    "'ECP_0188'": "'ECP_4188'"
  },
  {
    "'ECP_0188'": "'ECP_0432'"
  },
  {
    "'ECP_0188'": "'ECP_3737'"
  },
  {
    "'ECP_0188'": "'ECP_4063'"
  },
  {
    "'ECP_0188'": "'ECP_4218'"
  },
  {
    "'ECP_0188'": "'ECP_2501'"
  },
  {
    "'ECP_0188'": "'ECP_2069'"
  },
  {
    "'ECP_0188'": "'ECP_2490'"
  },
  {
    "'ECP_0188'": "'ECP_2559'"
  },
  {
    "'ECP_0188'": "'ECP_2067'"
  },
  {
    "'ECP_0188'": "'ECP_0919'"
  },
  {
    "'ECP_0188'": "'ECP_4404'"
  },
  {
    "'ECP_0188'": "'ECP_2587'"
  },
  {
    "'ECP_0188'": "'ECP_3732'"
  },
  {
    "'ECP_0188'": "'ECP_0761'"
  },
  {
    "'ECP_0188'": "'ECP_1609'"
  },
  {
    "'ECP_0188'": "'ECP_0474'"
  },
  {
    "'ECP_0188'": "'ECP_2652'"
  },
  {
    "'ECP_0188'": "'ECP_2733'"
  },
  {
    "'ECP_0188'": "'ECP_2734'"
  },
  {
    "'ECP_0188'": "'ECP_2485'"
  },
  {
    "'ECP_0188'": "'ECP_3708'"
  },
  {
    "'ECP_0188'": "'ECP_3459'"
  },
  {
    "'ECP_0188'": "'ECP_4148'"
  },
  {
    "'ECP_0188'": "'ECP_0926'"
  },
  {
    "'ECP_0188'": "'ECP_0174'"
  },
  {
    "'ECP_0188'": "'ECP_4204'"
  },
  {
    "'ECP_0188'": "'ECP_4202'"
  },
  {
    "'ECP_0188'": "'thiI'"
  },
  {
    "'ECP_0188'": "'ECP_4205'"
  },
  {
    "'ECP_0188'": "'ECP_2477'"
  },
  {
    "'ECP_0188'": "'ECP_2840'"
  },
  {
    "'ECP_0188'": "'ECP_0476'"
  },
  {
    "'ECP_0188'": "'ECP_4206'"
  },
  {
    "'ECP_0188'": "'ECP_1308'"
  },
  {
    "'ECP_0188'": "'ECP_1309'"
  },
  {
    "'ECP_0188'": "'ECP_4203'"
  },
  {
    "'ECP_0188'": "'ECP_0187'"
  },
  {
    "'ECP_0188'": "'ECP_0087'"
  },
  {
    "'ECP_0188'": "'ECP_0189'"
  },
  {
    "'ECP_0188'": "'ECP_3276'"
  },
  {
    "'ECP_0188'": "'ECP_0092'"
  },
  {
    "'ECP_0188'": "'ECP_0090'"
  },
  {
    "'ECP_0188'": "'ECP_0093'"
  },
  {
    "'ECP_0188'": "'ECP_4186'"
  },
  {
    "'ECP_0188'": "'ECP_0182'"
  },
  {
    "'ECP_0188'": "'ECP_0088'"
  },
  {
    "'ECP_0188'": "'ECP_0098'"
  },
  {
    "'ECP_0188'": "'ECP_3996'"
  },
  {
    "'ECP_0188'": "'ECP_4210'"
  },
  {
    "'ECP_0188'": "'ECP_0585'"
  }
]