ECSE_1015,ECSE_0242,ECSE_4109
ECSE_4364,ECSE_0785,ECSE_0787
ECSE_4364,ECSE_0785,ECSE_0788
ECSE_4364,ECSE_0786,ECSE_0787
ECSE_4364,ECSE_0786,ECSE_0788
ECSE_4364,ECSE_0116,ECSE_0787
ECSE_4364,ECSE_0116,ECSE_0788
ECSE_0499,ECSE_4658,ECSE_3641
ECSE_0785,ECSE_3182,ECSE_0787
ECSE_0785,ECSE_3182,ECSE_0788
ECSE_0786,ECSE_3182,ECSE_0787
ECSE_0786,ECSE_3182,ECSE_0788
ECSE_0116,ECSE_2838,ECSE_0554
ECSE_0116,ECSE_0554,ECSE_3175
ECSE_0116,ECSE_0554,ECSE_4663
ECSE_0116,ECSE_3182,ECSE_0787
ECSE_0116,ECSE_3182,ECSE_0788
ECSE_0928,ECSE_2838,ECSE_3900
ECSE_0928,ECSE_2838,ECSE_3899
ECSE_2838,ECSE_3168,ECSE_0554
ECSE_2838,ECSE_3167,ECSE_0554
ECSE_2838,ECSE_3166,ECSE_0554
ECSE_2838,ECSE_4300,ECSE_4249
ECSE_2838,ECSE_4249,ECSE_0784
ECSE_2838,ECSE_4249,ECSE_0782
ECSE_2838,ECSE_4249,ECSE_0781
ECSE_2838,ECSE_4249,ECSE_0783
ECSE_2547,ECSE_2676,ECSE_3848
ECSE_4388,ECSE_3647,ECSE_3176
ECSE_0541,ECSE_4300,ECSE_4249
ECSE_0541,ECSE_4249,ECSE_0784
ECSE_0541,ECSE_4249,ECSE_0782
ECSE_0541,ECSE_4249,ECSE_0781
ECSE_0541,ECSE_4249,ECSE_0783
ECSE_0537,ECSE_4300,ECSE_4249
ECSE_0537,ECSE_4249,ECSE_0784
ECSE_0537,ECSE_4249,ECSE_0782
ECSE_0537,ECSE_4249,ECSE_0781
ECSE_0537,ECSE_4249,ECSE_0783
ECSE_4025,ECSE_1950,ECSE_2025
ECSE_4025,ECSE_1950,ECSE_2026
ECSE_4025,ECSE_1950,ECSE_4208
ECSE_4025,ECSE_2025,ECSE_3190
ECSE_4025,ECSE_2026,ECSE_3190
ECSE_4025,ECSE_3190,ECSE_4208
ECSE_4027,ECSE_1950,ECSE_2025
ECSE_4027,ECSE_1950,ECSE_2026
ECSE_4027,ECSE_1950,ECSE_4208
ECSE_4027,ECSE_2025,ECSE_3190
ECSE_4027,ECSE_2026,ECSE_3190
ECSE_4027,ECSE_3190,ECSE_4208
ECSE_4026,ECSE_1950,ECSE_2025
ECSE_4026,ECSE_1950,ECSE_2026
ECSE_4026,ECSE_1950,ECSE_4208
ECSE_4026,ECSE_2025,ECSE_3190
ECSE_4026,ECSE_2026,ECSE_3190
ECSE_4026,ECSE_3190,ECSE_4208
ECSE_4023,ECSE_1950,ECSE_2025
ECSE_4023,ECSE_1950,ECSE_2026
ECSE_4023,ECSE_1950,ECSE_4208
ECSE_4023,ECSE_2025,ECSE_3190
ECSE_4023,ECSE_2026,ECSE_3190
ECSE_4023,ECSE_3190,ECSE_4208
ECSE_4028,ECSE_1950,ECSE_2025
ECSE_4028,ECSE_1950,ECSE_2026
ECSE_4028,ECSE_1950,ECSE_4208
ECSE_4028,ECSE_2025,ECSE_3190
ECSE_4028,ECSE_2026,ECSE_3190
ECSE_4028,ECSE_3190,ECSE_4208
ECSE_4021,ECSE_1950,ECSE_2025
ECSE_4021,ECSE_1950,ECSE_2026
ECSE_4021,ECSE_1950,ECSE_4208
ECSE_4021,ECSE_2025,ECSE_3190
ECSE_4021,ECSE_2026,ECSE_3190
ECSE_4021,ECSE_3190,ECSE_4208
ECSE_4022,ECSE_1950,ECSE_2025
ECSE_4022,ECSE_1950,ECSE_2026
ECSE_4022,ECSE_1950,ECSE_4208
ECSE_4022,ECSE_2025,ECSE_3190
ECSE_4022,ECSE_2026,ECSE_3190
ECSE_4022,ECSE_3190,ECSE_4208
ECSE_4024,ECSE_1950,ECSE_2025
ECSE_4024,ECSE_1950,ECSE_2026
ECSE_4024,ECSE_1950,ECSE_4208
ECSE_4024,ECSE_2025,ECSE_3190
ECSE_4024,ECSE_2026,ECSE_3190
ECSE_4024,ECSE_3190,ECSE_4208
ECSE_4102,ECSE_4548,ECSE_3745
ECSE_4102,ECSE_4548,ECSE_3746
ECSE_4102,ECSE_4548,ECSE_3748
ECSE_4102,ECSE_4548,ECSE_3747
ECSE_4102,ECSE_4548,ECSE_3744
ECSE_0362,ECSE_0969,ECSE_2996
ECSE_0807,ECSE_2885,ECSE_1829
ECSE_4063,ECSE_2871,ECSE_3765
ECSE_1733,ECSE_1732,ECSE_4249
ECSE_1950,ECSE_4300,ECSE_1826
ECSE_1950,ECSE_1826,ECSE_0784
ECSE_1950,ECSE_1826,ECSE_0782
ECSE_1950,ECSE_1826,ECSE_0781
ECSE_1950,ECSE_1826,ECSE_0783
ECSE_3037,ECSE_3666,ECSE_1826
ECSE_2027,ECSE_3705,ECSE_3647
ECSE_3168,ECSE_0554,ECSE_3175
ECSE_3168,ECSE_0554,ECSE_4663
ECSE_3167,ECSE_0554,ECSE_3175
ECSE_3167,ECSE_0554,ECSE_4663
ECSE_3166,ECSE_0554,ECSE_3175
ECSE_3166,ECSE_0554,ECSE_4663
ECSE_3705,ECSE_0820,ECSE_3647
ECSE_3765,ECSE_2495,ECSE_4543
ECSE_3765,ECSE_2496,ECSE_4543
ECSE_3130,ECSE_4300,ECSE_4249
ECSE_3130,ECSE_4249,ECSE_0784
ECSE_3130,ECSE_4249,ECSE_0782
ECSE_3130,ECSE_4249,ECSE_0781
ECSE_3130,ECSE_4249,ECSE_0783
ECSE_3131,ECSE_4300,ECSE_4249
ECSE_3131,ECSE_4249,ECSE_0784
ECSE_3131,ECSE_4249,ECSE_0782
ECSE_3131,ECSE_4249,ECSE_0781
ECSE_3131,ECSE_4249,ECSE_0783
ECSE_3132,ECSE_4300,ECSE_4249
ECSE_3132,ECSE_4249,ECSE_0784
ECSE_3132,ECSE_4249,ECSE_0782
ECSE_3132,ECSE_4249,ECSE_0781
ECSE_3132,ECSE_4249,ECSE_0783
ECSE_4300,ECSE_0554,ECSE_4249
ECSE_4300,ECSE_3175,ECSE_4249
ECSE_4300,ECSE_3190,ECSE_1826
ECSE_4300,ECSE_4249,ECSE_4663
ECSE_4300,ECSE_4249,ECSE_0531
ECSE_3253,ECSE_4299,ECSE_4249
ECSE_0149,ECSE_3657,ECSE_2805
ECSE_0817,ECSE_4206,ECSE_2715
ECSE_0818,ECSE_4206,ECSE_2715
ECSE_4206,ECSE_0816,ECSE_2715
ECSE_0554,ECSE_0961,ECSE_4245
ECSE_0554,ECSE_0961,ECSE_4244
ECSE_0554,ECSE_4249,ECSE_0784
ECSE_0554,ECSE_4249,ECSE_0782
ECSE_0554,ECSE_4249,ECSE_0781
ECSE_0554,ECSE_4249,ECSE_0783
ECSE_1328,ECSE_0899,ECSE_3337
ECSE_3175,ECSE_4249,ECSE_0784
ECSE_3175,ECSE_4249,ECSE_0782
ECSE_3175,ECSE_4249,ECSE_0781
ECSE_3175,ECSE_4249,ECSE_0783
ECSE_3190,ECSE_1826,ECSE_0784
ECSE_3190,ECSE_1826,ECSE_0782
ECSE_3190,ECSE_1826,ECSE_0781
ECSE_3190,ECSE_1826,ECSE_0783
ECSE_4249,ECSE_4663,ECSE_0784
ECSE_4249,ECSE_4663,ECSE_0782
ECSE_4249,ECSE_4663,ECSE_0781
ECSE_4249,ECSE_4663,ECSE_0783
ECSE_4249,ECSE_0784,ECSE_0531
ECSE_4249,ECSE_0782,ECSE_0531
ECSE_4249,ECSE_0781,ECSE_0531
ECSE_4249,ECSE_0783,ECSE_0531
ECSE_4658,ECSE_3641,ECSE_1257
ECSE_2495,ECSE_2928,ECSE_4543
ECSE_2495,ECSE_2929,ECSE_4543
ECSE_2496,ECSE_2928,ECSE_4543
ECSE_2496,ECSE_2929,ECSE_4543
ECSE_2928,ECSE_4543,ECSE_0946
ECSE_2929,ECSE_4543,ECSE_0946
