[
  {
    "'ECOK1_0181'": "'ECOK1_1200'"
  },
  {
    "'ECOK1_0181'": "'ECOK1_2605'"
  },
  {
    "'ECOK1_0181'": "'ECOK1_0004'"
  },
  {
    "'ECOK1_0181'": "'ECOK1_0162'"
  },
  {
    "'ECOK1_0181'": "'ECOK1_1201'"
  },
  {
    "'ECOK1_0181'": "'s0001'"
  },
  {
    "'ECOK1_0181'": "'ECOK1_3667'"
  },
  {
    "'ECOK1_0181'": "'ECOK1_0186'"
  },
  {
    "'ECOK1_0181'": "'ECOK1_3668'"
  },
  {
    "'ECOK1_0181'": "'ECOK1_2549'"
  },
  {
    "'ECOK1_0181'": "'ECOK1_4431'"
  },
  {
    "'ECOK1_0181'": "'ECOK1_3222'"
  },
  {
    "'ECOK1_0181'": "'ECOK1_1198'"
  },
  {
    "'ECOK1_0181'": "'ECOK1_4429'"
  },
  {
    "'ECOK1_0181'": "'ECOK1_4779'"
  },
  {
    "'ECOK1_0181'": "'ECOK1_4778'"
  },
  {
    "'ECOK1_0181'": "'ECOK1_3621'"
  },
  {
    "'ECOK1_0181'": "'ECOK1_3622'"
  },
  {
    "'ECOK1_0181'": "'ECOK1_3620'"
  },
  {
    "'ECOK1_0181'": "'ECOK1_3779'"
  },
  {
    "'ECOK1_0181'": "'ECOK1_1203'"
  },
  {
    "'ECOK1_0181'": "'ECOK1_1929'"
  },
  {
    "'ECOK1_0181'": "'ECOK1_3780'"
  },
  {
    "'ECOK1_0181'": "'ECOK1_3129'"
  },
  {
    "'ECOK1_0181'": "'ECOK1_1239'"
  },
  {
    "'ECOK1_0181'": "'ECOK1_4691'"
  },
  {
    "'ECOK1_0181'": "'ECOK1_3441'"
  },
  {
    "'ECOK1_0181'": "'ECOK1_4430'"
  },
  {
    "'ECOK1_0181'": "'ECOK1_4482'"
  },
  {
    "'ECOK1_0181'": "'ECOK1_0504'"
  },
  {
    "'ECOK1_0181'": "'ECOK1_0505'"
  },
  {
    "'ECOK1_0181'": "'ECOK1_0776'"
  },
  {
    "'ECOK1_0181'": "'ECOK1_4470'"
  },
  {
    "'ECOK1_0181'": "'ECOK1_1475'"
  },
  {
    "'ECOK1_0181'": "'ECOK1_1476'"
  },
  {
    "'ECOK1_0181'": "'ECOK1_0778'"
  },
  {
    "'ECOK1_0181'": "'ECOK1_0394'"
  },
  {
    "'ECOK1_0181'": "'ECOK1_4432'"
  },
  {
    "'ECOK1_0181'": "'ECOK1_3593'"
  },
  {
    "'ECOK1_0181'": "'ECOK1_3858'"
  },
  {
    "'ECOK1_0181'": "'ECOK1_0133'"
  },
  {
    "'ECOK1_0181'": "'ECOK1_4762'"
  },
  {
    "'ECOK1_0181'": "'ECOK1_2919'"
  },
  {
    "'ECOK1_0181'": "'ECOK1_0995'"
  },
  {
    "'ECOK1_0181'": "'ECOK1_2249'"
  },
  {
    "'ECOK1_0181'": "'ECOK1_0829'"
  },
  {
    "'ECOK1_0181'": "'ECOK1_4326'"
  },
  {
    "'ECOK1_0181'": "'ECOK1_4735'"
  },
  {
    "'ECOK1_0181'": "'ECOK1_0777'"
  },
  {
    "'ECOK1_0181'": "'ECOK1_3617'"
  },
  {
    "'ECOK1_0181'": "'ECOK1_3471'"
  },
  {
    "'ECOK1_0181'": "'ECOK1_1361'"
  },
  {
    "'ECOK1_0181'": "'ECOK1_2944'"
  },
  {
    "'ECOK1_0181'": "'ECOK1_2945'"
  },
  {
    "'ECOK1_0181'": "'ECOK1_2611'"
  },
  {
    "'ECOK1_0181'": "'ECOK1_4526'"
  },
  {
    "'ECOK1_0181'": "'ECOK1_0981'"
  },
  {
    "'ECOK1_0181'": "'ECOK1_0785'"
  },
  {
    "'ECOK1_0181'": "'ECOK1_0783'"
  },
  {
    "'ECOK1_0181'": "'ECOK1_0720'"
  },
  {
    "'ECOK1_0181'": "'ECOK1_3154'"
  },
  {
    "'ECOK1_0181'": "'ECOK1_3242'"
  },
  {
    "'ECOK1_0181'": "'ECOK1_4258'"
  },
  {
    "'ECOK1_0181'": "'ECOK1_0176'"
  },
  {
    "'ECOK1_0181'": "'ECOK1_3477'"
  },
  {
    "'ECOK1_0181'": "'ECOK1_0780'"
  },
  {
    "'ECOK1_0181'": "'ECOK1_4090'"
  },
  {
    "'ECOK1_0181'": "'ECOK1_4218'"
  },
  {
    "'ECOK1_0181'": "'ECOK1_0028'"
  },
  {
    "'ECOK1_0181'": "'ECOK1_2786'"
  },
  {
    "'ECOK1_0181'": "'ECOK1_2548'"
  },
  {
    "'ECOK1_0181'": "'ECOK1_3489'"
  },
  {
    "'ECOK1_0181'": "'ECOK1_1170'"
  },
  {
    "'ECOK1_0181'": "'ECOK1_3598'"
  },
  {
    "'ECOK1_0181'": "'ECOK1_3802'"
  },
  {
    "'ECOK1_0181'": "'ECOK1_1813'"
  },
  {
    "'ECOK1_0181'": "'ECOK1_0401'"
  },
  {
    "'ECOK1_0181'": "'ECOK1_0025'"
  },
  {
    "'ECOK1_0181'": "'ECOK1_0103'"
  },
  {
    "'ECOK1_0181'": "'ECOK1_4221'"
  },
  {
    "'ECOK1_0181'": "'ECOK1_1205'"
  },
  {
    "'ECOK1_0181'": "'ECOK1_0174'"
  },
  {
    "'ECOK1_0181'": "'ECOK1_0400'"
  },
  {
    "'ECOK1_0181'": "'ECOK1_1505'"
  },
  {
    "'ECOK1_0181'": "'ECOK1_3135'"
  },
  {
    "'ECOK1_0181'": "'ECOK1_3134'"
  },
  {
    "'ECOK1_0181'": "'ECOK1_0458'"
  },
  {
    "'ECOK1_0181'": "'ECOK1_0021'"
  },
  {
    "'ECOK1_0181'": "'ECOK1_4179'"
  },
  {
    "'ECOK1_0181'": "'ECOK1_0157'"
  },
  {
    "'ECOK1_0181'": "'ECOK1_4052'"
  },
  {
    "'ECOK1_0181'": "'ECOK1_1581'"
  },
  {
    "'ECOK1_0181'": "'ECOK1_4178'"
  },
  {
    "'ECOK1_0181'": "'ECOK1_4341'"
  },
  {
    "'ECOK1_0181'": "'ECOK1_2545'"
  },
  {
    "'ECOK1_0181'": "'ECOK1_4443'"
  },
  {
    "'ECOK1_0181'": "'ECOK1_1363'"
  },
  {
    "'ECOK1_0181'": "'ECOK1_2714'"
  },
  {
    "'ECOK1_0181'": "'ECOK1_2852'"
  },
  {
    "'ECOK1_0181'": "'ECOK1_2384'"
  },
  {
    "'ECOK1_0181'": "'ECOK1_1492'"
  },
  {
    "'ECOK1_0181'": "'ECOK1_4527'"
  },
  {
    "'ECOK1_0181'": "'ECOK1_0128'"
  },
  {
    "'ECOK1_0181'": "'ECOK1_2250'"
  },
  {
    "'ECOK1_0181'": "'ECOK1_2252'"
  },
  {
    "'ECOK1_0181'": "'ECOK1_4252'"
  },
  {
    "'ECOK1_0181'": "'ECOK1_2333'"
  },
  {
    "'ECOK1_0181'": "'ECOK1_0144'"
  },
  {
    "'ECOK1_0181'": "'ECOK1_0003'"
  },
  {
    "'ECOK1_0181'": "'ECOK1_4490'"
  },
  {
    "'ECOK1_0181'": "'ECOK1_2251'"
  },
  {
    "'ECOK1_0181'": "'ECOK1_2879'"
  },
  {
    "'ECOK1_0181'": "'ECOK1_4254'"
  },
  {
    "'ECOK1_0181'": "'ECOK1_1245'"
  },
  {
    "'ECOK1_0181'": "'ECOK1_2253'"
  },
  {
    "'ECOK1_0181'": "'ECOK1_2255'"
  },
  {
    "'ECOK1_0181'": "'ECOK1_1474'"
  },
  {
    "'ECOK1_0181'": "'ECOK1_4217'"
  },
  {
    "'ECOK1_0181'": "'ECOK1_0074'"
  },
  {
    "'ECOK1_0181'": "'ECOK1_0073'"
  },
  {
    "'ECOK1_0181'": "'ECOK1_0072'"
  },
  {
    "'ECOK1_0181'": "'ECOK1_0075'"
  },
  {
    "'ECOK1_0181'": "'ECOK1_0985'"
  },
  {
    "'ECOK1_0181'": "'ECOK1_3619'"
  },
  {
    "'ECOK1_0181'": "'ECOK1_1368'"
  },
  {
    "'ECOK1_0181'": "'ECOK1_0183'"
  },
  {
    "'ECOK1_0181'": "'ECOK1_0779'"
  },
  {
    "'ECOK1_0181'": "'ECOK1_1199'"
  },
  {
    "'ECOK1_0181'": "'ECOK1_2863'"
  },
  {
    "'ECOK1_0181'": "'ECOK1_3125'"
  },
  {
    "'ECOK1_0181'": "'ECOK1_3126'"
  },
  {
    "'ECOK1_0181'": "'ECOK1_3330'"
  },
  {
    "'ECOK1_0181'": "'ECOK1_0786'"
  },
  {
    "'ECOK1_0181'": "'ECOK1_4074'"
  },
  {
    "'ECOK1_0181'": "'ECOK1_0136'"
  },
  {
    "'ECOK1_0181'": "'ECOK1_0009'"
  },
  {
    "'ECOK1_0181'": "'ECOK1_1177'"
  },
  {
    "'ECOK1_0181'": "'ECOK1_0787'"
  },
  {
    "'ECOK1_0181'": "'ECOK1_0828'"
  },
  {
    "'ECOK1_0181'": "'ECOK1_4414'"
  },
  {
    "'ECOK1_0181'": "'ECOK1_2960'"
  },
  {
    "'ECOK1_0181'": "'ECOK1_1860'"
  },
  {
    "'ECOK1_0181'": "'ECOK1_0649'"
  },
  {
    "'ECOK1_0181'": "'ECOK1_0108'"
  },
  {
    "'ECOK1_0181'": "'ECOK1_4771'"
  },
  {
    "'ECOK1_0181'": "'ECOK1_3608'"
  },
  {
    "'ECOK1_0181'": "'ECOK1_0974'"
  },
  {
    "'ECOK1_0181'": "'ECOK1_1497'"
  },
  {
    "'ECOK1_0181'": "'ECOK1_2544'"
  },
  {
    "'ECOK1_0181'": "'ECOK1_4312'"
  },
  {
    "'ECOK1_0181'": "'ECOK1_4083'"
  },
  {
    "'ECOK1_0181'": "'ECOK1_0365'"
  },
  {
    "'ECOK1_0181'": "'ECOK1_0135'"
  },
  {
    "'ECOK1_0181'": "'ECOK1_0088'"
  },
  {
    "'ECOK1_0181'": "'ECOK1_3133'"
  },
  {
    "'ECOK1_0181'": "'ECOK1_0053'"
  },
  {
    "'ECOK1_0181'": "'ECOK1_2908'"
  },
  {
    "'ECOK1_0181'": "'ECOK1_2553'"
  },
  {
    "'ECOK1_0181'": "'ECOK1_3597'"
  },
  {
    "'ECOK1_0181'": "'ECOK1_3826'"
  },
  {
    "'ECOK1_0181'": "'ECOK1_4450'"
  },
  {
    "'ECOK1_0181'": "'ECOK1_0351'"
  },
  {
    "'ECOK1_0181'": "'ECOK1_4080'"
  },
  {
    "'ECOK1_0181'": "'ECOK1_4319'"
  },
  {
    "'ECOK1_0181'": "'ECOK1_4480'"
  },
  {
    "'ECOK1_0181'": "'ECOK1_2795'"
  },
  {
    "'ECOK1_0181'": "'ECOK1_2256'"
  },
  {
    "'ECOK1_0181'": "'ECOK1_2784'"
  },
  {
    "'ECOK1_0181'": "'ECOK1_2901'"
  },
  {
    "'ECOK1_0181'": "'ECOK1_2254'"
  },
  {
    "'ECOK1_0181'": "'ECOK1_0975'"
  },
  {
    "'ECOK1_0181'": "'ECOK1_4674'"
  },
  {
    "'ECOK1_0181'": "'ECOK1_2929'"
  },
  {
    "'ECOK1_0181'": "'ECOK1_4075'"
  },
  {
    "'ECOK1_0181'": "'ECOK1_0750'"
  },
  {
    "'ECOK1_0181'": "'ECOK1_1782'"
  },
  {
    "'ECOK1_0181'": "'ECOK1_0395'"
  },
  {
    "'ECOK1_0181'": "'ECOK1_3057'"
  },
  {
    "'ECOK1_0181'": "'ECOK1_3130'"
  },
  {
    "'ECOK1_0181'": "'ECOK1_3131'"
  },
  {
    "'ECOK1_0181'": "'ECOK1_2779'"
  },
  {
    "'ECOK1_0181'": "'ECOK1_4051'"
  },
  {
    "'ECOK1_0181'": "'ECOK1_3787'"
  },
  {
    "'ECOK1_0181'": "'ECOK1_4407'"
  },
  {
    "'ECOK1_0181'": "'ECOK1_0982'"
  },
  {
    "'ECOK1_0181'": "'ECOK1_0167'"
  },
  {
    "'ECOK1_0181'": "'ECOK1_4467'"
  },
  {
    "'ECOK1_0181'": "'ECOK1_0403'"
  },
  {
    "'ECOK1_0181'": "'ECOK1_4468'"
  },
  {
    "'ECOK1_0181'": "'ECOK1_4465'"
  },
  {
    "'ECOK1_0181'": "'ECOK1_2771'"
  },
  {
    "'ECOK1_0181'": "'ECOK1_3231'"
  },
  {
    "'ECOK1_0181'": "'ECOK1_0397'"
  },
  {
    "'ECOK1_0181'": "'ECOK1_4469'"
  },
  {
    "'ECOK1_0181'": "'ECOK1_1473'"
  },
  {
    "'ECOK1_0181'": "'ECOK1_1472'"
  },
  {
    "'ECOK1_0181'": "'ECOK1_4466'"
  },
  {
    "'ECOK1_0181'": "'ECOK1_0180'"
  },
  {
    "'ECOK1_0181'": "'ECOK1_0086'"
  },
  {
    "'ECOK1_0181'": "'ECOK1_0182'"
  },
  {
    "'ECOK1_0181'": "'ECOK1_3610'"
  },
  {
    "'ECOK1_0181'": "'ECOK1_0091'"
  },
  {
    "'ECOK1_0181'": "'ECOK1_0089'"
  },
  {
    "'ECOK1_0181'": "'ECOK1_0092'"
  },
  {
    "'ECOK1_0181'": "'ECOK1_4448'"
  },
  {
    "'ECOK1_0181'": "'ECOK1_0175'"
  },
  {
    "'ECOK1_0181'": "'ECOK1_0087'"
  },
  {
    "'ECOK1_0181'": "'ECOK1_0097'"
  },
  {
    "'ECOK1_0181'": "'ECOK1_4251'"
  },
  {
    "'ECOK1_0181'": "'ECOK1_4473'"
  },
  {
    "'ECOK1_0181'": "'ECOK1_0507'"
  }
]