'23DHMPO','KARA2'
'26DAPt2r','ASAD'
'26DAPt2r','ASPKi'
'26DAPt2r','DAPE'
'26DAPt2r','DHDPRy'
'26DAPt2r','DHDPS'
'2AHBUTI','KARA2'
'3HAD100','AACPS7'
'3HAD100','DDCAt'
'3HAD100','EX_ddca(e)'
'3HAD120','AACPS7'
'3HAD120','DDCAt'
'3HAD120','EX_ddca(e)'
'3HAD140','EX_ttdca(e)'
'3HAD140','FACOAL140'
'3HAD140','TDCOATA'
'3HAD180','EX_ocdca(e)'
'3HAD40','AACPS7'
'3HAD40','DDCAt'
'3HAD40','EX_ddca(e)'
'3HAD60','AACPS7'
'3HAD60','DDCAt'
'3HAD60','EX_ddca(e)'
'3HAD80','AACPS7'
'3HAD80','DDCAt'
'3HAD80','EX_ddca(e)'
'3OAR100','AACPS7'
'3OAR100','DDCAt'
'3OAR100','EX_ddca(e)'
'3OAR120','AACPS7'
'3OAR120','DDCAt'
'3OAR120','EX_ddca(e)'
'3OAR140','KAS16'
'3OAR180','EX_ocdca(e)'
'3OAR40','AACPS7'
'3OAR40','DDCAt'
'3OAR40','EX_ddca(e)'
'3OAR60','AACPS7'
'3OAR60','DDCAt'
'3OAR60','EX_ddca(e)'
'3OAR80','AACPS7'
'3OAR80','DDCAt'
'3OAR80','EX_ddca(e)'
'3OAS100','AACPS7'
'3OAS100','DDCAt'
'3OAS100','EX_ddca(e)'
'3OAS120','AACPS7'
'3OAS120','DDCAt'
'3OAS120','EX_ddca(e)'
'3OAS140','KAS16'
'3OAS180','EX_ocdca(e)'
'3OAS60','AACPS7'
'3OAS60','DDCAt'
'3OAS60','EX_ddca(e)'
'3OAS80','AACPS7'
'3OAS80','DDCAt'
'3OAS80','EX_ddca(e)'
'AACPS7','ACOATA'
'AACPS7','EAR100x'
'AACPS7','EAR120x'
'AACPS7','EAR40x'
'AACPS7','EAR60x'
'AACPS7','EAR80x'
'AACPS7','KAS14'
'ACOAAGPAT180','AGPAT180'
'ACOATA','DDCAt'
'ACOATA','EX_ddca(e)'
'ADEt2r','ADSL2r'
'ADEt2r','AICART'
'ADEt2r','AIRC4'
'ADEt2r','GARFTi'
'ADEt2r','GLUPRT'
'ADEt2r','IMPC'
'ADEt2r','PRAGS'
'ADEt2r','PRAIS'
'ADEt2r','PRASCSi'
'ADEt2r','PRFGS'
'ADK10','NDPK4'
'ADK3','NDPK1'
'ADPT','ADSL1r'
'ADPT','ADSL2r'
'ADPT','ADSS'
'ADPT','AICART'
'ADPT','AIRC4'
'ADPT','GARFTi'
'ADPT','GLUPRT'
'ADPT','IMPC'
'ADPT','PRAGS'
'ADPT','PRAIS'
'ADPT','PRASCSi'
'ADPT','PRFGS'
'ADSL2r','EX_ade(e)'
'AHSERL3','CYSTGL'
'AHSERL3','CYSTS'
'AICART','DADNt2r'
'AICART','DGSNt2r'
'AICART','EX_ade(e)'
'AICART','EX_dad_2(e)'
'AICART','EX_dgsn(e)'
'AICART','GUAPRT'
'AICART','PUNP2'
'AICART','PUNP4'
'AIRC4','EX_ade(e)'
'ALACI','KARA1'
'ALAR','ALATA_D'
'ALAR','GLUR'
'ALATA_D','GLUR'
'ANS','ANS2'
'ASAD','EX_26dap_M(e)'
'ASPCT','EX_ura(e)'
'ASPCT','UPPRT'
'ASPCT','URAt2'
'ASPKi','EX_26dap_M(e)'
'CHORM','TALA'
'CHORM','TKT1'
'CTPS1','CTPS2'
'CYSS3r','CYSTGL'
'CYSS3r','CYSTS'
'CYSTGL','HSERTA'
'CYSTGL','SERATi'
'CYSTS','HSERTA'
'CYSTS','SERATi'
'DADNt2r','GMPS2'
'DADNt2r','IMPC'
'DADNt2r','IMPD'
'DAPDC','EX_lys_L(e)'
'DAPE','EX_26dap_M(e)'
'DDCAt','EAR100x'
'DDCAt','EAR120x'
'DDCAt','EAR40x'
'DDCAt','EAR60x'
'DDCAt','EAR80x'
'DDCAt','KAS14'
'DGSNt2r','GMPS2'
'DGSNt2r','IMPC'
'DGSNt2r','IMPD'
'DHDPRy','EX_26dap_M(e)'
'DHDPS','EX_26dap_M(e)'
'DHORTS','EX_ura(e)'
'DHORTS','UPPRT'
'DHORTS','URAt2'
'DMPPS','DMPPS2r'
'EAR100x','EX_ddca(e)'
'EAR120x','EX_ddca(e)'
'EAR140x','EX_ttdca(e)'
'EAR140x','FACOAL140'
'EAR140x','TDCOATA'
'EAR180x','EX_ocdca(e)'
'EAR40x','EX_ddca(e)'
'EAR60x','EX_ddca(e)'
'EAR80x','EX_ddca(e)'
'EX_ade(e)','GARFTi'
'EX_ade(e)','GLUPRT'
'EX_ade(e)','IMPC'
'EX_ade(e)','PRAGS'
'EX_ade(e)','PRAIS'
'EX_ade(e)','PRASCSi'
'EX_ade(e)','PRFGS'
'EX_dad_2(e)','GMPS2'
'EX_dad_2(e)','IMPC'
'EX_dad_2(e)','IMPD'
'EX_ddca(e)','KAS14'
'EX_dgsn(e)','GMPS2'
'EX_dgsn(e)','IMPC'
'EX_dgsn(e)','IMPD'
'EX_for(e)','GHMT2r'
'EX_for(e)','PGCDr'
'EX_for(e)','PSERT'
'EX_for(e)','PSP_L'
'EX_glypro(e)','EX_pro_L(e)'
'EX_glypro(e)','PROt4r'
'EX_pro_L(e)','GLYPROPRO1c'
'EX_pro_L(e)','GLYPROabc'
'EX_ura(e)','OMPDC'
'EX_ura(e)','OROTPT'
'FORt2r','GHMT2r'
'FORt2r','PGCDr'
'FORt2r','PSERT'
'FORt2r','PSP_L'
'FTHFL','GHMT2r'
'FTHFL','MTHFC'
'FTHFL','PGCDr'
'FTHFL','PSERT'
'FTHFL','PSP_L'
'G3PAT180','SGAT'
'G3PD1','G3PD2'
'G6PI','PGI'
'G6PI3','PGI'
'GHMT2r','MTHFC'
'GHMT2r','PGCDr'
'GHMT2r','PSERT'
'GHMT2r','PSP_L'
'GK1','GK2'
'GLYPROPRO1c','PROt4r'
'GLYPROabc','PROt4r'
'GMPS2','GUAPRT'
'GMPS2','PUNP2'
'GMPS2','PUNP4'
'GUAPRT','IMPC'
'GUAPRT','IMPD'
'IMPC','PUNP2'
'IMPC','PUNP4'
'IMPD','PUNP2'
'IMPD','PUNP4'
'IPDPS','IPDPS2'
'KARA1','KARA3'
'METFR','r0792'
'MG2abc','MGt5'
'MTHFC','PGCDr'
'MTHFC','PSERT'
'MTHFC','PSP_L'
'NADK','NADK2'
'NADS1','NADS2'
'NDPK2','UTPATPT'
'OMPDC','UPPRT'
'OMPDC','URAt2'
'OROTPT','UPPRT'
'OROTPT','URAt2'
'PPNCL3','r0671'
'RNDR1','RNTR1'
'RNDR2','RNTR2'
'RNDR3','RNTR3'
'TALA','TKT1'
'TRPS1','TRPS2'
'TRPS1','TRPS3'
