[
  {
    "'ECUMN_0177'": "'ECUMN_1268'"
  },
  {
    "'ECUMN_0177'": "'ECUMN_2663'"
  },
  {
    "'ECUMN_0177'": "'ECUMN_0004'"
  },
  {
    "'ECUMN_0177'": "'ECUMN_0157'"
  },
  {
    "'ECUMN_0177'": "'ECUMN_1269'"
  },
  {
    "'ECUMN_0177'": "'s0001'"
  },
  {
    "'ECUMN_0177'": "'ECUMN_3729'"
  },
  {
    "'ECUMN_0177'": "'ECUMN_3730'"
  },
  {
    "'ECUMN_0177'": "'ECUMN_2656'"
  },
  {
    "'ECUMN_0177'": "'ECUMN_0182'"
  },
  {
    "'ECUMN_0177'": "'ECUMN_4490'"
  },
  {
    "'ECUMN_0177'": "'ECUMN_3145'"
  },
  {
    "'ECUMN_0177'": "'ECUMN_1266'"
  },
  {
    "'ECUMN_0177'": "'ECUMN_4488'"
  },
  {
    "'ECUMN_0177'": "'ECUMN_3680'"
  },
  {
    "'ECUMN_0177'": "'ECUMN_4794'"
  },
  {
    "'ECUMN_0177'": "'ECUMN_3679'"
  },
  {
    "'ECUMN_0177'": "'ECUMN_3681'"
  },
  {
    "'ECUMN_0177'": "'ECUMN_4793'"
  },
  {
    "'ECUMN_0177'": "'ECUMN_3822'"
  },
  {
    "'ECUMN_0177'": "'ECUMN_1273'"
  },
  {
    "'ECUMN_0177'": "'ECUMN_3823'"
  },
  {
    "'ECUMN_0177'": "'ECUMN_2104'"
  },
  {
    "'ECUMN_0177'": "'ECUMN_3074'"
  },
  {
    "'ECUMN_0177'": "'ECUMN_1375'"
  },
  {
    "'ECUMN_0177'": "'ECUMN_4710'"
  },
  {
    "'ECUMN_0177'": "'ECUMN_3501'"
  },
  {
    "'ECUMN_0177'": "'ECUMN_4489'"
  },
  {
    "'ECUMN_0177'": "'ECUMN_4530'"
  },
  {
    "'ECUMN_0177'": "'ECUMN_0562'"
  },
  {
    "'ECUMN_0177'": "'ECUMN_0563'"
  },
  {
    "'ECUMN_0177'": "'ECUMN_0916'"
  },
  {
    "'ECUMN_0177'": "'ECUMN_4518'"
  },
  {
    "'ECUMN_0177'": "'ECUMN_1562'"
  },
  {
    "'ECUMN_0177'": "'ECUMN_1563'"
  },
  {
    "'ECUMN_0177'": "'ECUMN_0918'"
  },
  {
    "'ECUMN_0177'": "'ECUMN_0452'"
  },
  {
    "'ECUMN_0177'": "'ECUMN_4491'"
  },
  {
    "'ECUMN_0177'": "'ECUMN_3653'"
  },
  {
    "'ECUMN_0177'": "'ECUMN_3897'"
  },
  {
    "'ECUMN_0177'": "'ECUMN_0129'"
  },
  {
    "'ECUMN_0177'": "'ECUMN_4778'"
  },
  {
    "'ECUMN_0177'": "'ECUMN_1122'"
  },
  {
    "'ECUMN_0177'": "'ECUMN_2361'"
  },
  {
    "'ECUMN_0177'": "'ECUMN_1015'"
  },
  {
    "'ECUMN_0177'": "'ECUMN_4381'"
  },
  {
    "'ECUMN_0177'": "'ECUMN_4751'"
  },
  {
    "'ECUMN_0177'": "'ECUMN_0917'"
  },
  {
    "'ECUMN_0177'": "'ECUMN_3676'"
  },
  {
    "'ECUMN_0177'": "'ECUMN_3527'"
  },
  {
    "'ECUMN_0177'": "'ECUMN_1505'"
  },
  {
    "'ECUMN_0177'": "'ECUMN_2925'"
  },
  {
    "'ECUMN_0177'": "'ECUMN_2924'"
  },
  {
    "'ECUMN_0177'": "'ECUMN_2669'"
  },
  {
    "'ECUMN_0177'": "'ECUMN_4573'"
  },
  {
    "'ECUMN_0177'": "'ECUMN_1107'"
  },
  {
    "'ECUMN_0177'": "'ECUMN_0924'"
  },
  {
    "'ECUMN_0177'": "'ECUMN_0926'"
  },
  {
    "'ECUMN_0177'": "'ECUMN_0798'"
  },
  {
    "'ECUMN_0177'": "'ECUMN_3111'"
  },
  {
    "'ECUMN_0177'": "'ECUMN_3166'"
  },
  {
    "'ECUMN_0177'": "'ECUMN_4334'"
  },
  {
    "'ECUMN_0177'": "'ECUMN_0172'"
  },
  {
    "'ECUMN_0177'": "'ECUMN_3529'"
  },
  {
    "'ECUMN_0177'": "'ECUMN_0920'"
  },
  {
    "'ECUMN_0177'": "'ECUMN_4164'"
  },
  {
    "'ECUMN_0177'": "'ECUMN_4297'"
  },
  {
    "'ECUMN_0177'": "'ECUMN_0032'"
  },
  {
    "'ECUMN_0177'": "'ECUMN_2791'"
  },
  {
    "'ECUMN_0177'": "'ECUMN_2655'"
  },
  {
    "'ECUMN_0177'": "'ECUMN_3541'"
  },
  {
    "'ECUMN_0177'": "'ECUMN_1236'"
  },
  {
    "'ECUMN_0177'": "'ECUMN_3657'"
  },
  {
    "'ECUMN_0177'": "'ECUMN_3847'"
  },
  {
    "'ECUMN_0177'": "'ECUMN_1982'"
  },
  {
    "'ECUMN_0177'": "'ECUMN_0460'"
  },
  {
    "'ECUMN_0177'": "'ECUMN_0030'"
  },
  {
    "'ECUMN_0177'": "'ECUMN_0101'"
  },
  {
    "'ECUMN_0177'": "'ECUMN_4300'"
  },
  {
    "'ECUMN_0177'": "'ECUMN_1275'"
  },
  {
    "'ECUMN_0177'": "'ECUMN_0170'"
  },
  {
    "'ECUMN_0177'": "'ECUMN_0459'"
  },
  {
    "'ECUMN_0177'": "'ECUMN_1592'"
  },
  {
    "'ECUMN_0177'": "'ECUMN_3092'"
  },
  {
    "'ECUMN_0177'": "'ECUMN_3091'"
  },
  {
    "'ECUMN_0177'": "'ECUMN_0514'"
  },
  {
    "'ECUMN_0177'": "'ECUMN_0025'"
  },
  {
    "'ECUMN_0177'": "'ECUMN_4260'"
  },
  {
    "'ECUMN_0177'": "'ECUMN_0151'"
  },
  {
    "'ECUMN_0177'": "'ECUMN_4125'"
  },
  {
    "'ECUMN_0177'": "'ECUMN_1663'"
  },
  {
    "'ECUMN_0177'": "'ECUMN_4259'"
  },
  {
    "'ECUMN_0177'": "'ECUMN_2652'"
  },
  {
    "'ECUMN_0177'": "'ECUMN_4498'"
  },
  {
    "'ECUMN_0177'": "'ECUMN_1507'"
  },
  {
    "'ECUMN_0177'": "'ECUMN_2727'"
  },
  {
    "'ECUMN_0177'": "'ECUMN_2823'"
  },
  {
    "'ECUMN_0177'": "'ECUMN_2487'"
  },
  {
    "'ECUMN_0177'": "'ECUMN_1579'"
  },
  {
    "'ECUMN_0177'": "'ECUMN_4574'"
  },
  {
    "'ECUMN_0177'": "'ECUMN_2362'"
  },
  {
    "'ECUMN_0177'": "'ECUMN_2364'"
  },
  {
    "'ECUMN_0177'": "'ECUMN_4329'"
  },
  {
    "'ECUMN_0177'": "'ECUMN_2435'"
  },
  {
    "'ECUMN_0177'": "'ECUMN_0139'"
  },
  {
    "'ECUMN_0177'": "'ECUMN_0003'"
  },
  {
    "'ECUMN_0177'": "'ECUMN_4539'"
  },
  {
    "'ECUMN_0177'": "'ECUMN_2363'"
  },
  {
    "'ECUMN_0177'": "'ECUMN_2850'"
  },
  {
    "'ECUMN_0177'": "'ECUMN_4331'"
  },
  {
    "'ECUMN_0177'": "'ECUMN_1380'"
  },
  {
    "'ECUMN_0177'": "'ECUMN_2367'"
  },
  {
    "'ECUMN_0177'": "'ECUMN_2365'"
  },
  {
    "'ECUMN_0177'": "'ECUMN_1561'"
  },
  {
    "'ECUMN_0177'": "'ECUMN_4296'"
  },
  {
    "'ECUMN_0177'": "'ECUMN_0075'"
  },
  {
    "'ECUMN_0177'": "'ECUMN_0073'"
  },
  {
    "'ECUMN_0177'": "'ECUMN_0074'"
  },
  {
    "'ECUMN_0177'": "'ECUMN_0076'"
  },
  {
    "'ECUMN_0177'": "'ECUMN_1111'"
  },
  {
    "'ECUMN_0177'": "'ECUMN_3678'"
  },
  {
    "'ECUMN_0177'": "'ECUMN_1512'"
  },
  {
    "'ECUMN_0177'": "'ECUMN_0179'"
  },
  {
    "'ECUMN_0177'": "'ECUMN_0919'"
  },
  {
    "'ECUMN_0177'": "'ECUMN_1267'"
  },
  {
    "'ECUMN_0177'": "'ECUMN_2835'"
  },
  {
    "'ECUMN_0177'": "'ECUMN_3070'"
  },
  {
    "'ECUMN_0177'": "'ECUMN_3071'"
  },
  {
    "'ECUMN_0177'": "'ECUMN_3294'"
  },
  {
    "'ECUMN_0177'": "'ECUMN_0927'"
  },
  {
    "'ECUMN_0177'": "'ECUMN_4147'"
  },
  {
    "'ECUMN_0177'": "'ECUMN_0132'"
  },
  {
    "'ECUMN_0177'": "'ECUMN_0010'"
  },
  {
    "'ECUMN_0177'": "'ECUMN_1243'"
  },
  {
    "'ECUMN_0177'": "'ECUMN_0928'"
  },
  {
    "'ECUMN_0177'": "'ECUMN_1014'"
  },
  {
    "'ECUMN_0177'": "'ECUMN_4473'"
  },
  {
    "'ECUMN_0177'": "'ECUMN_2939'"
  },
  {
    "'ECUMN_0177'": "'ECUMN_2029'"
  },
  {
    "'ECUMN_0177'": "'ECUMN_1125'"
  },
  {
    "'ECUMN_0177'": "'ECUMN_0733'"
  },
  {
    "'ECUMN_0177'": "'ECUMN_4786'"
  },
  {
    "'ECUMN_0177'": "'ECUMN_3667'"
  },
  {
    "'ECUMN_0177'": "'ECUMN_1100'"
  },
  {
    "'ECUMN_0177'": "'ECUMN_1584'"
  },
  {
    "'ECUMN_0177'": "'ECUMN_4367'"
  },
  {
    "'ECUMN_0177'": "'ECUMN_2651'"
  },
  {
    "'ECUMN_0177'": "'ECUMN_4157'"
  },
  {
    "'ECUMN_0177'": "'ECUMN_0424'"
  },
  {
    "'ECUMN_0177'": "'ECUMN_0131'"
  },
  {
    "'ECUMN_0177'": "'ECUMN_0087'"
  },
  {
    "'ECUMN_0177'": "'ECUMN_3090'"
  },
  {
    "'ECUMN_0177'": "'ECUMN_0054'"
  },
  {
    "'ECUMN_0177'": "'ECUMN_2885'"
  },
  {
    "'ECUMN_0177'": "'ECUMN_2660'"
  },
  {
    "'ECUMN_0177'": "'ECUMN_3656'"
  },
  {
    "'ECUMN_0177'": "'ECUMN_3871'"
  },
  {
    "'ECUMN_0177'": "'ECUMN_4500'"
  },
  {
    "'ECUMN_0177'": "'ECUMN_0409'"
  },
  {
    "'ECUMN_0177'": "'ECUMN_4154'"
  },
  {
    "'ECUMN_0177'": "'ECUMN_4374'"
  },
  {
    "'ECUMN_0177'": "'ECUMN_4529'"
  },
  {
    "'ECUMN_0177'": "'ECUMN_2813'"
  },
  {
    "'ECUMN_0177'": "'ECUMN_2368'"
  },
  {
    "'ECUMN_0177'": "'ECUMN_2789'"
  },
  {
    "'ECUMN_0177'": "'ECUMN_2877'"
  },
  {
    "'ECUMN_0177'": "'ECUMN_2366'"
  },
  {
    "'ECUMN_0177'": "'ECUMN_1101'"
  },
  {
    "'ECUMN_0177'": "'ECUMN_4694'"
  },
  {
    "'ECUMN_0177'": "'ECUMN_2911'"
  },
  {
    "'ECUMN_0177'": "'ECUMN_4148'"
  },
  {
    "'ECUMN_0177'": "'ECUMN_1952'"
  },
  {
    "'ECUMN_0177'": "'ECUMN_0453'"
  },
  {
    "'ECUMN_0177'": "'ECUMN_3012'"
  },
  {
    "'ECUMN_0177'": "'ECUMN_3076'"
  },
  {
    "'ECUMN_0177'": "'ECUMN_3075'"
  },
  {
    "'ECUMN_0177'": "'ECUMN_2784'"
  },
  {
    "'ECUMN_0177'": "'ECUMN_4124'"
  },
  {
    "'ECUMN_0177'": "'ECUMN_3831'"
  },
  {
    "'ECUMN_0177'": "'ECUMN_4469'"
  },
  {
    "'ECUMN_0177'": "'ECUMN_1108'"
  },
  {
    "'ECUMN_0177'": "'ECUMN_0162'"
  },
  {
    "'ECUMN_0177'": "'ECUMN_4515'"
  },
  {
    "'ECUMN_0177'": "'ECUMN_4516'"
  },
  {
    "'ECUMN_0177'": "'ECUMN_4513'"
  },
  {
    "'ECUMN_0177'": "'ECUMN_0462'"
  },
  {
    "'ECUMN_0177'": "'ECUMN_2777'"
  },
  {
    "'ECUMN_0177'": "'ECUMN_3154'"
  },
  {
    "'ECUMN_0177'": "'ECUMN_0455'"
  },
  {
    "'ECUMN_0177'": "'ECUMN_4517'"
  },
  {
    "'ECUMN_0177'": "'ECUMN_1559'"
  },
  {
    "'ECUMN_0177'": "'ECUMN_1560'"
  },
  {
    "'ECUMN_0177'": "'ECUMN_4514'"
  },
  {
    "'ECUMN_0177'": "'ECUMN_0176'"
  },
  {
    "'ECUMN_0177'": "'ECUMN_0085'"
  },
  {
    "'ECUMN_0177'": "'ECUMN_0178'"
  },
  {
    "'ECUMN_0177'": "'ECUMN_3669'"
  },
  {
    "'ECUMN_0177'": "'ECUMN_0090'"
  },
  {
    "'ECUMN_0177'": "'ECUMN_0088'"
  },
  {
    "'ECUMN_0177'": "'ECUMN_0091'"
  },
  {
    "'ECUMN_0177'": "'ECUMN_0171'"
  },
  {
    "'ECUMN_0177'": "'ECUMN_0086'"
  },
  {
    "'ECUMN_0177'": "'ECUMN_0096'"
  },
  {
    "'ECUMN_0177'": "'ECUMN_4328'"
  },
  {
    "'ECUMN_0177'": "'ECUMN_4521'"
  },
  {
    "'ECUMN_0177'": "'ECUMN_0564'"
  },
  {
    "'ECUMN_0177'": "'ECUMN_4498_AT6'"
  }
]