[
  {
    "'Z4154'": "'Z1304'",
    "'Z1304'": "'Z5367'"
  },
  {
    "'Z4154'": "'Z1304'",
    "'Z1304'": "'Z0564'"
  },
  {
    "'Z4154'": "'Z4015'",
    "'Z1304'": "'Z4560'"
  },
  {
    "'Z4154'": "'Z5165'",
    "'Z1304'": "'Z0087'"
  },
  {
    "'Z4154'": "'Z5165'",
    "'Z1304'": "'Z0088'"
  },
  {
    "'Z4154'": "'Z0087'",
    "'Z1304'": "'Z5164'"
  },
  {
    "'Z4154'": "'Z5164'",
    "'Z1304'": "'Z0088'"
  },
  {
    "'Z4154'": "'Z2901'",
    "'Z1304'": "'Z3763'"
  },
  {
    "'Z4154'": "'Z0128'",
    "'Z1304'": "'Z2532'"
  },
  {
    "'Z4154'": "'Z1729'",
    "'Z1304'": "'Z5640'"
  },
  {
    "'Z4154'": "'Z0591'",
    "'Z1304'": "'Z3781'"
  },
  {
    "'Z4154'": "'Z0591'",
    "'Z1304'": "'Z5985'"
  },
  {
    "'Z4154'": "'Z0591'",
    "'Z1304'": "'Z1978'"
  },
  {
    "'Z4154'": "'Z0591'",
    "'Z1304'": "'Z5697'"
  },
  {
    "'Z4154'": "'Z0102'",
    "'Z1304'": "'Z0477'"
  },
  {
    "'Z4154'": "'Z5651'",
    "'Z1304'": "'Z1953'"
  },
  {
    "'Z4154'": "'Z3827'",
    "'Z1304'": "'Z4251'"
  },
  {
    "'Z4154'": "'Z3827'",
    "'Z1304'": "'Z5989'"
  },
  {
    "'Z4154'": "'Z4412'",
    "'Z1304'": "'Z5640'"
  },
  {
    "'Z4154'": "'Z0821'",
    "'Z1304'": "'Z5245'"
  },
  {
    "'Z4154'": "'Z0002'",
    "'Z1304'": "'Z5495'"
  },
  {
    "'Z4154'": "'Z2583'",
    "'Z1304'": "'Z0166'"
  },
  {
    "'Z4154'": "'Z3701'",
    "'Z1304'": "'Z5403'"
  },
  {
    "'Z4154'": "'Z4361'",
    "'Z1304'": "'Z2627'"
  },
  {
    "'Z4154'": "'Z3680'",
    "'Z1304'": "'Z3686'"
  },
  {
    "'Z4154'": "'Z1256'",
    "'Z1304'": "'Z0182'"
  },
  {
    "'Z4154'": "'Z2606'",
    "'Z1304'": "'Z0055'"
  },
  {
    "'Z4154'": "'Z2917'",
    "'Z1304'": "'Z0109'"
  },
  {
    "'Z4154'": "'Z2818'",
    "'Z1304'": "'Z4266'"
  },
  {
    "'Z4154'": "'Z2491'",
    "'Z1304'": "'Z5406'"
  },
  {
    "'Z4154'": "'Z2793'",
    "'Z1304'": "'Z4576'"
  },
  {
    "'Z4154'": "'Z2793'",
    "'Z1304'": "'Z4577'"
  },
  {
    "'Z4154'": "'Z3191'",
    "'Z1304'": "'Z4739'"
  },
  {
    "'Z4154'": "'Z4900'",
    "'Z1304'": "'Z1232'"
  },
  {
    "'Z4154'": "'Z0299'",
    "'Z1304'": "'Z3772'"
  },
  {
    "'Z4154'": "'Z0137'",
    "'Z1304'": "'Z0435'"
  },
  {
    "'Z4154'": "'Z4206'",
    "'Z1304'": "'Z3772'"
  },
  {
    "'Z4154'": "'Z4207'",
    "'Z1304'": "'Z3772'"
  },
  {
    "'Z4154'": "'Z4205'",
    "'Z1304'": "'Z3772'"
  },
  {
    "'Z4154'": "'Z3796'",
    "'Z1304'": "'Z2707'"
  },
  {
    "'Z4154'": "'Z3796'",
    "'Z1304'": "'Z2711'"
  },
  {
    "'Z4154'": "'Z3796'",
    "'Z1304'": "'Z2708'"
  },
  {
    "'Z4154'": "'Z3796'",
    "'Z1304'": "'Z2710'"
  },
  {
    "'Z4154'": "'Z3796'",
    "'Z1304'": "'Z2709'"
  },
  {
    "'Z4154'": "'Z3796'",
    "'Z1304'": "'Z2712'"
  },
  {
    "'Z4154'": "'Z3795'",
    "'Z1304'": "'Z2707'"
  },
  {
    "'Z4154'": "'Z3795'",
    "'Z1304'": "'Z2711'"
  },
  {
    "'Z4154'": "'Z3795'",
    "'Z1304'": "'Z2708'"
  },
  {
    "'Z4154'": "'Z3795'",
    "'Z1304'": "'Z2710'"
  },
  {
    "'Z4154'": "'Z3795'",
    "'Z1304'": "'Z2709'"
  },
  {
    "'Z4154'": "'Z3795'",
    "'Z1304'": "'Z2712'"
  },
  {
    "'Z4154'": "'Z5600'",
    "'Z1304'": "'Z5514'"
  },
  {
    "'Z4154'": "'Z5610'",
    "'Z1304'": "'Z5351'"
  },
  {
    "'Z4154'": "'Z0935'",
    "'Z1304'": "'Z3689'"
  },
  {
    "'Z4154'": "'Z0935'",
    "'Z1304'": "'Z3687'"
  },
  {
    "'Z4154'": "'Z0935'",
    "'Z1304'": "'Z3688m'"
  },
  {
    "'Z4154'": "'Z3689'",
    "'Z1304'": "'Z0933'"
  },
  {
    "'Z4154'": "'Z3689'",
    "'Z1304'": "'Z0934'"
  },
  {
    "'Z4154'": "'Z3687'",
    "'Z1304'": "'Z0933'"
  },
  {
    "'Z4154'": "'Z3687'",
    "'Z1304'": "'Z0934'"
  },
  {
    "'Z4154'": "'Z3688m'",
    "'Z1304'": "'Z0933'"
  },
  {
    "'Z4154'": "'Z3688m'",
    "'Z1304'": "'Z0934'"
  },
  {
    "'Z4154'": "'Z5985'",
    "'Z1304'": "'Z1978'"
  },
  {
    "'Z4154'": "'Z1978'",
    "'Z1304'": "'Z5697'"
  },
  {
    "'Z4154'": "'Z2720'",
    "'Z1304'": "'Z4652'"
  },
  {
    "'Z4154'": "'Z4739'",
    "'Z1304'": "'Z4252'"
  },
  {
    "'Z4154'": "'Z4743'",
    "'Z1304'": "'Z0484'"
  },
  {
    "'Z4154'": "'Z4469'",
    "'Z1304'": "'Z5283'"
  }
]