SSON_0958,SSON_0263,SSON_3995
SSON_4250,SSON_0677,SSON_0680
SSON_4250,SSON_0677,SSON_0679
SSON_4250,SSON_0124,SSON_0680
SSON_4250,SSON_0124,SSON_0679
SSON_4250,SSON_0678,SSON_0680
SSON_4250,SSON_0678,SSON_0679
SSON_0677,SSON_3071,SSON_0680
SSON_0677,SSON_3071,SSON_0679
SSON_0124,SSON_2634,SSON_0489
SSON_0124,SSON_0489,SSON_3065
SSON_0124,SSON_0489,SSON_4538
SSON_0124,SSON_3071,SSON_0680
SSON_0124,SSON_3071,SSON_0679
SSON_0678,SSON_3071,SSON_0680
SSON_0678,SSON_3071,SSON_0679
SSON_2634,SSON_0856,SSON_3787
SSON_2634,SSON_0856,SSON_3788
SSON_2634,SSON_3057,SSON_0489
SSON_2634,SSON_3056,SSON_0489
SSON_2634,SSON_3058,SSON_0489
SSON_3884,SSON_1384,SSON_1298
SSON_3884,SSON_1384,SSON_1297
SSON_3884,SSON_1384,SSON_4088
SSON_3884,SSON_1298,SSON_3078
SSON_3884,SSON_1297,SSON_3078
SSON_3884,SSON_3078,SSON_4088
SSON_3885,SSON_1384,SSON_1298
SSON_3885,SSON_1384,SSON_1297
SSON_3885,SSON_1384,SSON_4088
SSON_3885,SSON_1298,SSON_3078
SSON_3885,SSON_1297,SSON_3078
SSON_3885,SSON_3078,SSON_4088
SSON_3883,SSON_1384,SSON_1298
SSON_3883,SSON_1384,SSON_1297
SSON_3883,SSON_1384,SSON_4088
SSON_3883,SSON_1298,SSON_3078
SSON_3883,SSON_1297,SSON_3078
SSON_3883,SSON_3078,SSON_4088
SSON_3888,SSON_1384,SSON_1298
SSON_3888,SSON_1384,SSON_1297
SSON_3888,SSON_1384,SSON_4088
SSON_3888,SSON_1298,SSON_3078
SSON_3888,SSON_1297,SSON_3078
SSON_3888,SSON_3078,SSON_4088
SSON_3882,SSON_1384,SSON_1298
SSON_3882,SSON_1384,SSON_1297
SSON_3882,SSON_1384,SSON_4088
SSON_3882,SSON_1298,SSON_3078
SSON_3882,SSON_1297,SSON_3078
SSON_3882,SSON_3078,SSON_4088
SSON_3881,SSON_1384,SSON_1298
SSON_3881,SSON_1384,SSON_1297
SSON_3881,SSON_1384,SSON_4088
SSON_3881,SSON_1298,SSON_3078
SSON_3881,SSON_1297,SSON_3078
SSON_3881,SSON_3078,SSON_4088
SSON_3887,SSON_1384,SSON_1298
SSON_3887,SSON_1384,SSON_1297
SSON_3887,SSON_1384,SSON_4088
SSON_3887,SSON_1298,SSON_3078
SSON_3887,SSON_1297,SSON_3078
SSON_3887,SSON_3078,SSON_4088
SSON_3886,SSON_1384,SSON_1298
SSON_3886,SSON_1384,SSON_1297
SSON_3886,SSON_1384,SSON_4088
SSON_3886,SSON_1298,SSON_3078
SSON_3886,SSON_1297,SSON_3078
SSON_3886,SSON_3078,SSON_4088
SSON_3991,SSON_4423,SSON_3717
SSON_3991,SSON_4423,SSON_3715
SSON_3991,SSON_4423,SSON_3716
SSON_3991,SSON_4423,SSON_3718
SSON_3991,SSON_4423,SSON_3714
SSON_2199,SSON_0912,SSON_3066
SSON_1455,SSON_2752,SSON_0706
SSON_2708,SSON_3952,SSON_3735
SSON_1548,SSON_1549,SSON_4129
SSON_1384,SSON_4187,SSON_1457
SSON_1384,SSON_1457,SSON_0675
SSON_1384,SSON_1457,SSON_0672
SSON_1384,SSON_1457,SSON_0673
SSON_1384,SSON_1457,SSON_0674
SSON_2936,SSON_4187,SSON_1457
SSON_2936,SSON_4186,SSON_1457
SSON_2936,SSON_3534,SSON_1457
SSON_2936,SSON_1457,SSON_0675
SSON_2936,SSON_1457,SSON_0672
SSON_2936,SSON_1457,SSON_0673
SSON_2936,SSON_1457,SSON_0674
SSON_2145,SSON_3077,SSON_4088
SSON_3057,SSON_0489,SSON_3065
SSON_3057,SSON_0489,SSON_4538
SSON_3056,SSON_0489,SSON_3065
SSON_3056,SSON_0489,SSON_4538
SSON_3058,SSON_0489,SSON_3065
SSON_3058,SSON_0489,SSON_4538
SSON_3735,SSON_2293,SSON_4419
SSON_3735,SSON_2294,SSON_4419
SSON_4187,SSON_3078,SSON_1457
SSON_3527,SSON_0161,SSON_2601
SSON_4086,SSON_2514,SSON_0715
SSON_4086,SSON_2514,SSON_0717
SSON_4086,SSON_2514,SSON_0716
SSON_0489,SSON_3271,SSON_0904
SSON_1862,SSON_0826,SSON_3194
SSON_1434,SSON_4085,SSON_4088
SSON_3078,SSON_1457,SSON_0675
SSON_3078,SSON_1457,SSON_0672
SSON_3078,SSON_1457,SSON_0673
SSON_3078,SSON_1457,SSON_0674
SSON_2293,SSON_2820,SSON_4419
SSON_2293,SSON_2821,SSON_4419
SSON_2294,SSON_2820,SSON_4419
SSON_2294,SSON_2821,SSON_4419
SSON_2820,SSON_4419,SSON_0889
SSON_2821,SSON_4419,SSON_0889
SSON_3066,SSON_2544,SSON_0009
