[
  {
    "'Unknown'": "'553204.6.peg.2129'"
  },
  {
    "'Unknown'": "'g.2252.peg.113'"
  },
  {
    "'Unknown'": "'g.2252.peg.1480'"
  },
  {
    "'Unknown'": "'553204.6.peg.2131'"
  },
  {
    "'Unknown'": "'553204.6.peg.499'"
  },
  {
    "'Unknown'": "'553204.6.peg.1182'"
  },
  {
    "'Unknown'": "'553204.6.peg.1937'"
  },
  {
    "'Unknown'": "'553204.6.peg.1938'"
  },
  {
    "'Unknown'": "'553204.6.peg.725'"
  },
  {
    "'Unknown'": "'g.2252.peg.593'"
  },
  {
    "'Unknown'": "'g.2252.peg.2063'"
  },
  {
    "'Unknown'": "'g.2252.peg.608'"
  },
  {
    "'Unknown'": "'g.2252.peg.1080'"
  },
  {
    "'Unknown'": "'g.2252.peg.151'"
  },
  {
    "'Unknown'": "'553204.6.peg.1184'"
  },
  {
    "'Unknown'": "'g.2252.peg.923'"
  },
  {
    "'Unknown'": "'g.2252.peg.1040'"
  },
  {
    "'Unknown'": "'553204.6.peg.449'"
  },
  {
    "'Unknown'": "'g.2252.peg.1301'"
  },
  {
    "'Unknown'": "'553204.6.peg.808'"
  },
  {
    "'Unknown'": "'553204.6.peg.1393'"
  },
  {
    "'Unknown'": "'g.2252.peg.1766'"
  },
  {
    "'Unknown'": "'g.2252.peg.886'"
  },
  {
    "'Unknown'": "'g.2252.peg.1182'"
  },
  {
    "'Unknown'": "'553204.6.peg.86'"
  },
  {
    "'Unknown'": "'553204.6.peg.1126'"
  },
  {
    "'Unknown'": "'g.2252.peg.1871'"
  },
  {
    "'Unknown'": "'g.2252.peg.1074'"
  },
  {
    "'Unknown'": "'g.2252.peg.296'"
  },
  {
    "'Unknown'": "'g.2252.peg.163'"
  },
  {
    "'Unknown'": "'553204.6.peg.1509'"
  },
  {
    "'Unknown'": "'g.2252.peg.748'"
  },
  {
    "'Unknown'": "'g.2252.peg.1965'"
  },
  {
    "'Unknown'": "'g.2252.peg.804'"
  },
  {
    "'Unknown'": "'g.2252.peg.2103'"
  },
  {
    "'Unknown'": "'g.2252.peg.201'"
  },
  {
    "'Unknown'": "'553204.6.peg.1405'"
  },
  {
    "'Unknown'": "'g.2252.peg.495'"
  },
  {
    "'Unknown'": "'553204.6.peg.1796'"
  },
  {
    "'Unknown'": "'g.2252.peg.1173'"
  },
  {
    "'Unknown'": "'553204.6.peg.726'"
  },
  {
    "'Unknown'": "'553204.6.peg.515'"
  },
  {
    "'Unknown'": "'553204.6.peg.1106'"
  },
  {
    "'Unknown'": "'553204.6.peg.1174'"
  },
  {
    "'Unknown'": "'g.2252.peg.196'"
  },
  {
    "'Unknown'": "'553204.6.peg.150'"
  },
  {
    "'Unknown'": "'553204.6.peg.1185'"
  },
  {
    "'Unknown'": "'553204.6.peg.1183'"
  },
  {
    "'Unknown'": "'g.2252.peg.469'"
  },
  {
    "'Unknown'": "'g.2252.peg.806'"
  },
  {
    "'Unknown'": "'g.2252.peg.1783'"
  },
  {
    "'Unknown'": "'g.2252.peg.1415'"
  },
  {
    "'Unknown'": "'g.2252.peg.1375'"
  },
  {
    "'Unknown'": "'g.2252.peg.1911'"
  },
  {
    "'Unknown'": "'553204.6.peg.1203'"
  },
  {
    "'Unknown'": "'g.2252.peg.100'"
  },
  {
    "'Unknown'": "'g.2252.peg.2028'"
  },
  {
    "'Unknown'": "'g.2252.peg.1081'"
  },
  {
    "'Unknown'": "'g.2252.peg.2001'"
  },
  {
    "'Unknown'": "'g.2252.peg.2042'"
  },
  {
    "'Unknown'": "'g.2252.peg.2157'"
  },
  {
    "'Unknown'": "'g.2252.peg.1167'"
  },
  {
    "'Unknown'": "'g.2252.peg.2079'"
  },
  {
    "'Unknown'": "'553204.6.peg.117'"
  },
  {
    "'Unknown'": "'g.2252.peg.11'"
  },
  {
    "'Unknown'": "'g.2252.peg.130'"
  },
  {
    "'Unknown'": "'g.2252.peg.1334'"
  },
  {
    "'Unknown'": "'g.2252.peg.1432'"
  },
  {
    "'Unknown'": "'g.2252.peg.1543'"
  },
  {
    "'Unknown'": "'g.2252.peg.1643'"
  },
  {
    "'Unknown'": "'g.2252.peg.179'"
  },
  {
    "'Unknown'": "'g.2252.peg.314'"
  },
  {
    "'Unknown'": "'g.2252.peg.417'"
  },
  {
    "'Unknown'": "'g.2252.peg.657'"
  },
  {
    "'Unknown'": "'g.2252.peg.703'"
  },
  {
    "'Unknown'": "'g.2252.peg.738'"
  },
  {
    "'Unknown'": "'g.2252.peg.758'"
  },
  {
    "'Unknown'": "'g.2252.peg.846'"
  },
  {
    "'Unknown'": "'g.2252.peg.87'"
  },
  {
    "'Unknown'": "'g.2252.peg.954'"
  },
  {
    "'Unknown'": "'g.2252.peg.1005'"
  },
  {
    "'Unknown'": "'g.2252.peg.1023'"
  },
  {
    "'Unknown'": "'g.2252.peg.1051'"
  },
  {
    "'Unknown'": "'g.2252.peg.1070'"
  },
  {
    "'Unknown'": "'g.2252.peg.1082'"
  },
  {
    "'Unknown'": "'g.2252.peg.1086'"
  },
  {
    "'Unknown'": "'g.2252.peg.1089'"
  },
  {
    "'Unknown'": "'g.2252.peg.1102'"
  },
  {
    "'Unknown'": "'g.2252.peg.1108'"
  },
  {
    "'Unknown'": "'g.2252.peg.1148'"
  },
  {
    "'Unknown'": "'g.2252.peg.1176'"
  },
  {
    "'Unknown'": "'g.2252.peg.1192'"
  },
  {
    "'Unknown'": "'g.2252.peg.1199'"
  },
  {
    "'Unknown'": "'g.2252.peg.1207'"
  },
  {
    "'Unknown'": "'g.2252.peg.1210'"
  },
  {
    "'Unknown'": "'g.2252.peg.1217'"
  },
  {
    "'Unknown'": "'g.2252.peg.1229'"
  },
  {
    "'Unknown'": "'g.2252.peg.1280'"
  },
  {
    "'Unknown'": "'g.2252.peg.1323'"
  },
  {
    "'Unknown'": "'g.2252.peg.1340'"
  },
  {
    "'Unknown'": "'g.2252.peg.1354'"
  },
  {
    "'Unknown'": "'g.2252.peg.1363'"
  },
  {
    "'Unknown'": "'g.2252.peg.1410'"
  },
  {
    "'Unknown'": "'g.2252.peg.1461'"
  },
  {
    "'Unknown'": "'g.2252.peg.1482'"
  },
  {
    "'Unknown'": "'g.2252.peg.1524'"
  },
  {
    "'Unknown'": "'g.2252.peg.1564'"
  },
  {
    "'Unknown'": "'g.2252.peg.1566'"
  },
  {
    "'Unknown'": "'g.2252.peg.1589'"
  },
  {
    "'Unknown'": "'g.2252.peg.1611'"
  },
  {
    "'Unknown'": "'g.2252.peg.1649'"
  },
  {
    "'Unknown'": "'g.2252.peg.1666'"
  },
  {
    "'Unknown'": "'g.2252.peg.1777'"
  },
  {
    "'Unknown'": "'g.2252.peg.1788'"
  },
  {
    "'Unknown'": "'g.2252.peg.1789'"
  },
  {
    "'Unknown'": "'g.2252.peg.1799'"
  },
  {
    "'Unknown'": "'g.2252.peg.1806'"
  },
  {
    "'Unknown'": "'g.2252.peg.1821'"
  },
  {
    "'Unknown'": "'g.2252.peg.1825'"
  },
  {
    "'Unknown'": "'g.2252.peg.1846'"
  },
  {
    "'Unknown'": "'g.2252.peg.1862'"
  },
  {
    "'Unknown'": "'g.2252.peg.1889'"
  },
  {
    "'Unknown'": "'g.2252.peg.1919'"
  },
  {
    "'Unknown'": "'g.2252.peg.192'"
  },
  {
    "'Unknown'": "'g.2252.peg.1932'"
  },
  {
    "'Unknown'": "'g.2252.peg.1937'"
  },
  {
    "'Unknown'": "'g.2252.peg.1978'"
  },
  {
    "'Unknown'": "'g.2252.peg.1988'"
  },
  {
    "'Unknown'": "'g.2252.peg.2049'"
  },
  {
    "'Unknown'": "'g.2252.peg.2109'"
  },
  {
    "'Unknown'": "'g.2252.peg.244'"
  },
  {
    "'Unknown'": "'g.2252.peg.364'"
  },
  {
    "'Unknown'": "'g.2252.peg.377'"
  },
  {
    "'Unknown'": "'g.2252.peg.381'"
  },
  {
    "'Unknown'": "'g.2252.peg.391'"
  },
  {
    "'Unknown'": "'g.2252.peg.471'"
  },
  {
    "'Unknown'": "'g.2252.peg.496'"
  },
  {
    "'Unknown'": "'g.2252.peg.549'"
  },
  {
    "'Unknown'": "'g.2252.peg.550'"
  },
  {
    "'Unknown'": "'g.2252.peg.566'"
  },
  {
    "'Unknown'": "'g.2252.peg.585'"
  },
  {
    "'Unknown'": "'g.2252.peg.586'"
  },
  {
    "'Unknown'": "'g.2252.peg.667'"
  },
  {
    "'Unknown'": "'g.2252.peg.730'"
  },
  {
    "'Unknown'": "'g.2252.peg.749'"
  },
  {
    "'Unknown'": "'g.2252.peg.774'"
  },
  {
    "'Unknown'": "'g.2252.peg.777'"
  },
  {
    "'Unknown'": "'g.2252.peg.809'"
  },
  {
    "'Unknown'": "'g.2252.peg.881'"
  },
  {
    "'Unknown'": "'g.2252.peg.966'"
  },
  {
    "'Unknown'": "'g.2252.peg.1071'"
  },
  {
    "'Unknown'": "'g.2252.peg.1523'"
  },
  {
    "'Unknown'": "'g.2252.peg.1587'"
  },
  {
    "'Unknown'": "'g.2252.peg.1704'"
  },
  {
    "'Unknown'": "'g.2252.peg.1722'"
  },
  {
    "'Unknown'": "'g.2252.peg.20'"
  },
  {
    "'Unknown'": "'g.2252.peg.2089'"
  },
  {
    "'Unknown'": "'g.2252.peg.700'"
  },
  {
    "'Unknown'": "'g.2252.peg.71'"
  },
  {
    "'Unknown'": "'g.2252.peg.803'"
  }
]