[
  {
    "'g.2752.peg.10'": "'g.2752.peg.1178'",
    "'g.2752.peg.527'": "'g.2752.peg.782'"
  },
  {
    "'g.2752.peg.10'": "'g.2752.peg.127'",
    "'g.2752.peg.527'": "'645127.4.peg.1801'"
  },
  {
    "'g.2752.peg.10'": "'g.2752.peg.1015'",
    "'g.2752.peg.527'": "'g.2752.peg.1301'"
  },
  {
    "'g.2752.peg.10'": "'g.2752.peg.908'",
    "'g.2752.peg.527'": "'645127.4.peg.1413'"
  },
  {
    "'g.2752.peg.10'": "'g.2752.peg.774'",
    "'g.2752.peg.527'": "'645127.4.peg.1093'"
  },
  {
    "'g.2752.peg.10'": "'g.2752.peg.85'",
    "'g.2752.peg.527'": "'g.2752.peg.782'"
  },
  {
    "'g.2752.peg.10'": "'g.2752.peg.1024'",
    "'g.2752.peg.527'": "'g.2752.peg.1007'"
  },
  {
    "'g.2752.peg.10'": "'g.2752.peg.1024'",
    "'g.2752.peg.527'": "'g.2752.peg.1364'"
  },
  {
    "'g.2752.peg.10'": "'g.2752.peg.1816'",
    "'g.2752.peg.527'": "'g.2752.peg.1212'"
  },
  {
    "'g.2752.peg.10'": "'g.2752.peg.345'",
    "'g.2752.peg.527'": "'g.2752.peg.1124'"
  },
  {
    "'g.2752.peg.10'": "'g.2752.peg.2035'",
    "'g.2752.peg.527'": "'645127.4.peg.1200'"
  },
  {
    "'g.2752.peg.10'": "'g.2752.peg.1533'",
    "'g.2752.peg.527'": "'645127.4.peg.1200'"
  },
  {
    "'g.2752.peg.10'": "'g.2752.peg.1992'",
    "'g.2752.peg.527'": "'g.2752.peg.1212'"
  },
  {
    "'g.2752.peg.10'": "'g.2752.peg.500'",
    "'g.2752.peg.527'": "'g.2752.peg.507'"
  },
  {
    "'g.2752.peg.10'": "'g.2752.peg.1788'",
    "'g.2752.peg.527'": "'g.2752.peg.1691'"
  },
  {
    "'g.2752.peg.10'": "'645127.4.peg.333'",
    "'g.2752.peg.527'": "'645127.4.peg.1413'"
  },
  {
    "'g.2752.peg.10'": "'g.2752.peg.788'",
    "'g.2752.peg.527'": "'645127.4.peg.1413'"
  },
  {
    "'g.2752.peg.10'": "'g.2752.peg.1656'",
    "'g.2752.peg.527'": "'g.2752.peg.782'"
  },
  {
    "'g.2752.peg.10'": "'g.2752.peg.1915'",
    "'g.2752.peg.527'": "'g.2752.peg.1212'"
  },
  {
    "'g.2752.peg.10'": "'g.2752.peg.1694'",
    "'g.2752.peg.527'": "'g.2752.peg.1212'"
  },
  {
    "'g.2752.peg.10'": "'g.2752.peg.1212'",
    "'g.2752.peg.527'": "'g.2752.peg.1865'"
  },
  {
    "'g.2752.peg.10'": "'g.2752.peg.463'",
    "'g.2752.peg.527'": "'g.2752.peg.483'"
  },
  {
    "'g.2752.peg.10'": "'g.2752.peg.547'",
    "'g.2752.peg.527'": "'g.2752.peg.483'"
  },
  {
    "'g.2752.peg.10'": "'g.2752.peg.948'",
    "'g.2752.peg.527'": "'645127.4.peg.1200'"
  },
  {
    "'g.2752.peg.10'": "'g.2752.peg.742'",
    "'g.2752.peg.527'": "'g.2752.peg.1700'"
  },
  {
    "'g.2752.peg.10'": "'g.2752.peg.1198'",
    "'g.2752.peg.527'": "'g.2752.peg.1846'"
  },
  {
    "'g.2752.peg.10'": "'g.2752.peg.1583'",
    "'g.2752.peg.527'": "'g.2752.peg.598'"
  },
  {
    "'g.2752.peg.10'": "'645127.4.peg.1066'",
    "'g.2752.peg.527'": "'g.2752.peg.726'"
  },
  {
    "'g.2752.peg.10'": "'g.2752.peg.1284'",
    "'g.2752.peg.527'": "'g.2752.peg.372'"
  },
  {
    "'g.2752.peg.10'": "'g.2752.peg.2182'",
    "'g.2752.peg.527'": "'g.2752.peg.717'"
  },
  {
    "'g.2752.peg.10'": "'g.2752.peg.1321'",
    "'g.2752.peg.527'": "'g.2752.peg.848'"
  },
  {
    "'g.2752.peg.10'": "'g.2752.peg.1635'",
    "'g.2752.peg.527'": "'g.2752.peg.1891'"
  }
]