[
  {
    "'g.2752.peg.1163'": "'g.2752.peg.478'",
    "'g.2752.peg.1913'": "'g.2752.peg.1611'",
    "'g.2752.peg.361'": "'645127.4.peg.1413'"
  },
  {
    "'g.2752.peg.1163'": "'g.2752.peg.478'",
    "'g.2752.peg.1913'": "'g.2752.peg.1700'",
    "'g.2752.peg.361'": "'645127.4.peg.1413'"
  },
  {
    "'g.2752.peg.1163'": "'645127.4.peg.492'",
    "'g.2752.peg.1913'": "'g.2752.peg.2003'",
    "'g.2752.peg.361'": "'g.2752.peg.788'"
  },
  {
    "'g.2752.peg.1163'": "'g.2752.peg.1024'",
    "'g.2752.peg.1913'": "'g.2752.peg.2116'",
    "'g.2752.peg.361'": "'g.2752.peg.2142'"
  },
  {
    "'g.2752.peg.1163'": "'g.2752.peg.1024'",
    "'g.2752.peg.1913'": "'g.2752.peg.1479'",
    "'g.2752.peg.361'": "'g.2752.peg.405'"
  },
  {
    "'g.2752.peg.1163'": "'g.2752.peg.1601'",
    "'g.2752.peg.1913'": "'g.2752.peg.1611'",
    "'g.2752.peg.361'": "'645127.4.peg.1413'"
  },
  {
    "'g.2752.peg.1163'": "'g.2752.peg.1601'",
    "'g.2752.peg.1913'": "'g.2752.peg.1700'",
    "'g.2752.peg.361'": "'645127.4.peg.1413'"
  },
  {
    "'g.2752.peg.1163'": "'645127.4.peg.566'",
    "'g.2752.peg.1913'": "'g.2752.peg.948'",
    "'g.2752.peg.361'": "'645127.4.peg.263'"
  },
  {
    "'g.2752.peg.1163'": "'645127.4.peg.566'",
    "'g.2752.peg.1913'": "'g.2752.peg.225'",
    "'g.2752.peg.361'": "'645127.4.peg.263'"
  },
  {
    "'g.2752.peg.1163'": "'645127.4.peg.333'",
    "'g.2752.peg.1913'": "'g.2752.peg.2003'",
    "'g.2752.peg.361'": "'g.2752.peg.788'"
  },
  {
    "'g.2752.peg.1163'": "'g.2752.peg.2116'",
    "'g.2752.peg.1913'": "'g.2752.peg.2142'",
    "'g.2752.peg.361'": "'g.2752.peg.1007'"
  },
  {
    "'g.2752.peg.1163'": "'g.2752.peg.2116'",
    "'g.2752.peg.1913'": "'g.2752.peg.2142'",
    "'g.2752.peg.361'": "'g.2752.peg.1364'"
  },
  {
    "'g.2752.peg.1163'": "'g.2752.peg.1161'",
    "'g.2752.peg.1913'": "'g.2752.peg.243'",
    "'g.2752.peg.361'": "'g.2752.peg.88'"
  },
  {
    "'g.2752.peg.1163'": "'g.2752.peg.160'",
    "'g.2752.peg.1913'": "'g.2752.peg.2059'",
    "'g.2752.peg.361'": "'g.2752.peg.77'"
  }
]