[
  {
    "'ECs0182'": "'ECs1471'"
  },
  {
    "'ECs0182'": "'ECs3207'"
  },
  {
    "'ECs0182'": "'ECs0004'"
  },
  {
    "'ECs0182'": "'ECs0163'"
  },
  {
    "'ECs0182'": "'ECs1472'"
  },
  {
    "'ECs0182'": "'s0001'"
  },
  {
    "'ECs0182'": "'ECs3200'"
  },
  {
    "'ECs0182'": "'ECs4128'"
  },
  {
    "'ECs0182'": "'ECs4127'"
  },
  {
    "'ECs0182'": "'ECs0187'"
  },
  {
    "'ECs0182'": "'ECs4888'"
  },
  {
    "'ECs0182'": "'ECs3675'"
  },
  {
    "'ECs0182'": "'ECs1469'"
  },
  {
    "'ECs0182'": "'ECs4886'"
  },
  {
    "'ECs0182'": "'ECs5239'"
  },
  {
    "'ECs0182'": "'ECs4080'"
  },
  {
    "'ECs0182'": "'ECs5238'"
  },
  {
    "'ECs0182'": "'ECs4078'"
  },
  {
    "'ECs0182'": "'ECs4079'"
  },
  {
    "'ECs0182'": "'ECs4210'"
  },
  {
    "'ECs0182'": "'ECs1474'"
  },
  {
    "'ECs0182'": "'ECs2521'"
  },
  {
    "'ECs0182'": "'ECs4211'"
  },
  {
    "'ECs0182'": "'ECs3604'"
  },
  {
    "'ECs0182'": "'ECs1603'"
  },
  {
    "'ECs0182'": "'ECs5153'"
  },
  {
    "'ECs0182'": "'ECs3902'"
  },
  {
    "'ECs0182'": "'ECs4887'"
  },
  {
    "'ECs0182'": "'ECs4929'"
  },
  {
    "'ECs0182'": "'ECs0584'"
  },
  {
    "'ECs0182'": "'ECs0585'"
  },
  {
    "'ECs0182'": "'ECs0852'"
  },
  {
    "'ECs0182'": "'ECs4917'"
  },
  {
    "'ECs0182'": "'ECs1835'"
  },
  {
    "'ECs0182'": "'ECs1836'"
  },
  {
    "'ECs0182'": "'ECs0854'"
  },
  {
    "'ECs0182'": "'ECs0467'"
  },
  {
    "'ECs0182'": "'ECs4889'"
  },
  {
    "'ECs0182'": "'ECs4052'"
  },
  {
    "'ECs0182'": "'ECs4278'"
  },
  {
    "'ECs0182'": "'ECs0135'"
  },
  {
    "'ECs0182'": "'ECs5222'"
  },
  {
    "'ECs0182'": "'ECs3440'"
  },
  {
    "'ECs0182'": "'ECs1011'"
  },
  {
    "'ECs0182'": "'ECs2820'"
  },
  {
    "'ECs0182'": "'ECs0905'"
  },
  {
    "'ECs0182'": "'ECs4780'"
  },
  {
    "'ECs0182'": "'ECs5192'"
  },
  {
    "'ECs0182'": "'ECs0853'"
  },
  {
    "'ECs0182'": "'ECs4075'"
  },
  {
    "'ECs0182'": "'ECs3928'"
  },
  {
    "'ECs0182'": "'ECs1713'"
  },
  {
    "'ECs0182'": "'ECs3463'"
  },
  {
    "'ECs0182'": "'ECs3462'"
  },
  {
    "'ECs0182'": "'ECs3213'"
  },
  {
    "'ECs0182'": "'ECs5022'"
  },
  {
    "'ECs0182'": "'ECs0997'"
  },
  {
    "'ECs0182'": "'ECs0859'"
  },
  {
    "'ECs0182'": "'ECs0861'"
  },
  {
    "'ECs0182'": "'ECs0745'"
  },
  {
    "'ECs0182'": "'ECs3640'"
  },
  {
    "'ECs0182'": "'ECs3695'"
  },
  {
    "'ECs0182'": "'ECs4739'"
  },
  {
    "'ECs0182'": "'ECs0177'"
  },
  {
    "'ECs0182'": "'ECs3929'"
  },
  {
    "'ECs0182'": "'ECs0856'"
  },
  {
    "'ECs0182'": "'ECs4523'"
  },
  {
    "'ECs0182'": "'ECs4705'"
  },
  {
    "'ECs0182'": "'ECs0034'"
  },
  {
    "'ECs0182'": "'ECs3340'"
  },
  {
    "'ECs0182'": "'ECs3199'"
  },
  {
    "'ECs0182'": "'ECs3941'"
  },
  {
    "'ECs0182'": "'ECs1440'"
  },
  {
    "'ECs0182'": "'ECs4056'"
  },
  {
    "'ECs0182'": "'ECs4231'"
  },
  {
    "'ECs0182'": "'ECs2400'"
  },
  {
    "'ECs0182'": "'ECs0475'"
  },
  {
    "'ECs0182'": "'ECs0032'"
  },
  {
    "'ECs0182'": "'ECs0107'"
  },
  {
    "'ECs0182'": "'ECs4708'"
  },
  {
    "'ECs0182'": "'ECs1476'"
  },
  {
    "'ECs0182'": "'ECs0175'"
  },
  {
    "'ECs0182'": "'ECs0474'"
  },
  {
    "'ECs0182'": "'ECs1861'"
  },
  {
    "'ECs0182'": "'ECs3618'"
  },
  {
    "'ECs0182'": "'ECs3619'"
  },
  {
    "'ECs0182'": "'ECs0528'"
  },
  {
    "'ECs0182'": "'ECs0028'"
  },
  {
    "'ECs0182'": "'ECs4672'"
  },
  {
    "'ECs0182'": "'ECs0158'"
  },
  {
    "'ECs0182'": "'ECs4486'"
  },
  {
    "'ECs0182'": "'ECs2021'"
  },
  {
    "'ECs0182'": "'ECs4671'"
  },
  {
    "'ECs0182'": "'ECs3196'"
  },
  {
    "'ECs0182'": "'ECs4898'"
  },
  {
    "'ECs0182'": "'ECs1715'"
  },
  {
    "'ECs0182'": "'ECs3278'"
  },
  {
    "'ECs0182'": "'ECs3369'"
  },
  {
    "'ECs0182'": "'ECs3045'"
  },
  {
    "'ECs0182'": "'ECs1850'"
  },
  {
    "'ECs0182'": "'ECs5023'"
  },
  {
    "'ECs0182'": "'ECs2821'"
  },
  {
    "'ECs0182'": "'ECs2823'"
  },
  {
    "'ECs0182'": "'ECs4735'"
  },
  {
    "'ECs0182'": "'ECs2906'"
  },
  {
    "'ECs0182'": "'ECs0146'"
  },
  {
    "'ECs0182'": "'ECs0003'"
  },
  {
    "'ECs0182'": "'ECs4931'"
  },
  {
    "'ECs0182'": "'ECs2822'"
  },
  {
    "'ECs0182'": "'ECs3396'"
  },
  {
    "'ECs0182'": "'ECs4738'"
  },
  {
    "'ECs0182'": "'ECs1608'"
  },
  {
    "'ECs0182'": "'ECs2826'"
  },
  {
    "'ECs0182'": "'ECs2824'"
  },
  {
    "'ECs0182'": "'ECs1834'"
  },
  {
    "'ECs0182'": "'ECs4704'"
  },
  {
    "'ECs0182'": "'ECs0077'"
  },
  {
    "'ECs0182'": "'ECs0075'"
  },
  {
    "'ECs0182'": "'ECs0076'"
  },
  {
    "'ECs0182'": "'ECs0078'"
  },
  {
    "'ECs0182'": "'ECs1001'"
  },
  {
    "'ECs0182'": "'ECs4077'"
  },
  {
    "'ECs0182'": "'ECs1720'"
  },
  {
    "'ECs0182'": "'ECs0184'"
  },
  {
    "'ECs0182'": "'ECs0855'"
  },
  {
    "'ECs0182'": "'ECs1470'"
  },
  {
    "'ECs0182'": "'ECs3377'"
  },
  {
    "'ECs0182'": "'ECs3600'"
  },
  {
    "'ECs0182'": "'ECs3601'"
  },
  {
    "'ECs0182'": "'ECs3818'"
  },
  {
    "'ECs0182'": "'ECs0862'"
  },
  {
    "'ECs0182'": "'ECs4508'"
  },
  {
    "'ECs0182'": "'ECs0138'"
  },
  {
    "'ECs0182'": "'ECs0009'"
  },
  {
    "'ECs0182'": "'ECs1447'"
  },
  {
    "'ECs0182'": "'ECs0863'"
  },
  {
    "'ECs0182'": "'ECs0904'"
  },
  {
    "'ECs0182'": "'ECs4870'"
  },
  {
    "'ECs0182'": "'ECs3477'"
  },
  {
    "'ECs0182'": "'ECs2446'"
  },
  {
    "'ECs0182'": "'ECs0677'"
  },
  {
    "'ECs0182'": "'ECs0113'"
  },
  {
    "'ECs0182'": "'ECs5231'"
  },
  {
    "'ECs0182'": "'ECs4066'"
  },
  {
    "'ECs0182'": "'ECs0990'"
  },
  {
    "'ECs0182'": "'ECs1854'"
  },
  {
    "'ECs0182'": "'ECs4771'"
  },
  {
    "'ECs0182'": "'ECs3195'"
  },
  {
    "'ECs0182'": "'ECs4517'"
  },
  {
    "'ECs0182'": "'ECs0437'"
  },
  {
    "'ECs0182'": "'ECs0137'"
  },
  {
    "'ECs0182'": "'ECs0091'"
  },
  {
    "'ECs0182'": "'ECs3617'"
  },
  {
    "'ECs0182'": "'ECs3430'"
  },
  {
    "'ECs0182'": "'ECs0057'"
  },
  {
    "'ECs0182'": "'ECs3204'"
  },
  {
    "'ECs0182'": "'ECs4055'"
  },
  {
    "'ECs0182'": "'ECs4255'"
  },
  {
    "'ECs0182'": "'ECs4901'"
  },
  {
    "'ECs0182'": "'ECs0423'"
  },
  {
    "'ECs0182'": "'ECs4514'"
  },
  {
    "'ECs0182'": "'ECs4778'"
  },
  {
    "'ECs0182'": "'ECs4928'"
  },
  {
    "'ECs0182'": "'ECs3361'"
  },
  {
    "'ECs0182'": "'ECs2827'"
  },
  {
    "'ECs0182'": "'ECs3338'"
  },
  {
    "'ECs0182'": "'ECs3423'"
  },
  {
    "'ECs0182'": "'ECs2825'"
  },
  {
    "'ECs0182'": "'ECs0991'"
  },
  {
    "'ECs0182'": "'ECs5139'"
  },
  {
    "'ECs0182'": "'ECs3452'"
  },
  {
    "'ECs0182'": "'ECs4509'"
  },
  {
    "'ECs0182'": "'ECs0778'"
  },
  {
    "'ECs0182'": "'ECs2371'"
  },
  {
    "'ECs0182'": "'ECs0468'"
  },
  {
    "'ECs0182'": "'ECs3549'"
  },
  {
    "'ECs0182'": "'ECs3605'"
  },
  {
    "'ECs0182'": "'ECs3606'"
  },
  {
    "'ECs0182'": "'ECs3334'"
  },
  {
    "'ECs0182'": "'ECs4485'"
  },
  {
    "'ECs0182'": "'ECs4219'"
  },
  {
    "'ECs0182'": "'ECs4868'"
  },
  {
    "'ECs0182'": "'ECs0998'"
  },
  {
    "'ECs0182'": "'ECs0168'"
  },
  {
    "'ECs0182'": "'ECs4915'"
  },
  {
    "'ECs0182'": "'ECs4913'"
  },
  {
    "'ECs0182'": "'ECs5575'"
  },
  {
    "'ECs0182'": "'ECs0477'"
  },
  {
    "'ECs0182'": "'ECs3327'"
  },
  {
    "'ECs0182'": "'ECs3684'"
  },
  {
    "'ECs0182'": "'ECs0470'"
  },
  {
    "'ECs0182'": "'ECs4916'"
  },
  {
    "'ECs0182'": "'ECs1832'"
  },
  {
    "'ECs0182'": "'ECs1833'"
  },
  {
    "'ECs0182'": "'ECs4914'"
  },
  {
    "'ECs0182'": "'ECs0181'"
  },
  {
    "'ECs0182'": "'ECs0089'"
  },
  {
    "'ECs0182'": "'ECs0183'"
  },
  {
    "'ECs0182'": "'ECs4068'"
  },
  {
    "'ECs0182'": "'ECs0094'"
  },
  {
    "'ECs0182'": "'ECs0092'"
  },
  {
    "'ECs0182'": "'ECs0095'"
  },
  {
    "'ECs0182'": "'ECs4899'"
  },
  {
    "'ECs0182'": "'ECs0176'"
  },
  {
    "'ECs0182'": "'ECs0090'"
  },
  {
    "'ECs0182'": "'ECs0100'"
  },
  {
    "'ECs0182'": "'ECs4734'"
  },
  {
    "'ECs0182'": "'ECs4920'"
  },
  {
    "'ECs0182'": "'ECs0586'"
  }
]