'23DHMPO','3MOPt2r','EX_ile_L(e)'
'23DHMPO','3MOPt2r','ILEabc'
'23DHMPO','EX_3mop(e)','EX_ile_L(e)'
'23DHMPO','EX_3mop(e)','ILEabc'
'2AHBUTI','3MOPt2r','EX_ile_L(e)'
'2AHBUTI','3MOPt2r','ILEabc'
'2AHBUTI','EX_3mop(e)','EX_ile_L(e)'
'2AHBUTI','EX_3mop(e)','ILEabc'
'2MEBCOADH','3MOPDC2','OIVD1r'
'2MEBCOADH','LPAMMBT2','OIVD1r'
'3HAD160','EX_ocdca(e)','PMTCOATA'
'3HAD160','FACOAL180','PMTCOATA'
'3HAD160','OCDCAt2','PMTCOATA'
'3HAD180','ACOAAGPAT180','STCOATA'
'3HAD180','SGAT','STCOATA'
'3MEBCOADH','3MOBS','LEUTA'
'3MEBCOADH','3MOPDC2','OIVD3'
'3MEBCOADH','IPMDr','LEUTA'
'3MEBCOADH','IPPMIa','LEUTA'
'3MEBCOADH','IPPMIb','LEUTA'
'3MEBCOADH','LEUTA','OMCDC'
'3MEBCOADH','LPAMMBT2','OIVD3'
'3MOPDC2','OIVD1r','OIVD3'
'3MOPt2r','ACHBPL','EX_ile_L(e)'
'3MOPt2r','ACHBPL','ILEabc'
'3MOPt2r','DHAD2','EX_ile_L(e)'
'3MOPt2r','DHAD2','ILEabc'
'3OAR180','ACOAAGPAT180','STCOATA'
'3OAR180','SGAT','STCOATA'
'3OAS180','ACOAAGPAT180','STCOATA'
'3OAS180','SGAT','STCOATA'
'A5PISO','ARABI','ARB_Dabc'
'A5PISO','ARABI','EX_arab_D(e)'
'A5PISO','ARB_Dabc','DRIBI'
'A5PISO','DRIBI','EX_arab_D(e)'
'ACGK','ARGSL','EX_ptrc(e)'
'ACGK','ARGSL','PTRCabc'
'ACGK','ARGSSr','EX_ptrc(e)'
'ACGK','ARGSSr','PTRCabc'
'ACGK','ASPCT','EX_ptrc(e)'
'ACGK','ASPCT','PTRCabc'
'ACGK','DHORTS','EX_ptrc(e)'
'ACGK','DHORTS','PTRCabc'
'ACGK','EX_ptrc(e)','OCBT'
'ACGK','EX_ptrc(e)','OMPDC'
'ACGK','EX_ptrc(e)','OROTPT'
'ACGK','OCBT','PTRCabc'
'ACGK','OMPDC','PTRCabc'
'ACGK','OROTPT','PTRCabc'
'ACGS','ARGt2r','ORNTAC'
'ACGS','EX_arg_L(e)','ORNTAC'
'ACHBPL','EX_3mop(e)','EX_ile_L(e)'
'ACHBPL','EX_3mop(e)','ILEabc'
'ACLS_a','EX_val_L(e)','LPAMS'
'ACLS_b','VALTA','VPAMTr'
'ACLS_b','VALabc','VALt2r'
'ACODAr','ARGt2r','ORNTAC'
'ACODAr','EX_arg_L(e)','ORNTAC'
'ACOTA','ARGSL','EX_ptrc(e)'
'ACOTA','ARGSL','PTRCabc'
'ACOTA','ARGSSr','EX_ptrc(e)'
'ACOTA','ARGSSr','PTRCabc'
'ACOTA','ASPCT','EX_ptrc(e)'
'ACOTA','ASPCT','PTRCabc'
'ACOTA','DHORTS','EX_ptrc(e)'
'ACOTA','DHORTS','PTRCabc'
'ACOTA','EX_ptrc(e)','OCBT'
'ACOTA','EX_ptrc(e)','OMPDC'
'ACOTA','EX_ptrc(e)','OROTPT'
'ACOTA','OCBT','PTRCabc'
'ACOTA','OMPDC','PTRCabc'
'ACOTA','OROTPT','PTRCabc'
'ADNK1','ADNUC','AHCYSNS'
'ADNK1','ADNUC','DM_dhptd(c)'
'ADNK1','ADNUC','RHCCE'
'ADSL2r','FDH','FDH2'
'AEPPT','EX_o2(e)','EX_pydx(e)'
'AEPPT','EX_o2(e)','MOHMT'
'AEPPT','EX_o2(e)','OPHHX3'
'AEPPT','EX_o2(e)','PYDXK'
'AEPPT','EX_o2(e)','PYDXabc'
'AEPPT','EX_o2(e)','SUCOAS'
'AEPPT','EX_pydx(e)','O2t'
'AEPPT','MOHMT','O2t'
'AEPPT','O2t','OPHHX3'
'AEPPT','O2t','PYDXK'
'AEPPT','O2t','PYDXabc'
'AEPPT','O2t','SUCOAS'
'AGPAT180','FACOAL180','STCOATA'
'AGPR','ARGSL','EX_ptrc(e)'
'AGPR','ARGSL','PTRCabc'
'AGPR','ARGSSr','EX_ptrc(e)'
'AGPR','ARGSSr','PTRCabc'
'AGPR','ASPCT','EX_ptrc(e)'
'AGPR','ASPCT','PTRCabc'
'AGPR','DHORTS','EX_ptrc(e)'
'AGPR','DHORTS','PTRCabc'
'AGPR','EX_ptrc(e)','OCBT'
'AGPR','EX_ptrc(e)','OMPDC'
'AGPR','EX_ptrc(e)','OROTPT'
'AGPR','OCBT','PTRCabc'
'AGPR','OMPDC','PTRCabc'
'AGPR','OROTPT','PTRCabc'
'AHSERL3','CYSS','TRDRr'
'AHSERL3','CYSS3r','TRDRr'
'AHSERL3','DM_hcys_L[c]','METS'
'AICART','ALAHIS1c','EX_his_L(e)'
'AICART','ALAHIS1c','HISt2r'
'AICART','ALAHISabc','EX_his_L(e)'
'AICART','ALAHISabc','HISt2r'
'AICART','EX_alahis(e)','EX_his_L(e)'
'AICART','EX_alahis(e)','HISt2r'
'AICART','FDH','FDH2'
'AIRC4','FDH','FDH2'
'ALACI','EX_val_L(e)','KARA1'
'ALAHIS1c','ATPPRT','EX_his_L(e)'
'ALAHIS1c','ATPPRT','HISt2r'
'ALAHIS1c','EX_his_L(e)','HISTP'
'ALAHIS1c','EX_his_L(e)','HSTPTr'
'ALAHIS1c','EX_his_L(e)','IG3PS'
'ALAHIS1c','EX_his_L(e)','IGPDH'
'ALAHIS1c','EX_his_L(e)','IMPC'
'ALAHIS1c','EX_his_L(e)','PRAMPC'
'ALAHIS1c','EX_his_L(e)','PRATPP'
'ALAHIS1c','EX_his_L(e)','PRMICI'
'ALAHIS1c','HISTP','HISt2r'
'ALAHIS1c','HISt2r','HSTPTr'
'ALAHIS1c','HISt2r','IG3PS'
'ALAHIS1c','HISt2r','IGPDH'
'ALAHIS1c','HISt2r','IMPC'
'ALAHIS1c','HISt2r','PRAMPC'
'ALAHIS1c','HISt2r','PRATPP'
'ALAHIS1c','HISt2r','PRMICI'
'ALAHISabc','ATPPRT','EX_his_L(e)'
'ALAHISabc','ATPPRT','HISt2r'
'ALAHISabc','EX_his_L(e)','HISTP'
'ALAHISabc','EX_his_L(e)','HSTPTr'
'ALAHISabc','EX_his_L(e)','IG3PS'
'ALAHISabc','EX_his_L(e)','IGPDH'
'ALAHISabc','EX_his_L(e)','IMPC'
'ALAHISabc','EX_his_L(e)','PRAMPC'
'ALAHISabc','EX_his_L(e)','PRATPP'
'ALAHISabc','EX_his_L(e)','PRMICI'
'ALAHISabc','HISTP','HISt2r'
'ALAHISabc','HISt2r','HSTPTr'
'ALAHISabc','HISt2r','IG3PS'
'ALAHISabc','HISt2r','IGPDH'
'ALAHISabc','HISt2r','IMPC'
'ALAHISabc','HISt2r','PRAMPC'
'ALAHISabc','HISt2r','PRATPP'
'ALAHISabc','HISt2r','PRMICI'
'ALCD19','EX_glyc(e)','GLYK'
'ALCD19','GLYCt','GLYK'
'ANS','ANS2','EX_trp_L(e)'
'ANS','ANS2','TRPt2r'
'APATr','H2CO3D','MALCOAPYRCT'
'ARGSL','CBPS','UPPRT'
'ARGSL','H2CO3D','UPPRT'
'ARGSSr','CBPS','UPPRT'
'ARGSSr','H2CO3D','UPPRT'
'ARGt2r','HYPSUCORNS','OCBT'
'ARGt2r','OCBT','SUCCITRDSs'
'ARGt2r','OCBT','SUCORNTC'
'ASAD','CYSS3r','GTHRD'
'ASAD','CYSS3r','TSULST'
'ASAD','CYSTL','SHSL2'
'ASAD','GTHRD','SERATi'
'ASAD','HSDx','HSDy'
'ASAD','SERATi','TSULST'
'ASAD','SHSL1r','SHSL2'
'ASNS1','ASNt2r','EX_glyasn(e)'
'ASNS1','ASNt2r','GLYASN1c'
'ASNS1','ASNt2r','GLYASNabc'
'ASNS1','EX_asn_L(e)','EX_glyasn(e)'
'ASNS1','EX_asn_L(e)','GLYASN1c'
'ASNS1','EX_asn_L(e)','GLYASNabc'
'ASP1DC','H2CO3D','MALCOAPYRCT'
'ASPCT','CSND','EX_ura(e)'
'ASPCT','CSND','URAt2'
'ASPCT','CSNt2','EX_ura(e)'
'ASPCT','CSNt2','URAt2'
'ASPCT','EX_csn(e)','EX_ura(e)'
'ASPCT','EX_csn(e)','URAt2'
'ASPKi','CYSS3r','GTHRD'
'ASPKi','CYSS3r','TSULST'
'ASPKi','CYSTL','SHSL2'
'ASPKi','GTHRD','SERATi'
'ASPKi','HSDx','HSDy'
'ASPKi','SERATi','TSULST'
'ASPKi','SHSL1r','SHSL2'
'ATPPRT','EX_alahis(e)','EX_his_L(e)'
'ATPPRT','EX_alahis(e)','HISt2r'
'CBPS','OCBT','UPPRT'
'CGLYabc','EX_gthrd(e)','GLUCYS'
'CGLYabc','EX_gthrd(e)','GTHS'
'CGLYabc','GLUCYS','GTHRDt2'
'CGLYabc','GTHRDt2','GTHS'
'CHORM','EX_glyphe(e)','EX_phe_L(e)'
'CHORM','EX_glyphe(e)','PHEt2r'
'CHORM','EX_glytyr(e)','EX_tyr_L(e)'
'CHORM','EX_glytyr(e)','TYRt2r'
'CHORM','EX_phe_L(e)','GLYPHEHYc'
'CHORM','EX_phe_L(e)','GLYPHEabc'
'CHORM','EX_tyr_L(e)','GLYTYR1c'
'CHORM','EX_tyr_L(e)','GLYTYRabc'
'CHORM','GLYPHEHYc','PHEt2r'
'CHORM','GLYPHEabc','PHEt2r'
'CHORM','GLYTYR1c','TYRt2r'
'CHORM','GLYTYRabc','TYRt2r'
'CSND','DHORTS','EX_ura(e)'
'CSND','DHORTS','URAt2'
'CSND','EX_ura(e)','OMPDC'
'CSND','EX_ura(e)','OROTPT'
'CSND','OMPDC','URAt2'
'CSND','OROTPT','URAt2'
'CSNt2','DHORTS','EX_ura(e)'
'CSNt2','DHORTS','URAt2'
'CSNt2','EX_ura(e)','OMPDC'
'CSNt2','EX_ura(e)','OROTPT'
'CSNt2','OMPDC','URAt2'
'CSNt2','OROTPT','URAt2'
'CYTK1','NDPK3','RNTR3'
'DCTPD','RNDR4','RNTR4'
'DGK1','RNDR2','RNTR2'
'DHAD1','VALTA','VPAMTr'
'DHAD1','VALabc','VALt2r'
'DHAD2','EX_3mop(e)','EX_ile_L(e)'
'DHAD2','EX_3mop(e)','ILEabc'
'DHORD2','DHORD5','UPPRT'
'DHORTS','EX_csn(e)','EX_ura(e)'
'DHORTS','EX_csn(e)','URAt2'
'DUTPDP','NDPK6','RNDR4'
'EAR140x','EAR140y','EX_ttdca(e)'
'EAR140x','EAR140y','FACOAL140'
'EAR140x','EAR140y','TDCOATA'
'EAR140x','EAR140y','TTDCAt2'
'EAR180x','EAR180y','EX_ocdca(e)'
'EAR180x','EAR180y','FACOAL180'
'EAR180x','EAR180y','OCDCAt2'
'ETHAP','EX_o2(e)','EX_pydx(e)'
'ETHAP','EX_o2(e)','MOHMT'
'ETHAP','EX_o2(e)','OPHHX3'
'ETHAP','EX_o2(e)','PYDXK'
'ETHAP','EX_o2(e)','PYDXabc'
'ETHAP','EX_o2(e)','SUCOAS'
'ETHAP','EX_pydx(e)','O2t'
'ETHAP','MOHMT','O2t'
'ETHAP','O2t','OPHHX3'
'ETHAP','O2t','PYDXK'
'ETHAP','O2t','PYDXabc'
'ETHAP','O2t','SUCOAS'
'EX_alahis(e)','EX_his_L(e)','HISTP'
'EX_alahis(e)','EX_his_L(e)','HSTPTr'
'EX_alahis(e)','EX_his_L(e)','IG3PS'
'EX_alahis(e)','EX_his_L(e)','IGPDH'
'EX_alahis(e)','EX_his_L(e)','IMPC'
'EX_alahis(e)','EX_his_L(e)','PRAMPC'
'EX_alahis(e)','EX_his_L(e)','PRATPP'
'EX_alahis(e)','EX_his_L(e)','PRMICI'
'EX_alahis(e)','HISTP','HISt2r'
'EX_alahis(e)','HISt2r','HSTPTr'
'EX_alahis(e)','HISt2r','IG3PS'
'EX_alahis(e)','HISt2r','IGPDH'
'EX_alahis(e)','HISt2r','IMPC'
'EX_alahis(e)','HISt2r','PRAMPC'
'EX_alahis(e)','HISt2r','PRATPP'
'EX_alahis(e)','HISt2r','PRMICI'
'EX_arg_L(e)','HYPSUCORNS','OCBT'
'EX_arg_L(e)','OCBT','SUCCITRDSs'
'EX_arg_L(e)','OCBT','SUCORNTC'
'EX_cgly(e)','EX_gthrd(e)','GLUCYS'
'EX_cgly(e)','EX_gthrd(e)','GTHS'
'EX_cgly(e)','GLUCYS','GTHRDt2'
'EX_cgly(e)','GTHRDt2','GTHS'
'EX_csn(e)','EX_ura(e)','OMPDC'
'EX_csn(e)','EX_ura(e)','OROTPT'
'EX_csn(e)','OMPDC','URAt2'
'EX_csn(e)','OROTPT','URAt2'
'EX_fe2(e)','FE3abc','FEDCabc'
'EX_fe3(e)','FE2DH','FERO'
'EX_glyphe(e)','EX_phe_L(e)','PHETA1'
'EX_glyphe(e)','EX_phe_L(e)','PPNDH'
'EX_glyphe(e)','PHETA1','PHEt2r'
'EX_glyphe(e)','PHEt2r','PPNDH'
'EX_glytyr(e)','EX_tyr_L(e)','TYRTA'
'EX_glytyr(e)','TYRTA','TYRt2r'
'EX_gthrd(e)','GGTA','GLUCYS'
'EX_gthrd(e)','GGTA','GTHS'
'EX_gua(e)','EX_xan(e)','IMPD'
'EX_gua(e)','GMPS2','PUNP3'
'EX_gua(e)','GMPS2','r1384'
'EX_gua(e)','IMPD','XANt2'
'EX_hxan(e)','GARFTi','GART'
'EX_o2(e)','EX_pydx(e)','GPDDA2'
'EX_o2(e)','EX_pydx(e)','PACTH'
'EX_o2(e)','EX_pydx(e)','r0010'
'EX_o2(e)','GPDDA2','MOHMT'
'EX_o2(e)','GPDDA2','OPHHX3'
'EX_o2(e)','GPDDA2','PYDXK'
'EX_o2(e)','GPDDA2','PYDXabc'
'EX_o2(e)','GPDDA2','SUCOAS'
'EX_o2(e)','MOHMT','PACTH'
'EX_o2(e)','MOHMT','r0010'
'EX_o2(e)','OPHHX3','PACTH'
'EX_o2(e)','OPHHX3','r0010'
'EX_o2(e)','PACTH','PYDXK'
'EX_o2(e)','PACTH','PYDXabc'
'EX_o2(e)','PACTH','SUCOAS'
'EX_o2(e)','PYDXK','r0010'
'EX_o2(e)','PYDXabc','r0010'
'EX_o2(e)','SUCOAS','r0010'
'EX_phe_L(e)','GLYPHEHYc','PHETA1'
'EX_phe_L(e)','GLYPHEHYc','PPNDH'
'EX_phe_L(e)','GLYPHEabc','PHETA1'
'EX_phe_L(e)','GLYPHEabc','PPNDH'
'EX_pydam(e)','EX_pydx(e)','EX_pydxn(e)'
'EX_pydam(e)','EX_pydx(e)','PDX5PO'
'EX_pydam(e)','EX_pydx(e)','PYDXNK'
'EX_pydam(e)','EX_pydx(e)','PYDXNabc'
'EX_pydam(e)','EX_pydxn(e)','PYDXK'
'EX_pydam(e)','EX_pydxn(e)','PYDXabc'
'EX_pydam(e)','PDX5PO','PYDXK'
'EX_pydam(e)','PDX5PO','PYDXabc'
'EX_pydam(e)','PYDXK','PYDXNK'
'EX_pydam(e)','PYDXK','PYDXNabc'
'EX_pydam(e)','PYDXNK','PYDXabc'
'EX_pydam(e)','PYDXNabc','PYDXabc'
'EX_pydx(e)','EX_pydxn(e)','PYAM5POr'
'EX_pydx(e)','EX_pydxn(e)','PYDAMK'
'EX_pydx(e)','EX_pydxn(e)','PYDAMabc'
'EX_pydx(e)','GPDDA2','O2t'
'EX_pydx(e)','O2t','PACTH'
'EX_pydx(e)','O2t','r0010'
'EX_pydx(e)','PDX5PO','PYAM5POr'
'EX_pydx(e)','PDX5PO','PYDAMK'
'EX_pydx(e)','PDX5PO','PYDAMabc'
'EX_pydx(e)','PYAM5POr','PYDXNK'
'EX_pydx(e)','PYAM5POr','PYDXNabc'
'EX_pydx(e)','PYDAMK','PYDXNK'
'EX_pydx(e)','PYDAMK','PYDXNabc'
'EX_pydx(e)','PYDAMabc','PYDXNK'
'EX_pydx(e)','PYDAMabc','PYDXNabc'
'EX_pydxn(e)','PYAM5POr','PYDXK'
'EX_pydxn(e)','PYAM5POr','PYDXabc'
'EX_pydxn(e)','PYDAMK','PYDXK'
'EX_pydxn(e)','PYDAMK','PYDXabc'
'EX_pydxn(e)','PYDAMabc','PYDXK'
'EX_pydxn(e)','PYDAMabc','PYDXabc'
'EX_ser_L(e)','GHMT2r','PGCDr'
'EX_ser_L(e)','GHMT2r','PSERT'
'EX_ser_L(e)','GHMT2r','PSP_L'
'EX_tma(e)','FRD3','TMAOR1e'
'EX_tmao(e)','FRD3','TMAOR1e'
'EX_trp_L(e)','TRPS1','TRPS2'
'EX_trp_L(e)','TRPS1','TRPS3'
'EX_tyr_L(e)','GLYTYR1c','TYRTA'
'EX_tyr_L(e)','GLYTYRabc','TYRTA'
'EX_val_L(e)','KARA1','KARA3'
'EX_val_L(e)','VALTA','VPAMTr'
'EX_xan(e)','GUAt2','IMPD'
'F6PE4PL','RPI','TKT2'
'F6PE4PL','TALA','TKT2'
'F6PE4PL','TKT1','TKT2'
'FACOAL180','G3PAT180','STCOATA'
'FBA3','RPI','TALA'
'FBA3','TALA','TKT1'
'FDH','FDH2','GART'
'FDH','FDH2','GLUPRT'
'FDH','FDH2','H2CO3D'
'FDH','FDH2','IMPC'
'FDH','FDH2','PRAGS'
'FDH','FDH2','PRAIS'
'FDH','FDH2','PRASCSi'
'FDH','FDH2','PRFGS'
'FE2abc','FE3abc','FEDCabc'
'GARFTi','GART','HXPRT'
'GARFTi','GART','HYXNt'
'GCCa','GHMT2r','GLYCL'
'GCCb','GHMT2r','GLYCL'
'GCCc','GHMT2r','GLYCL'
'GGTA','GLUCYS','GTHRDt2'
'GGTA','GTHRDt2','GTHS'
'GHMT2r','PGCDr','SERt2r'
'GHMT2r','PSERT','SERt2r'
'GHMT2r','PSP_L','SERt2r'
'GK2','NDPK8','RNTR1'
'GLYPHEHYc','PHETA1','PHEt2r'
'GLYPHEHYc','PHEt2r','PPNDH'
'GLYPHEabc','PHETA1','PHEt2r'
'GLYPHEabc','PHEt2r','PPNDH'
'GLYTYR1c','TYRTA','TYRt2r'
'GLYTYRabc','TYRTA','TYRt2r'
'GMPS2','GUAt2','PUNP3'
'GMPS2','GUAt2','r1384'
'GPDDA2','MOHMT','O2t'
'GPDDA2','O2t','OPHHX3'
'GPDDA2','O2t','PYDXK'
'GPDDA2','O2t','PYDXabc'
'GPDDA2','O2t','SUCOAS'
'GUAPRT','IMPD','XPPT'
'GUAt2','IMPD','XANt2'
'H2CO3D','MALCOAPYRCT','MMSAD5'
'H2CO3D','OCBT','UPPRT'
'HKt','Kt1r','ZN2t4'
'HKt','Kt1r','ZNabc'
'LPAMMBT2','OIVD1r','OIVD3'
'MOHMT','O2t','PACTH'
'MOHMT','O2t','r0010'
'O2t','OPHHX3','PACTH'
'O2t','OPHHX3','r0010'
'O2t','PACTH','PYDXK'
'O2t','PACTH','PYDXabc'
'O2t','PACTH','SUCOAS'
'O2t','PYDXK','r0010'
'O2t','PYDXabc','r0010'
'O2t','SUCOAS','r0010'
'PDX5PO','PYAM5POr','PYDXK'
'PDX5PO','PYAM5POr','PYDXabc'
'PDX5PO','PYDAMK','PYDXK'
'PDX5PO','PYDAMK','PYDXabc'
'PDX5PO','PYDAMabc','PYDXK'
'PDX5PO','PYDAMabc','PYDXabc'
'PUNP4','RNDR2','RNTR2'
'PYAM5POr','PYDXK','PYDXNK'
'PYAM5POr','PYDXK','PYDXNabc'
'PYAM5POr','PYDXNK','PYDXabc'
'PYAM5POr','PYDXNabc','PYDXabc'
'PYDAMK','PYDXK','PYDXNK'
'PYDAMK','PYDXK','PYDXNabc'
'PYDAMK','PYDXNK','PYDXabc'
'PYDAMK','PYDXNabc','PYDXabc'
'PYDAMabc','PYDXK','PYDXNK'
'PYDAMabc','PYDXK','PYDXNabc'
'PYDAMabc','PYDXNK','PYDXabc'
'PYDAMabc','PYDXNabc','PYDXabc'
'RNDR2','RNTR2','r0456'
'RPI','S17BPH','TALA'
'S17BPH','TALA','TKT1'
'TRPS1','TRPS2','TRPt2r'
'TRPS1','TRPS3','TRPt2r'
