'23DHMPO','EX_ile_L(e)','KARA2'
'23DHMPO','ILEt2r','KARA2'
'2AHBUTI','EX_ile_L(e)','KARA2'
'2AHBUTI','ILEt2r','KARA2'
'3HACPR1','ASAD','HCYSHSL'
'3HACPR1','ASAD','THRD_L'
'3HACPR1','ASPKi','HCYSHSL'
'3HACPR1','ASPKi','THRD_L'
'3HACPR2','ASAD','HCYSHSL'
'3HACPR2','ASAD','THRD_L'
'3HACPR2','ASPKi','HCYSHSL'
'3HACPR2','ASPKi','THRD_L'
'3HAD100','AACPS7','RPI'
'3HAD100','DDCAt','RPI'
'3HAD100','EX_ddca(e)','RPI'
'3HAD120','AACPS7','RPI'
'3HAD120','DDCAt','RPI'
'3HAD120','EX_ddca(e)','RPI'
'3HAD40','AACPS7','RPI'
'3HAD40','DDCAt','RPI'
'3HAD40','EX_ddca(e)','RPI'
'3HAD60','AACPS7','RPI'
'3HAD60','DDCAt','RPI'
'3HAD60','EX_ddca(e)','RPI'
'3HAD80','AACPS7','RPI'
'3HAD80','DDCAt','RPI'
'3HAD80','EX_ddca(e)','RPI'
'3OAACPR1','ASAD','HCYSHSL'
'3OAACPR1','ASAD','THRD_L'
'3OAACPR1','ASPKi','HCYSHSL'
'3OAACPR1','ASPKi','THRD_L'
'3OAACPR2','ASAD','HCYSHSL'
'3OAACPR2','ASAD','THRD_L'
'3OAACPR2','ASPKi','HCYSHSL'
'3OAACPR2','ASPKi','THRD_L'
'3OAR100','AACPS7','RPI'
'3OAR100','DDCAt','RPI'
'3OAR100','EX_ddca(e)','RPI'
'3OAR120','AACPS7','RPI'
'3OAR120','DDCAt','RPI'
'3OAR120','EX_ddca(e)','RPI'
'3OAR40','AACPS7','RPI'
'3OAR40','DDCAt','RPI'
'3OAR40','EX_ddca(e)','RPI'
'3OAR60','AACPS7','RPI'
'3OAR60','DDCAt','RPI'
'3OAR60','EX_ddca(e)','RPI'
'3OAR80','AACPS7','RPI'
'3OAR80','DDCAt','RPI'
'3OAR80','EX_ddca(e)','RPI'
'3OAS100','AACPS7','RPI'
'3OAS100','DDCAt','RPI'
'3OAS100','EX_ddca(e)','RPI'
'3OAS120','AACPS7','RPI'
'3OAS120','DDCAt','RPI'
'3OAS120','EX_ddca(e)','RPI'
'3OAS60','AACPS7','RPI'
'3OAS60','DDCAt','RPI'
'3OAS60','EX_ddca(e)','RPI'
'3OAS80','AACPS7','RPI'
'3OAS80','DDCAt','RPI'
'3OAS80','EX_ddca(e)','RPI'
'AACPS7','ACOATA','RPI'
'AACPS7','EAR100x','RPI'
'AACPS7','EAR120x','RPI'
'AACPS7','EAR40x','RPI'
'AACPS7','EAR60x','RPI'
'AACPS7','EAR80x','RPI'
'AACPS7','KAS14','RPI'
'ACCOAC','ACCOACL','RPI'
'ACCOAC','BTNCLi','RPI'
'ACLS_a','EX_ile_L(e)','LPAMS'
'ACLS_a','EX_ile_L(e)','PDHa'
'ACLS_a','EX_val_L(e)','LPAMS'
'ACLS_a','EX_val_L(e)','PDHa'
'ACLS_a','ILEt2r','LPAMS'
'ACLS_a','ILEt2r','PDHa'
'ACLS_a','LPAMS','VALTA'
'ACLS_a','LPAMS','VALt2r'
'ACLS_a','PDHa','VALTA'
'ACLS_a','PDHa','VALt2r'
'ACOATA','DDCAt','RPI'
'ACOATA','EX_ddca(e)','RPI'
'ADK7','GK1','NDPK8'
'ADK7','GK2','NDPK8'
'ADNK1','ASAD','HCYSHSL'
'ADNK1','ASAD','THRD_L'
'ADNK1','ASPKi','HCYSHSL'
'ADNK1','ASPKi','THRD_L'
'AHC','ASAD','HCYSHSL'
'AHC','ASAD','THRD_L'
'AHC','ASPKi','HCYSHSL'
'AHC','ASPKi','THRD_L'
'AICART','ALAHIS1c','EX_his_L(e)'
'AICART','ALAHIS1c','HISt2r'
'AICART','ALAHISabc','EX_his_L(e)'
'AICART','ALAHISabc','HISt2r'
'AICART','EX_alahis(e)','EX_his_L(e)'
'AICART','EX_alahis(e)','HISt2r'
'ALACI','EX_val_L(e)','KARA1'
'ALACI','KARA1','VALTA'
'ALACI','KARA1','VALt2r'
'ALAHIS1c','ATPPRT','EX_his_L(e)'
'ALAHIS1c','ATPPRT','HISt2r'
'ALAHIS1c','EX_his_L(e)','HISTP'
'ALAHIS1c','EX_his_L(e)','HSTPTr'
'ALAHIS1c','EX_his_L(e)','IG3PS'
'ALAHIS1c','EX_his_L(e)','IGPDH'
'ALAHIS1c','EX_his_L(e)','IMPC'
'ALAHIS1c','EX_his_L(e)','MTHFC'
'ALAHIS1c','EX_his_L(e)','MTHFD'
'ALAHIS1c','EX_his_L(e)','PRAMPC'
'ALAHIS1c','EX_his_L(e)','PRATPP'
'ALAHIS1c','EX_his_L(e)','PRMICI'
'ALAHIS1c','HISTP','HISt2r'
'ALAHIS1c','HISt2r','HSTPTr'
'ALAHIS1c','HISt2r','IG3PS'
'ALAHIS1c','HISt2r','IGPDH'
'ALAHIS1c','HISt2r','IMPC'
'ALAHIS1c','HISt2r','MTHFC'
'ALAHIS1c','HISt2r','MTHFD'
'ALAHIS1c','HISt2r','PRAMPC'
'ALAHIS1c','HISt2r','PRATPP'
'ALAHIS1c','HISt2r','PRMICI'
'ALAHISabc','ATPPRT','EX_his_L(e)'
'ALAHISabc','ATPPRT','HISt2r'
'ALAHISabc','EX_his_L(e)','HISTP'
'ALAHISabc','EX_his_L(e)','HSTPTr'
'ALAHISabc','EX_his_L(e)','IG3PS'
'ALAHISabc','EX_his_L(e)','IGPDH'
'ALAHISabc','EX_his_L(e)','IMPC'
'ALAHISabc','EX_his_L(e)','MTHFC'
'ALAHISabc','EX_his_L(e)','MTHFD'
'ALAHISabc','EX_his_L(e)','PRAMPC'
'ALAHISabc','EX_his_L(e)','PRATPP'
'ALAHISabc','EX_his_L(e)','PRMICI'
'ALAHISabc','HISTP','HISt2r'
'ALAHISabc','HISt2r','HSTPTr'
'ALAHISabc','HISt2r','IG3PS'
'ALAHISabc','HISt2r','IGPDH'
'ALAHISabc','HISt2r','IMPC'
'ALAHISabc','HISt2r','MTHFC'
'ALAHISabc','HISt2r','MTHFD'
'ALAHISabc','HISt2r','PRAMPC'
'ALAHISabc','HISt2r','PRATPP'
'ALAHISabc','HISt2r','PRMICI'
'ALATHR1c','EX_thr_L(e)','HSK'
'ALATHR1c','EX_thr_L(e)','THRS'
'ALATHR1c','HSK','THRt2r'
'ALATHR1c','THRS','THRt2r'
'ALATHRabc','EX_thr_L(e)','HSK'
'ALATHRabc','EX_thr_L(e)','THRS'
'ALATHRabc','HSK','THRt2r'
'ALATHRabc','THRS','THRt2r'
'ALCD1','ASAD','HCYSHSL'
'ALCD1','ASAD','THRD_L'
'ALCD1','ASPKi','HCYSHSL'
'ALCD1','ASPKi','THRD_L'
'ALCD19','EX_fru(e)','FBA'
'ALCD19','FBA','FRUpts'
'ALDD1','ASAD','HCYSHSL'
'ALDD1','ASAD','THRD_L'
'ALDD1','ASPKi','HCYSHSL'
'ALDD1','ASPKi','THRD_L'
'AMAOTr','ASAD','HCYSHSL'
'AMAOTr','ASAD','THRD_L'
'AMAOTr','ASPKi','HCYSHSL'
'AMAOTr','ASPKi','THRD_L'
'ANS','ANS2','EX_trp_L(e)'
'ANS','ANS2','TRPt2r'
'AOXSr2','ASAD','HCYSHSL'
'AOXSr2','ASAD','THRD_L'
'AOXSr2','ASPKi','HCYSHSL'
'AOXSr2','ASPKi','THRD_L'
'ARGt2','CBMK','CBPS'
'ARGt2','CBMK','H2CO3D'
'ASAD','BTS4','HCYSHSL'
'ASAD','BTS4','THRD_L'
'ASAD','DBTS','HCYSHSL'
'ASAD','DBTS','THRD_L'
'ASAD','DM_AMOB','HCYSHSL'
'ASAD','DM_AMOB','THRD_L'
'ASAD','DM_btn','HCYSHSL'
'ASAD','DM_btn','THRD_L'
'ASAD','DM_dad_5','HCYSHSL'
'ASAD','DM_dad_5','THRD_L'
'ASAD','EACPR1','HCYSHSL'
'ASAD','EACPR1','THRD_L'
'ASAD','EACPR2','HCYSHSL'
'ASAD','EACPR2','THRD_L'
'ASAD','GACPCD','HCYSHSL'
'ASAD','GACPCD','THRD_L'
'ASAD','H2CO3D','HCYSHSL'
'ASAD','H2CO3D','THRD_L'
'ASAD','HCYSHSL','MALCOACD'
'ASAD','HCYSHSL','MALCOAMT'
'ASAD','HCYSHSL','MCOATA'
'ASAD','HCYSHSL','PMACPME'
'ASAD','HCYSHSL','sink_s'
'ASAD','HSDx','HSDy'
'ASAD','MALCOACD','THRD_L'
'ASAD','MALCOAMT','THRD_L'
'ASAD','MCOATA','THRD_L'
'ASAD','PMACPME','THRD_L'
'ASAD','THRD_L','sink_s'
'ASPCT','CSND','EX_ura(e)'
'ASPCT','CSND','URAt2'
'ASPCT','CSNt2','EX_ura(e)'
'ASPCT','CSNt2','URAt2'
'ASPCT','EX_csn(e)','EX_ura(e)'
'ASPCT','EX_csn(e)','URAt2'
'ASPKi','BTS4','HCYSHSL'
'ASPKi','BTS4','THRD_L'
'ASPKi','DBTS','HCYSHSL'
'ASPKi','DBTS','THRD_L'
'ASPKi','DM_AMOB','HCYSHSL'
'ASPKi','DM_AMOB','THRD_L'
'ASPKi','DM_btn','HCYSHSL'
'ASPKi','DM_btn','THRD_L'
'ASPKi','DM_dad_5','HCYSHSL'
'ASPKi','DM_dad_5','THRD_L'
'ASPKi','EACPR1','HCYSHSL'
'ASPKi','EACPR1','THRD_L'
'ASPKi','EACPR2','HCYSHSL'
'ASPKi','EACPR2','THRD_L'
'ASPKi','GACPCD','HCYSHSL'
'ASPKi','GACPCD','THRD_L'
'ASPKi','H2CO3D','HCYSHSL'
'ASPKi','H2CO3D','THRD_L'
'ASPKi','HCYSHSL','MALCOACD'
'ASPKi','HCYSHSL','MALCOAMT'
'ASPKi','HCYSHSL','MCOATA'
'ASPKi','HCYSHSL','PMACPME'
'ASPKi','HCYSHSL','sink_s'
'ASPKi','HSDx','HSDy'
'ASPKi','MALCOACD','THRD_L'
'ASPKi','MALCOAMT','THRD_L'
'ASPKi','MCOATA','THRD_L'
'ASPKi','PMACPME','THRD_L'
'ASPKi','THRD_L','sink_s'
'ASPO5','EX_nac(e)','EX_o2(e)'
'ASPO5','EX_nac(e)','O2t'
'ASPO5','EX_o2(e)','NACt2r'
'ASPO5','EX_o2(e)','NAPRT'
'ASPO5','NACt2r','O2t'
'ASPO5','NAPRT','O2t'
'ATPPRT','EX_alahis(e)','EX_his_L(e)'
'ATPPRT','EX_alahis(e)','HISt2r'
'CBMK','CBPS','EX_arg_L(e)'
'CBMK','EX_arg_L(e)','H2CO3D'
'CSND','DHORTS','EX_ura(e)'
'CSND','DHORTS','URAt2'
'CSND','EX_ura(e)','OMPDC'
'CSND','EX_ura(e)','OROTPT'
'CSND','OMPDC','URAt2'
'CSND','OROTPT','URAt2'
'CSNt2','DHORTS','EX_ura(e)'
'CSNt2','DHORTS','URAt2'
'CSNt2','EX_ura(e)','OMPDC'
'CSNt2','EX_ura(e)','OROTPT'
'CSNt2','OMPDC','URAt2'
'CSNt2','OROTPT','URAt2'
'DDCAt','EAR100x','RPI'
'DDCAt','EAR120x','RPI'
'DDCAt','EAR40x','RPI'
'DDCAt','EAR60x','RPI'
'DDCAt','EAR80x','RPI'
'DDCAt','KAS14','RPI'
'DHORTS','EX_csn(e)','EX_ura(e)'
'DHORTS','EX_csn(e)','URAt2'
'EAR100x','EX_ddca(e)','RPI'
'EAR120x','EX_ddca(e)','RPI'
'EAR40x','EX_ddca(e)','RPI'
'EAR60x','EX_ddca(e)','RPI'
'EAR80x','EX_ddca(e)','RPI'
'EX_alahis(e)','EX_his_L(e)','HISTP'
'EX_alahis(e)','EX_his_L(e)','HSTPTr'
'EX_alahis(e)','EX_his_L(e)','IG3PS'
'EX_alahis(e)','EX_his_L(e)','IGPDH'
'EX_alahis(e)','EX_his_L(e)','IMPC'
'EX_alahis(e)','EX_his_L(e)','MTHFC'
'EX_alahis(e)','EX_his_L(e)','MTHFD'
'EX_alahis(e)','EX_his_L(e)','PRAMPC'
'EX_alahis(e)','EX_his_L(e)','PRATPP'
'EX_alahis(e)','EX_his_L(e)','PRMICI'
'EX_alahis(e)','HISTP','HISt2r'
'EX_alahis(e)','HISt2r','HSTPTr'
'EX_alahis(e)','HISt2r','IG3PS'
'EX_alahis(e)','HISt2r','IGPDH'
'EX_alahis(e)','HISt2r','IMPC'
'EX_alahis(e)','HISt2r','MTHFC'
'EX_alahis(e)','HISt2r','MTHFD'
'EX_alahis(e)','HISt2r','PRAMPC'
'EX_alahis(e)','HISt2r','PRATPP'
'EX_alahis(e)','HISt2r','PRMICI'
'EX_alathr(e)','EX_thr_L(e)','HSK'
'EX_alathr(e)','EX_thr_L(e)','THRS'
'EX_alathr(e)','HSK','THRt2r'
'EX_alathr(e)','THRS','THRt2r'
'EX_csn(e)','EX_ura(e)','OMPDC'
'EX_csn(e)','EX_ura(e)','OROTPT'
'EX_csn(e)','OMPDC','URAt2'
'EX_csn(e)','OROTPT','URAt2'
'EX_ddca(e)','KAS14','RPI'
'EX_fru(e)','EX_glyc(e)','PGK'
'EX_fru(e)','EX_glyc(e)','TPI'
'EX_fru(e)','FBA','FBA2'
'EX_fru(e)','GLYCt','PGK'
'EX_fru(e)','GLYCt','TPI'
'EX_fru(e)','GLYK','TPI'
'EX_glyc(e)','FRUpts','PGK'
'EX_glyc(e)','FRUpts','TPI'
'EX_glyphe(e)','EX_phe_L(e)','PHETA1'
'EX_glyphe(e)','EX_phe_L(e)','PPNDH'
'EX_glyphe(e)','PHETA1','PHEt2r'
'EX_glyphe(e)','PHEt2r','PPNDH'
'EX_glypro(e)','EX_pro_L(e)','G5SADs'
'EX_glypro(e)','EX_pro_L(e)','P5CRyr'
'EX_hxan(e)','GARFTi','GART'
'EX_ile_L(e)','HCYSHSL','THRD_L'
'EX_phe_L(e)','GLYPHEHYc','PHETA1'
'EX_phe_L(e)','GLYPHEHYc','PPNDH'
'EX_phe_L(e)','GLYPHEabc','PHETA1'
'EX_phe_L(e)','GLYPHEabc','PPNDH'
'EX_pro_L(e)','G5SADs','GLYPROPRO1c'
'EX_pro_L(e)','G5SADs','GLYPROabc'
'EX_pro_L(e)','GLYPROPRO1c','P5CRyr'
'EX_pro_L(e)','GLYPROabc','P5CRyr'
'EX_trp_L(e)','TRPS1','TRPS2'
'EX_trp_L(e)','TRPS1','TRPS3'
'EX_val_L(e)','KARA1','KARA3'
'FBA','FBA2','FRUpts'
'FBA','PGK','TPI'
'FRUK','PGK','TPI'
'FRUpts','GLYCt','PGK'
'FRUpts','GLYCt','TPI'
'FRUpts','GLYK','TPI'
'GARFTi','GART','HXPRT'
'GARFTi','GART','HYXNt'
'GLYPHEHYc','PHETA1','PHEt2r'
'GLYPHEHYc','PHEt2r','PPNDH'
'GLYPHEabc','PHETA1','PHEt2r'
'GLYPHEabc','PHEt2r','PPNDH'
'HCYSHSL','ILEt2r','THRD_L'
'HKt','Kt1r','ZN2t4'
'HKt','Kt1r','ZNabc'
'KARA1','KARA3','VALTA'
'KARA1','KARA3','VALt2r'
'PIabc','PIt6b','PIt7ir'
'TRPS1','TRPS2','TRPt2r'
'TRPS1','TRPS3','TRPt2r'
