[
  {
    "'g.2245.peg.140'": "'g.2245.peg.1441'",
    "'553184.4.peg.1271'": "'g.2245.peg.950'"
  },
  {
    "'g.2245.peg.140'": "'553184.4.peg.980'",
    "'553184.4.peg.1271'": "'g.2245.peg.1183'"
  },
  {
    "'g.2245.peg.140'": "'g.2245.peg.489'",
    "'553184.4.peg.1271'": "'g.2245.peg.556'"
  },
  {
    "'g.2245.peg.140'": "'g.2245.peg.1067'",
    "'553184.4.peg.1271'": "'g.2245.peg.556'"
  },
  {
    "'g.2245.peg.140'": "'g.2245.peg.354'",
    "'553184.4.peg.1271'": "'g.2245.peg.1434'"
  },
  {
    "'g.2245.peg.140'": "'g.2245.peg.815'",
    "'553184.4.peg.1271'": "'g.2245.peg.107'"
  },
  {
    "'g.2245.peg.140'": "'g.2245.peg.562'",
    "'553184.4.peg.1271'": "'g.2245.peg.107'"
  },
  {
    "'g.2245.peg.140'": "'g.2245.peg.107'",
    "'553184.4.peg.1271'": "'g.2245.peg.2'"
  },
  {
    "'g.2245.peg.140'": "'g.2245.peg.107'",
    "'553184.4.peg.1271'": "'g.2245.peg.604'"
  },
  {
    "'g.2245.peg.140'": "'g.2245.peg.107'",
    "'553184.4.peg.1271'": "'g.2245.peg.1049'"
  },
  {
    "'g.2245.peg.140'": "'553184.4.peg.1458'",
    "'553184.4.peg.1271'": "'553184.4.peg.887'"
  },
  {
    "'g.2245.peg.140'": "'g.2245.peg.500'",
    "'553184.4.peg.1271'": "'g.2245.peg.728'"
  },
  {
    "'g.2245.peg.140'": "'g.2245.peg.233'",
    "'553184.4.peg.1271'": "'g.2245.peg.813'"
  }
]