[
  {
    "'Unknown'": "'g.2245.peg.1004'"
  },
  {
    "'Unknown'": "'553184.4.peg.873'"
  },
  {
    "'Unknown'": "'g.2245.peg.791'"
  },
  {
    "'Unknown'": "'g.2245.peg.1108'"
  },
  {
    "'Unknown'": "'g.2245.peg.416'"
  },
  {
    "'Unknown'": "'g.2245.peg.503'"
  },
  {
    "'Unknown'": "'g.2245.peg.583'"
  },
  {
    "'Unknown'": "'g.2245.peg.1208'"
  },
  {
    "'Unknown'": "'553184.4.peg.57'"
  },
  {
    "'Unknown'": "'g.2245.peg.1476'"
  },
  {
    "'Unknown'": "'g.2245.peg.64'"
  },
  {
    "'Unknown'": "'553184.4.peg.1257'"
  },
  {
    "'Unknown'": "'g.2245.peg.332'"
  },
  {
    "'Unknown'": "'g.2245.peg.335'"
  },
  {
    "'Unknown'": "'g.2245.peg.910'"
  },
  {
    "'Unknown'": "'553184.4.peg.700'"
  },
  {
    "'Unknown'": "'553184.4.peg.1362'"
  },
  {
    "'Unknown'": "'g.2245.peg.747'"
  },
  {
    "'Unknown'": "'553184.4.peg.921'"
  },
  {
    "'Unknown'": "'g.2245.peg.937'"
  },
  {
    "'Unknown'": "'g.2245.peg.447'"
  },
  {
    "'Unknown'": "'g.2245.peg.730'"
  },
  {
    "'Unknown'": "'g.2245.peg.686'"
  },
  {
    "'Unknown'": "'g.2245.peg.768'"
  },
  {
    "'Unknown'": "'553184.4.peg.1460'"
  },
  {
    "'Unknown'": "'g.2245.peg.396'"
  },
  {
    "'Unknown'": "'g.2245.peg.238'"
  },
  {
    "'Unknown'": "'g.2245.peg.1449'"
  },
  {
    "'Unknown'": "'g.2245.peg.451'"
  },
  {
    "'Unknown'": "'g.2245.peg.221'"
  },
  {
    "'Unknown'": "'g.2245.peg.769'"
  },
  {
    "'Unknown'": "'g.2245.peg.319'"
  },
  {
    "'Unknown'": "'g.2245.peg.609'"
  },
  {
    "'Unknown'": "'g.2245.peg.1128'"
  },
  {
    "'Unknown'": "'g.2245.peg.1255'"
  },
  {
    "'Unknown'": "'g.2245.peg.1264'"
  },
  {
    "'Unknown'": "'g.2245.peg.727'"
  },
  {
    "'Unknown'": "'g.2245.peg.968'"
  },
  {
    "'Unknown'": "'553184.4.peg.129'"
  },
  {
    "'Unknown'": "'g.2245.peg.186'"
  },
  {
    "'Unknown'": "'553184.4.peg.825'"
  },
  {
    "'Unknown'": "'553184.4.peg.173'"
  },
  {
    "'Unknown'": "'g.2245.peg.1176'"
  },
  {
    "'Unknown'": "'553184.4.peg.29'"
  },
  {
    "'Unknown'": "'g.2245.peg.1335'"
  },
  {
    "'Unknown'": "'553184.4.peg.670'"
  },
  {
    "'Unknown'": "'g.2245.peg.439'"
  },
  {
    "'Unknown'": "'g.2245.peg.390'"
  },
  {
    "'Unknown'": "'g.2245.peg.513'"
  },
  {
    "'Unknown'": "'g.2245.peg.602'"
  },
  {
    "'Unknown'": "'g.2245.peg.192'"
  },
  {
    "'Unknown'": "'g.2245.peg.1438'"
  },
  {
    "'Unknown'": "'g.2245.peg.306'"
  },
  {
    "'Unknown'": "'g.2245.peg.94'"
  },
  {
    "'Unknown'": "'g.2245.peg.164'"
  },
  {
    "'Unknown'": "'g.2245.peg.759'"
  },
  {
    "'Unknown'": "'g.2245.peg.618'"
  },
  {
    "'Unknown'": "'g.2245.peg.135'"
  },
  {
    "'Unknown'": "'553184.4.peg.198'"
  },
  {
    "'Unknown'": "'g.2245.peg.453'"
  },
  {
    "'Unknown'": "'g.2245.peg.588'"
  },
  {
    "'Unknown'": "'g.2245.peg.689'"
  },
  {
    "'Unknown'": "'g.2245.peg.1036'"
  },
  {
    "'Unknown'": "'g.2245.peg.1182'"
  },
  {
    "'Unknown'": "'g.2245.peg.125'"
  },
  {
    "'Unknown'": "'g.2245.peg.1344'"
  },
  {
    "'Unknown'": "'g.2245.peg.1383'"
  },
  {
    "'Unknown'": "'g.2245.peg.1422'"
  },
  {
    "'Unknown'": "'g.2245.peg.1461'"
  },
  {
    "'Unknown'": "'g.2245.peg.156'"
  },
  {
    "'Unknown'": "'g.2245.peg.198'"
  },
  {
    "'Unknown'": "'g.2245.peg.304'"
  },
  {
    "'Unknown'": "'g.2245.peg.436'"
  },
  {
    "'Unknown'": "'g.2245.peg.527'"
  },
  {
    "'Unknown'": "'g.2245.peg.649'"
  },
  {
    "'Unknown'": "'g.2245.peg.700'"
  },
  {
    "'Unknown'": "'g.2245.peg.758'"
  },
  {
    "'Unknown'": "'g.2245.peg.828'"
  },
  {
    "'Unknown'": "'g.2245.peg.1007'"
  },
  {
    "'Unknown'": "'g.2245.peg.1010'"
  },
  {
    "'Unknown'": "'g.2245.peg.1030'"
  },
  {
    "'Unknown'": "'g.2245.peg.1051'"
  },
  {
    "'Unknown'": "'g.2245.peg.1052'"
  },
  {
    "'Unknown'": "'g.2245.peg.1078'"
  },
  {
    "'Unknown'": "'g.2245.peg.1163'"
  },
  {
    "'Unknown'": "'g.2245.peg.1196'"
  },
  {
    "'Unknown'": "'g.2245.peg.12'"
  },
  {
    "'Unknown'": "'g.2245.peg.1213'"
  },
  {
    "'Unknown'": "'g.2245.peg.1218'"
  },
  {
    "'Unknown'": "'g.2245.peg.122'"
  },
  {
    "'Unknown'": "'g.2245.peg.1222'"
  },
  {
    "'Unknown'": "'g.2245.peg.1270'"
  },
  {
    "'Unknown'": "'g.2245.peg.1284'"
  },
  {
    "'Unknown'": "'g.2245.peg.1286'"
  },
  {
    "'Unknown'": "'g.2245.peg.1289'"
  },
  {
    "'Unknown'": "'g.2245.peg.1303'"
  },
  {
    "'Unknown'": "'g.2245.peg.132'"
  },
  {
    "'Unknown'": "'g.2245.peg.1345'"
  },
  {
    "'Unknown'": "'g.2245.peg.1361'"
  },
  {
    "'Unknown'": "'g.2245.peg.1369'"
  },
  {
    "'Unknown'": "'g.2245.peg.1405'"
  },
  {
    "'Unknown'": "'g.2245.peg.1424'"
  },
  {
    "'Unknown'": "'g.2245.peg.1437'"
  },
  {
    "'Unknown'": "'g.2245.peg.1447'"
  },
  {
    "'Unknown'": "'g.2245.peg.155'"
  },
  {
    "'Unknown'": "'g.2245.peg.169'"
  },
  {
    "'Unknown'": "'g.2245.peg.195'"
  },
  {
    "'Unknown'": "'g.2245.peg.26'"
  },
  {
    "'Unknown'": "'g.2245.peg.271'"
  },
  {
    "'Unknown'": "'g.2245.peg.291'"
  },
  {
    "'Unknown'": "'g.2245.peg.294'"
  },
  {
    "'Unknown'": "'g.2245.peg.326'"
  },
  {
    "'Unknown'": "'g.2245.peg.336'"
  },
  {
    "'Unknown'": "'g.2245.peg.368'"
  },
  {
    "'Unknown'": "'g.2245.peg.373'"
  },
  {
    "'Unknown'": "'g.2245.peg.397'"
  },
  {
    "'Unknown'": "'g.2245.peg.423'"
  },
  {
    "'Unknown'": "'g.2245.peg.43'"
  },
  {
    "'Unknown'": "'g.2245.peg.446'"
  },
  {
    "'Unknown'": "'g.2245.peg.454'"
  },
  {
    "'Unknown'": "'g.2245.peg.46'"
  },
  {
    "'Unknown'": "'g.2245.peg.464'"
  },
  {
    "'Unknown'": "'g.2245.peg.48'"
  },
  {
    "'Unknown'": "'g.2245.peg.485'"
  },
  {
    "'Unknown'": "'g.2245.peg.501'"
  },
  {
    "'Unknown'": "'g.2245.peg.539'"
  },
  {
    "'Unknown'": "'g.2245.peg.54'"
  },
  {
    "'Unknown'": "'g.2245.peg.543'"
  },
  {
    "'Unknown'": "'g.2245.peg.564'"
  },
  {
    "'Unknown'": "'g.2245.peg.582'"
  },
  {
    "'Unknown'": "'g.2245.peg.587'"
  },
  {
    "'Unknown'": "'g.2245.peg.592'"
  },
  {
    "'Unknown'": "'g.2245.peg.635'"
  },
  {
    "'Unknown'": "'g.2245.peg.655'"
  },
  {
    "'Unknown'": "'g.2245.peg.659'"
  },
  {
    "'Unknown'": "'g.2245.peg.701'"
  },
  {
    "'Unknown'": "'g.2245.peg.713'"
  },
  {
    "'Unknown'": "'g.2245.peg.737'"
  },
  {
    "'Unknown'": "'g.2245.peg.764'"
  },
  {
    "'Unknown'": "'g.2245.peg.857'"
  },
  {
    "'Unknown'": "'g.2245.peg.888'"
  },
  {
    "'Unknown'": "'g.2245.peg.898'"
  },
  {
    "'Unknown'": "'g.2245.peg.905'"
  },
  {
    "'Unknown'": "'g.2245.peg.909'"
  },
  {
    "'Unknown'": "'g.2245.peg.934'"
  },
  {
    "'Unknown'": "'g.2245.peg.951'"
  },
  {
    "'Unknown'": "'g.2245.peg.96'"
  },
  {
    "'Unknown'": "'g.2245.peg.982'"
  },
  {
    "'Unknown'": "'g.2245.peg.323'"
  },
  {
    "'Unknown'": "'g.2245.peg.1272'"
  },
  {
    "'Unknown'": "'g.2245.peg.150'"
  },
  {
    "'Unknown'": "'g.2245.peg.537'"
  },
  {
    "'Unknown'": "'g.2245.peg.565'"
  },
  {
    "'Unknown'": "'g.2245.peg.569'"
  },
  {
    "'Unknown'": "'g.2245.peg.697'"
  },
  {
    "'Unknown'": "'g.2245.peg.865'"
  },
  {
    "'Unknown'": "'g.2245.peg.870'"
  },
  {
    "'Unknown'": "'g.2245.peg.957'"
  }
]