[
  {
    "'g.2243.peg.108'": "'g.2243.peg.1128'",
    "'g.2243.peg.367'": "'g.2243.peg.121'"
  },
  {
    "'g.2243.peg.108'": "'g.2243.peg.40'",
    "'g.2243.peg.367'": "'g.2243.peg.121'"
  },
  {
    "'g.2243.peg.108'": "'553177.6.peg.298'",
    "'g.2243.peg.367'": "'g.2243.peg.1437'"
  },
  {
    "'g.2243.peg.108'": "'553177.6.peg.298'",
    "'g.2243.peg.367'": "'g.2243.peg.748'"
  },
  {
    "'g.2243.peg.108'": "'553177.6.peg.298'",
    "'g.2243.peg.367'": "'553177.6.peg.1295'"
  },
  {
    "'g.2243.peg.108'": "'g.2243.peg.1787'",
    "'g.2243.peg.367'": "'553177.6.peg.1135'"
  },
  {
    "'g.2243.peg.108'": "'g.2243.peg.1787'",
    "'g.2243.peg.367'": "'553177.6.peg.2245'"
  },
  {
    "'g.2243.peg.108'": "'g.2243.peg.1787'",
    "'g.2243.peg.367'": "'553177.6.peg.2396'"
  },
  {
    "'g.2243.peg.108'": "'g.2243.peg.1787'",
    "'g.2243.peg.367'": "'553177.6.peg.296'"
  },
  {
    "'g.2243.peg.108'": "'g.2243.peg.1787'",
    "'g.2243.peg.367'": "'g.2243.peg.2435'"
  },
  {
    "'g.2243.peg.108'": "'g.2243.peg.1787'",
    "'g.2243.peg.367'": "'553177.6.peg.1643'"
  },
  {
    "'g.2243.peg.108'": "'g.2243.peg.1787'",
    "'g.2243.peg.367'": "'553177.6.peg.781'"
  },
  {
    "'g.2243.peg.108'": "'g.2243.peg.1787'",
    "'g.2243.peg.367'": "'553177.6.peg.1868'"
  },
  {
    "'g.2243.peg.108'": "'g.2243.peg.1787'",
    "'g.2243.peg.367'": "'553177.6.peg.1613'"
  },
  {
    "'g.2243.peg.108'": "'g.2243.peg.1787'",
    "'g.2243.peg.367'": "'g.2243.peg.2051'"
  },
  {
    "'g.2243.peg.108'": "'g.2243.peg.546'",
    "'g.2243.peg.367'": "'553177.6.peg.370'"
  },
  {
    "'g.2243.peg.108'": "'g.2243.peg.555'",
    "'g.2243.peg.367'": "'g.2243.peg.121'"
  },
  {
    "'g.2243.peg.108'": "'g.2243.peg.745'",
    "'g.2243.peg.367'": "'g.2243.peg.121'"
  },
  {
    "'g.2243.peg.108'": "'g.2243.peg.2314'",
    "'g.2243.peg.367'": "'g.2243.peg.490'"
  },
  {
    "'g.2243.peg.108'": "'g.2243.peg.1239'",
    "'g.2243.peg.367'": "'g.2243.peg.331'"
  },
  {
    "'g.2243.peg.108'": "'g.2243.peg.1120'",
    "'g.2243.peg.367'": "'553177.6.peg.335'"
  },
  {
    "'g.2243.peg.108'": "'g.2243.peg.1120'",
    "'g.2243.peg.367'": "'553177.6.peg.1864'"
  },
  {
    "'g.2243.peg.108'": "'g.2243.peg.1120'",
    "'g.2243.peg.367'": "'553177.6.peg.1869'"
  },
  {
    "'g.2243.peg.108'": "'553177.6.peg.335'",
    "'g.2243.peg.367'": "'g.2243.peg.312'"
  },
  {
    "'g.2243.peg.108'": "'g.2243.peg.312'",
    "'g.2243.peg.367'": "'553177.6.peg.1864'"
  },
  {
    "'g.2243.peg.108'": "'g.2243.peg.312'",
    "'g.2243.peg.367'": "'553177.6.peg.1869'"
  },
  {
    "'g.2243.peg.108'": "'g.2243.peg.2238'",
    "'g.2243.peg.367'": "'g.2243.peg.2280'"
  },
  {
    "'g.2243.peg.108'": "'g.2243.peg.1050'",
    "'g.2243.peg.367'": "'g.2243.peg.490'"
  },
  {
    "'g.2243.peg.108'": "'g.2243.peg.2435'",
    "'g.2243.peg.367'": "'g.2243.peg.121'"
  },
  {
    "'g.2243.peg.108'": "'g.2243.peg.2655'",
    "'g.2243.peg.367'": "'553177.6.peg.431'"
  },
  {
    "'g.2243.peg.108'": "'g.2243.peg.219'",
    "'g.2243.peg.367'": "'553177.6.peg.431'"
  },
  {
    "'g.2243.peg.108'": "'g.2243.peg.1809'",
    "'g.2243.peg.367'": "'553177.6.peg.2632'"
  },
  {
    "'g.2243.peg.108'": "'553177.6.peg.370'",
    "'g.2243.peg.367'": "'g.2243.peg.1485'"
  },
  {
    "'g.2243.peg.108'": "'g.2243.peg.1293'",
    "'g.2243.peg.367'": "'g.2243.peg.523'"
  },
  {
    "'g.2243.peg.108'": "'g.2243.peg.1156'",
    "'g.2243.peg.367'": "'g.2243.peg.2037'"
  },
  {
    "'g.2243.peg.108'": "'g.2243.peg.2222'",
    "'g.2243.peg.367'": "'g.2243.peg.2437'"
  },
  {
    "'g.2243.peg.108'": "'553177.6.peg.2429'",
    "'g.2243.peg.367'": "'553177.6.peg.434'"
  },
  {
    "'g.2243.peg.108'": "'g.2243.peg.1296'",
    "'g.2243.peg.367'": "'g.2243.peg.1758'"
  }
]