[
  {
    "'23DHMPO'": "'23DHMPO'",
    "'3MOPt2r'": "'3MOPt2r'",
    "'EX_ile_L(e)'": "'ILEabc'"
  },
  {
    "'23DHMPO'": "'23DHMPO'",
    "'3MOPt2r'": "'EX_3mop(e)'",
    "'EX_ile_L(e)'": "'EX_ile_L(e)'"
  },
  {
    "'23DHMPO'": "'23DHMPO'",
    "'3MOPt2r'": "'EX_3mop(e)'",
    "'EX_ile_L(e)'": "'ILEabc'"
  },
  {
    "'23DHMPO'": "'2AHBUTI'",
    "'3MOPt2r'": "'3MOPt2r'",
    "'EX_ile_L(e)'": "'EX_ile_L(e)'"
  },
  {
    "'23DHMPO'": "'2AHBUTI'",
    "'3MOPt2r'": "'3MOPt2r'",
    "'EX_ile_L(e)'": "'ILEabc'"
  },
  {
    "'23DHMPO'": "'2AHBUTI'",
    "'3MOPt2r'": "'EX_3mop(e)'",
    "'EX_ile_L(e)'": "'EX_ile_L(e)'"
  },
  {
    "'23DHMPO'": "'2AHBUTI'",
    "'3MOPt2r'": "'EX_3mop(e)'",
    "'EX_ile_L(e)'": "'ILEabc'"
  },
  {
    "'23DHMPO'": "'2MEBCOADH'",
    "'3MOPt2r'": "'3MOPDC2'",
    "'EX_ile_L(e)'": "'OIVD1r'"
  },
  {
    "'23DHMPO'": "'2MEBCOADH'",
    "'3MOPt2r'": "'LPAMMBT2'",
    "'EX_ile_L(e)'": "'OIVD1r'"
  },
  {
    "'23DHMPO'": "'3HAD160'",
    "'3MOPt2r'": "'EX_ocdca(e)'",
    "'EX_ile_L(e)'": "'PMTCOATA'"
  },
  {
    "'23DHMPO'": "'3HAD160'",
    "'3MOPt2r'": "'FACOAL180'",
    "'EX_ile_L(e)'": "'PMTCOATA'"
  },
  {
    "'23DHMPO'": "'3HAD160'",
    "'3MOPt2r'": "'OCDCAt2'",
    "'EX_ile_L(e)'": "'PMTCOATA'"
  },
  {
    "'23DHMPO'": "'3HAD180'",
    "'3MOPt2r'": "'ACOAAGPAT180'",
    "'EX_ile_L(e)'": "'STCOATA'"
  },
  {
    "'23DHMPO'": "'3HAD180'",
    "'3MOPt2r'": "'SGAT'",
    "'EX_ile_L(e)'": "'STCOATA'"
  },
  {
    "'23DHMPO'": "'3MEBCOADH'",
    "'3MOPt2r'": "'3MOBS'",
    "'EX_ile_L(e)'": "'LEUTA'"
  },
  {
    "'23DHMPO'": "'3MEBCOADH'",
    "'3MOPt2r'": "'3MOPDC2'",
    "'EX_ile_L(e)'": "'OIVD3'"
  },
  {
    "'23DHMPO'": "'3MEBCOADH'",
    "'3MOPt2r'": "'IPMDr'",
    "'EX_ile_L(e)'": "'LEUTA'"
  },
  {
    "'23DHMPO'": "'3MEBCOADH'",
    "'3MOPt2r'": "'IPPMIa'",
    "'EX_ile_L(e)'": "'LEUTA'"
  },
  {
    "'23DHMPO'": "'3MEBCOADH'",
    "'3MOPt2r'": "'IPPMIb'",
    "'EX_ile_L(e)'": "'LEUTA'"
  },
  {
    "'23DHMPO'": "'3MEBCOADH'",
    "'3MOPt2r'": "'LEUTA'",
    "'EX_ile_L(e)'": "'OMCDC'"
  },
  {
    "'23DHMPO'": "'3MEBCOADH'",
    "'3MOPt2r'": "'LPAMMBT2'",
    "'EX_ile_L(e)'": "'OIVD3'"
  },
  {
    "'23DHMPO'": "'3MOPDC2'",
    "'3MOPt2r'": "'OIVD1r'",
    "'EX_ile_L(e)'": "'OIVD3'"
  },
  {
    "'23DHMPO'": "'3MOPt2r'",
    "'3MOPt2r'": "'ACHBPL'",
    "'EX_ile_L(e)'": "'EX_ile_L(e)'"
  },
  {
    "'23DHMPO'": "'3MOPt2r'",
    "'3MOPt2r'": "'ACHBPL'",
    "'EX_ile_L(e)'": "'ILEabc'"
  },
  {
    "'23DHMPO'": "'3MOPt2r'",
    "'3MOPt2r'": "'DHAD2'",
    "'EX_ile_L(e)'": "'EX_ile_L(e)'"
  },
  {
    "'23DHMPO'": "'3MOPt2r'",
    "'3MOPt2r'": "'DHAD2'",
    "'EX_ile_L(e)'": "'ILEabc'"
  },
  {
    "'23DHMPO'": "'3OAR180'",
    "'3MOPt2r'": "'ACOAAGPAT180'",
    "'EX_ile_L(e)'": "'STCOATA'"
  },
  {
    "'23DHMPO'": "'3OAR180'",
    "'3MOPt2r'": "'SGAT'",
    "'EX_ile_L(e)'": "'STCOATA'"
  },
  {
    "'23DHMPO'": "'3OAS180'",
    "'3MOPt2r'": "'ACOAAGPAT180'",
    "'EX_ile_L(e)'": "'STCOATA'"
  },
  {
    "'23DHMPO'": "'3OAS180'",
    "'3MOPt2r'": "'SGAT'",
    "'EX_ile_L(e)'": "'STCOATA'"
  },
  {
    "'23DHMPO'": "'A5PISO'",
    "'3MOPt2r'": "'ARABI'",
    "'EX_ile_L(e)'": "'ARB_Dabc'"
  },
  {
    "'23DHMPO'": "'A5PISO'",
    "'3MOPt2r'": "'ARABI'",
    "'EX_ile_L(e)'": "'EX_arab_D(e)'"
  },
  {
    "'23DHMPO'": "'A5PISO'",
    "'3MOPt2r'": "'ARB_Dabc'",
    "'EX_ile_L(e)'": "'DRIBI'"
  },
  {
    "'23DHMPO'": "'A5PISO'",
    "'3MOPt2r'": "'DRIBI'",
    "'EX_ile_L(e)'": "'EX_arab_D(e)'"
  },
  {
    "'23DHMPO'": "'ACGK'",
    "'3MOPt2r'": "'ARGSL'",
    "'EX_ile_L(e)'": "'EX_ptrc(e)'"
  },
  {
    "'23DHMPO'": "'ACGK'",
    "'3MOPt2r'": "'ARGSL'",
    "'EX_ile_L(e)'": "'PTRCabc'"
  },
  {
    "'23DHMPO'": "'ACGK'",
    "'3MOPt2r'": "'ARGSSr'",
    "'EX_ile_L(e)'": "'EX_ptrc(e)'"
  },
  {
    "'23DHMPO'": "'ACGK'",
    "'3MOPt2r'": "'ARGSSr'",
    "'EX_ile_L(e)'": "'PTRCabc'"
  },
  {
    "'23DHMPO'": "'ACGK'",
    "'3MOPt2r'": "'ASPCT'",
    "'EX_ile_L(e)'": "'EX_ptrc(e)'"
  },
  {
    "'23DHMPO'": "'ACGK'",
    "'3MOPt2r'": "'ASPCT'",
    "'EX_ile_L(e)'": "'PTRCabc'"
  },
  {
    "'23DHMPO'": "'ACGK'",
    "'3MOPt2r'": "'DHORTS'",
    "'EX_ile_L(e)'": "'EX_ptrc(e)'"
  },
  {
    "'23DHMPO'": "'ACGK'",
    "'3MOPt2r'": "'DHORTS'",
    "'EX_ile_L(e)'": "'PTRCabc'"
  },
  {
    "'23DHMPO'": "'ACGK'",
    "'3MOPt2r'": "'EX_ptrc(e)'",
    "'EX_ile_L(e)'": "'OCBT'"
  },
  {
    "'23DHMPO'": "'ACGK'",
    "'3MOPt2r'": "'EX_ptrc(e)'",
    "'EX_ile_L(e)'": "'OMPDC'"
  },
  {
    "'23DHMPO'": "'ACGK'",
    "'3MOPt2r'": "'EX_ptrc(e)'",
    "'EX_ile_L(e)'": "'OROTPT'"
  },
  {
    "'23DHMPO'": "'ACGK'",
    "'3MOPt2r'": "'OCBT'",
    "'EX_ile_L(e)'": "'PTRCabc'"
  },
  {
    "'23DHMPO'": "'ACGK'",
    "'3MOPt2r'": "'OMPDC'",
    "'EX_ile_L(e)'": "'PTRCabc'"
  },
  {
    "'23DHMPO'": "'ACGK'",
    "'3MOPt2r'": "'OROTPT'",
    "'EX_ile_L(e)'": "'PTRCabc'"
  },
  {
    "'23DHMPO'": "'ACGS'",
    "'3MOPt2r'": "'ARGt2r'",
    "'EX_ile_L(e)'": "'ORNTAC'"
  },
  {
    "'23DHMPO'": "'ACGS'",
    "'3MOPt2r'": "'EX_arg_L(e)'",
    "'EX_ile_L(e)'": "'ORNTAC'"
  },
  {
    "'23DHMPO'": "'ACHBPL'",
    "'3MOPt2r'": "'EX_3mop(e)'",
    "'EX_ile_L(e)'": "'EX_ile_L(e)'"
  },
  {
    "'23DHMPO'": "'ACHBPL'",
    "'3MOPt2r'": "'EX_3mop(e)'",
    "'EX_ile_L(e)'": "'ILEabc'"
  },
  {
    "'23DHMPO'": "'ACLS_a'",
    "'3MOPt2r'": "'EX_val_L(e)'",
    "'EX_ile_L(e)'": "'LPAMS'"
  },
  {
    "'23DHMPO'": "'ACLS_b'",
    "'3MOPt2r'": "'VALTA'",
    "'EX_ile_L(e)'": "'VPAMTr'"
  },
  {
    "'23DHMPO'": "'ACLS_b'",
    "'3MOPt2r'": "'VALabc'",
    "'EX_ile_L(e)'": "'VALt2r'"
  },
  {
    "'23DHMPO'": "'ACODAr'",
    "'3MOPt2r'": "'ARGt2r'",
    "'EX_ile_L(e)'": "'ORNTAC'"
  },
  {
    "'23DHMPO'": "'ACODAr'",
    "'3MOPt2r'": "'EX_arg_L(e)'",
    "'EX_ile_L(e)'": "'ORNTAC'"
  },
  {
    "'23DHMPO'": "'ACOTA'",
    "'3MOPt2r'": "'ARGSL'",
    "'EX_ile_L(e)'": "'EX_ptrc(e)'"
  },
  {
    "'23DHMPO'": "'ACOTA'",
    "'3MOPt2r'": "'ARGSL'",
    "'EX_ile_L(e)'": "'PTRCabc'"
  },
  {
    "'23DHMPO'": "'ACOTA'",
    "'3MOPt2r'": "'ARGSSr'",
    "'EX_ile_L(e)'": "'EX_ptrc(e)'"
  },
  {
    "'23DHMPO'": "'ACOTA'",
    "'3MOPt2r'": "'ARGSSr'",
    "'EX_ile_L(e)'": "'PTRCabc'"
  },
  {
    "'23DHMPO'": "'ACOTA'",
    "'3MOPt2r'": "'ASPCT'",
    "'EX_ile_L(e)'": "'EX_ptrc(e)'"
  },
  {
    "'23DHMPO'": "'ACOTA'",
    "'3MOPt2r'": "'ASPCT'",
    "'EX_ile_L(e)'": "'PTRCabc'"
  },
  {
    "'23DHMPO'": "'ACOTA'",
    "'3MOPt2r'": "'DHORTS'",
    "'EX_ile_L(e)'": "'EX_ptrc(e)'"
  },
  {
    "'23DHMPO'": "'ACOTA'",
    "'3MOPt2r'": "'DHORTS'",
    "'EX_ile_L(e)'": "'PTRCabc'"
  },
  {
    "'23DHMPO'": "'ACOTA'",
    "'3MOPt2r'": "'EX_ptrc(e)'",
    "'EX_ile_L(e)'": "'OCBT'"
  },
  {
    "'23DHMPO'": "'ACOTA'",
    "'3MOPt2r'": "'EX_ptrc(e)'",
    "'EX_ile_L(e)'": "'OMPDC'"
  },
  {
    "'23DHMPO'": "'ACOTA'",
    "'3MOPt2r'": "'EX_ptrc(e)'",
    "'EX_ile_L(e)'": "'OROTPT'"
  },
  {
    "'23DHMPO'": "'ACOTA'",
    "'3MOPt2r'": "'OCBT'",
    "'EX_ile_L(e)'": "'PTRCabc'"
  },
  {
    "'23DHMPO'": "'ACOTA'",
    "'3MOPt2r'": "'OMPDC'",
    "'EX_ile_L(e)'": "'PTRCabc'"
  },
  {
    "'23DHMPO'": "'ACOTA'",
    "'3MOPt2r'": "'OROTPT'",
    "'EX_ile_L(e)'": "'PTRCabc'"
  },
  {
    "'23DHMPO'": "'ADNK1'",
    "'3MOPt2r'": "'ADNUC'",
    "'EX_ile_L(e)'": "'AHCYSNS'"
  },
  {
    "'23DHMPO'": "'ADNK1'",
    "'3MOPt2r'": "'ADNUC'",
    "'EX_ile_L(e)'": "'DM_dhptd(c)'"
  },
  {
    "'23DHMPO'": "'ADNK1'",
    "'3MOPt2r'": "'ADNUC'",
    "'EX_ile_L(e)'": "'RHCCE'"
  },
  {
    "'23DHMPO'": "'ADSL2r'",
    "'3MOPt2r'": "'FDH'",
    "'EX_ile_L(e)'": "'FDH2'"
  },
  {
    "'23DHMPO'": "'AEPPT'",
    "'3MOPt2r'": "'EX_o2(e)'",
    "'EX_ile_L(e)'": "'EX_pydx(e)'"
  },
  {
    "'23DHMPO'": "'AEPPT'",
    "'3MOPt2r'": "'EX_o2(e)'",
    "'EX_ile_L(e)'": "'MOHMT'"
  },
  {
    "'23DHMPO'": "'AEPPT'",
    "'3MOPt2r'": "'EX_o2(e)'",
    "'EX_ile_L(e)'": "'OPHHX3'"
  },
  {
    "'23DHMPO'": "'AEPPT'",
    "'3MOPt2r'": "'EX_o2(e)'",
    "'EX_ile_L(e)'": "'PYDXK'"
  },
  {
    "'23DHMPO'": "'AEPPT'",
    "'3MOPt2r'": "'EX_o2(e)'",
    "'EX_ile_L(e)'": "'PYDXabc'"
  },
  {
    "'23DHMPO'": "'AEPPT'",
    "'3MOPt2r'": "'EX_o2(e)'",
    "'EX_ile_L(e)'": "'SUCOAS'"
  },
  {
    "'23DHMPO'": "'AEPPT'",
    "'3MOPt2r'": "'EX_pydx(e)'",
    "'EX_ile_L(e)'": "'O2t'"
  },
  {
    "'23DHMPO'": "'AEPPT'",
    "'3MOPt2r'": "'MOHMT'",
    "'EX_ile_L(e)'": "'O2t'"
  },
  {
    "'23DHMPO'": "'AEPPT'",
    "'3MOPt2r'": "'O2t'",
    "'EX_ile_L(e)'": "'OPHHX3'"
  },
  {
    "'23DHMPO'": "'AEPPT'",
    "'3MOPt2r'": "'O2t'",
    "'EX_ile_L(e)'": "'PYDXK'"
  },
  {
    "'23DHMPO'": "'AEPPT'",
    "'3MOPt2r'": "'O2t'",
    "'EX_ile_L(e)'": "'PYDXabc'"
  },
  {
    "'23DHMPO'": "'AEPPT'",
    "'3MOPt2r'": "'O2t'",
    "'EX_ile_L(e)'": "'SUCOAS'"
  },
  {
    "'23DHMPO'": "'AGPAT180'",
    "'3MOPt2r'": "'FACOAL180'",
    "'EX_ile_L(e)'": "'STCOATA'"
  },
  {
    "'23DHMPO'": "'AGPR'",
    "'3MOPt2r'": "'ARGSL'",
    "'EX_ile_L(e)'": "'EX_ptrc(e)'"
  },
  {
    "'23DHMPO'": "'AGPR'",
    "'3MOPt2r'": "'ARGSL'",
    "'EX_ile_L(e)'": "'PTRCabc'"
  },
  {
    "'23DHMPO'": "'AGPR'",
    "'3MOPt2r'": "'ARGSSr'",
    "'EX_ile_L(e)'": "'EX_ptrc(e)'"
  },
  {
    "'23DHMPO'": "'AGPR'",
    "'3MOPt2r'": "'ARGSSr'",
    "'EX_ile_L(e)'": "'PTRCabc'"
  },
  {
    "'23DHMPO'": "'AGPR'",
    "'3MOPt2r'": "'ASPCT'",
    "'EX_ile_L(e)'": "'EX_ptrc(e)'"
  },
  {
    "'23DHMPO'": "'AGPR'",
    "'3MOPt2r'": "'ASPCT'",
    "'EX_ile_L(e)'": "'PTRCabc'"
  },
  {
    "'23DHMPO'": "'AGPR'",
    "'3MOPt2r'": "'DHORTS'",
    "'EX_ile_L(e)'": "'EX_ptrc(e)'"
  },
  {
    "'23DHMPO'": "'AGPR'",
    "'3MOPt2r'": "'DHORTS'",
    "'EX_ile_L(e)'": "'PTRCabc'"
  },
  {
    "'23DHMPO'": "'AGPR'",
    "'3MOPt2r'": "'EX_ptrc(e)'",
    "'EX_ile_L(e)'": "'OCBT'"
  },
  {
    "'23DHMPO'": "'AGPR'",
    "'3MOPt2r'": "'EX_ptrc(e)'",
    "'EX_ile_L(e)'": "'OMPDC'"
  },
  {
    "'23DHMPO'": "'AGPR'",
    "'3MOPt2r'": "'EX_ptrc(e)'",
    "'EX_ile_L(e)'": "'OROTPT'"
  },
  {
    "'23DHMPO'": "'AGPR'",
    "'3MOPt2r'": "'OCBT'",
    "'EX_ile_L(e)'": "'PTRCabc'"
  },
  {
    "'23DHMPO'": "'AGPR'",
    "'3MOPt2r'": "'OMPDC'",
    "'EX_ile_L(e)'": "'PTRCabc'"
  },
  {
    "'23DHMPO'": "'AGPR'",
    "'3MOPt2r'": "'OROTPT'",
    "'EX_ile_L(e)'": "'PTRCabc'"
  },
  {
    "'23DHMPO'": "'AHSERL3'",
    "'3MOPt2r'": "'CYSS'",
    "'EX_ile_L(e)'": "'TRDRr'"
  },
  {
    "'23DHMPO'": "'AHSERL3'",
    "'3MOPt2r'": "'CYSS3r'",
    "'EX_ile_L(e)'": "'TRDRr'"
  },
  {
    "'23DHMPO'": "'AHSERL3'",
    "'3MOPt2r'": "'DM_hcys_L[c]'",
    "'EX_ile_L(e)'": "'METS'"
  },
  {
    "'23DHMPO'": "'AICART'",
    "'3MOPt2r'": "'ALAHIS1c'",
    "'EX_ile_L(e)'": "'EX_his_L(e)'"
  },
  {
    "'23DHMPO'": "'AICART'",
    "'3MOPt2r'": "'ALAHIS1c'",
    "'EX_ile_L(e)'": "'HISt2r'"
  },
  {
    "'23DHMPO'": "'AICART'",
    "'3MOPt2r'": "'ALAHISabc'",
    "'EX_ile_L(e)'": "'EX_his_L(e)'"
  },
  {
    "'23DHMPO'": "'AICART'",
    "'3MOPt2r'": "'ALAHISabc'",
    "'EX_ile_L(e)'": "'HISt2r'"
  },
  {
    "'23DHMPO'": "'AICART'",
    "'3MOPt2r'": "'EX_alahis(e)'",
    "'EX_ile_L(e)'": "'EX_his_L(e)'"
  },
  {
    "'23DHMPO'": "'AICART'",
    "'3MOPt2r'": "'EX_alahis(e)'",
    "'EX_ile_L(e)'": "'HISt2r'"
  },
  {
    "'23DHMPO'": "'AICART'",
    "'3MOPt2r'": "'FDH'",
    "'EX_ile_L(e)'": "'FDH2'"
  },
  {
    "'23DHMPO'": "'AIRC4'",
    "'3MOPt2r'": "'FDH'",
    "'EX_ile_L(e)'": "'FDH2'"
  },
  {
    "'23DHMPO'": "'ALACI'",
    "'3MOPt2r'": "'EX_val_L(e)'",
    "'EX_ile_L(e)'": "'KARA1'"
  },
  {
    "'23DHMPO'": "'ALAHIS1c'",
    "'3MOPt2r'": "'ATPPRT'",
    "'EX_ile_L(e)'": "'EX_his_L(e)'"
  },
  {
    "'23DHMPO'": "'ALAHIS1c'",
    "'3MOPt2r'": "'ATPPRT'",
    "'EX_ile_L(e)'": "'HISt2r'"
  },
  {
    "'23DHMPO'": "'ALAHIS1c'",
    "'3MOPt2r'": "'EX_his_L(e)'",
    "'EX_ile_L(e)'": "'HISTP'"
  },
  {
    "'23DHMPO'": "'ALAHIS1c'",
    "'3MOPt2r'": "'EX_his_L(e)'",
    "'EX_ile_L(e)'": "'HSTPTr'"
  },
  {
    "'23DHMPO'": "'ALAHIS1c'",
    "'3MOPt2r'": "'EX_his_L(e)'",
    "'EX_ile_L(e)'": "'IG3PS'"
  },
  {
    "'23DHMPO'": "'ALAHIS1c'",
    "'3MOPt2r'": "'EX_his_L(e)'",
    "'EX_ile_L(e)'": "'IGPDH'"
  },
  {
    "'23DHMPO'": "'ALAHIS1c'",
    "'3MOPt2r'": "'EX_his_L(e)'",
    "'EX_ile_L(e)'": "'IMPC'"
  },
  {
    "'23DHMPO'": "'ALAHIS1c'",
    "'3MOPt2r'": "'EX_his_L(e)'",
    "'EX_ile_L(e)'": "'PRAMPC'"
  },
  {
    "'23DHMPO'": "'ALAHIS1c'",
    "'3MOPt2r'": "'EX_his_L(e)'",
    "'EX_ile_L(e)'": "'PRATPP'"
  },
  {
    "'23DHMPO'": "'ALAHIS1c'",
    "'3MOPt2r'": "'EX_his_L(e)'",
    "'EX_ile_L(e)'": "'PRMICI'"
  },
  {
    "'23DHMPO'": "'ALAHIS1c'",
    "'3MOPt2r'": "'HISTP'",
    "'EX_ile_L(e)'": "'HISt2r'"
  },
  {
    "'23DHMPO'": "'ALAHIS1c'",
    "'3MOPt2r'": "'HISt2r'",
    "'EX_ile_L(e)'": "'HSTPTr'"
  },
  {
    "'23DHMPO'": "'ALAHIS1c'",
    "'3MOPt2r'": "'HISt2r'",
    "'EX_ile_L(e)'": "'IG3PS'"
  },
  {
    "'23DHMPO'": "'ALAHIS1c'",
    "'3MOPt2r'": "'HISt2r'",
    "'EX_ile_L(e)'": "'IGPDH'"
  },
  {
    "'23DHMPO'": "'ALAHIS1c'",
    "'3MOPt2r'": "'HISt2r'",
    "'EX_ile_L(e)'": "'IMPC'"
  },
  {
    "'23DHMPO'": "'ALAHIS1c'",
    "'3MOPt2r'": "'HISt2r'",
    "'EX_ile_L(e)'": "'PRAMPC'"
  },
  {
    "'23DHMPO'": "'ALAHIS1c'",
    "'3MOPt2r'": "'HISt2r'",
    "'EX_ile_L(e)'": "'PRATPP'"
  },
  {
    "'23DHMPO'": "'ALAHIS1c'",
    "'3MOPt2r'": "'HISt2r'",
    "'EX_ile_L(e)'": "'PRMICI'"
  },
  {
    "'23DHMPO'": "'ALAHISabc'",
    "'3MOPt2r'": "'ATPPRT'",
    "'EX_ile_L(e)'": "'EX_his_L(e)'"
  },
  {
    "'23DHMPO'": "'ALAHISabc'",
    "'3MOPt2r'": "'ATPPRT'",
    "'EX_ile_L(e)'": "'HISt2r'"
  },
  {
    "'23DHMPO'": "'ALAHISabc'",
    "'3MOPt2r'": "'EX_his_L(e)'",
    "'EX_ile_L(e)'": "'HISTP'"
  },
  {
    "'23DHMPO'": "'ALAHISabc'",
    "'3MOPt2r'": "'EX_his_L(e)'",
    "'EX_ile_L(e)'": "'HSTPTr'"
  },
  {
    "'23DHMPO'": "'ALAHISabc'",
    "'3MOPt2r'": "'EX_his_L(e)'",
    "'EX_ile_L(e)'": "'IG3PS'"
  },
  {
    "'23DHMPO'": "'ALAHISabc'",
    "'3MOPt2r'": "'EX_his_L(e)'",
    "'EX_ile_L(e)'": "'IGPDH'"
  },
  {
    "'23DHMPO'": "'ALAHISabc'",
    "'3MOPt2r'": "'EX_his_L(e)'",
    "'EX_ile_L(e)'": "'IMPC'"
  },
  {
    "'23DHMPO'": "'ALAHISabc'",
    "'3MOPt2r'": "'EX_his_L(e)'",
    "'EX_ile_L(e)'": "'PRAMPC'"
  },
  {
    "'23DHMPO'": "'ALAHISabc'",
    "'3MOPt2r'": "'EX_his_L(e)'",
    "'EX_ile_L(e)'": "'PRATPP'"
  },
  {
    "'23DHMPO'": "'ALAHISabc'",
    "'3MOPt2r'": "'EX_his_L(e)'",
    "'EX_ile_L(e)'": "'PRMICI'"
  },
  {
    "'23DHMPO'": "'ALAHISabc'",
    "'3MOPt2r'": "'HISTP'",
    "'EX_ile_L(e)'": "'HISt2r'"
  },
  {
    "'23DHMPO'": "'ALAHISabc'",
    "'3MOPt2r'": "'HISt2r'",
    "'EX_ile_L(e)'": "'HSTPTr'"
  },
  {
    "'23DHMPO'": "'ALAHISabc'",
    "'3MOPt2r'": "'HISt2r'",
    "'EX_ile_L(e)'": "'IG3PS'"
  },
  {
    "'23DHMPO'": "'ALAHISabc'",
    "'3MOPt2r'": "'HISt2r'",
    "'EX_ile_L(e)'": "'IGPDH'"
  },
  {
    "'23DHMPO'": "'ALAHISabc'",
    "'3MOPt2r'": "'HISt2r'",
    "'EX_ile_L(e)'": "'IMPC'"
  },
  {
    "'23DHMPO'": "'ALAHISabc'",
    "'3MOPt2r'": "'HISt2r'",
    "'EX_ile_L(e)'": "'PRAMPC'"
  },
  {
    "'23DHMPO'": "'ALAHISabc'",
    "'3MOPt2r'": "'HISt2r'",
    "'EX_ile_L(e)'": "'PRATPP'"
  },
  {
    "'23DHMPO'": "'ALAHISabc'",
    "'3MOPt2r'": "'HISt2r'",
    "'EX_ile_L(e)'": "'PRMICI'"
  },
  {
    "'23DHMPO'": "'ALCD19'",
    "'3MOPt2r'": "'EX_glyc(e)'",
    "'EX_ile_L(e)'": "'GLYK'"
  },
  {
    "'23DHMPO'": "'ALCD19'",
    "'3MOPt2r'": "'GLYCt'",
    "'EX_ile_L(e)'": "'GLYK'"
  },
  {
    "'23DHMPO'": "'ANS'",
    "'3MOPt2r'": "'ANS2'",
    "'EX_ile_L(e)'": "'EX_trp_L(e)'"
  },
  {
    "'23DHMPO'": "'ANS'",
    "'3MOPt2r'": "'ANS2'",
    "'EX_ile_L(e)'": "'TRPt2r'"
  },
  {
    "'23DHMPO'": "'APATr'",
    "'3MOPt2r'": "'H2CO3D'",
    "'EX_ile_L(e)'": "'MALCOAPYRCT'"
  },
  {
    "'23DHMPO'": "'ARGSL'",
    "'3MOPt2r'": "'CBPS'",
    "'EX_ile_L(e)'": "'UPPRT'"
  },
  {
    "'23DHMPO'": "'ARGSL'",
    "'3MOPt2r'": "'H2CO3D'",
    "'EX_ile_L(e)'": "'UPPRT'"
  },
  {
    "'23DHMPO'": "'ARGSSr'",
    "'3MOPt2r'": "'CBPS'",
    "'EX_ile_L(e)'": "'UPPRT'"
  },
  {
    "'23DHMPO'": "'ARGSSr'",
    "'3MOPt2r'": "'H2CO3D'",
    "'EX_ile_L(e)'": "'UPPRT'"
  },
  {
    "'23DHMPO'": "'ARGt2r'",
    "'3MOPt2r'": "'HYPSUCORNS'",
    "'EX_ile_L(e)'": "'OCBT'"
  },
  {
    "'23DHMPO'": "'ARGt2r'",
    "'3MOPt2r'": "'OCBT'",
    "'EX_ile_L(e)'": "'SUCCITRDSs'"
  },
  {
    "'23DHMPO'": "'ARGt2r'",
    "'3MOPt2r'": "'OCBT'",
    "'EX_ile_L(e)'": "'SUCORNTC'"
  },
  {
    "'23DHMPO'": "'ASAD'",
    "'3MOPt2r'": "'CYSS3r'",
    "'EX_ile_L(e)'": "'GTHRD'"
  },
  {
    "'23DHMPO'": "'ASAD'",
    "'3MOPt2r'": "'CYSS3r'",
    "'EX_ile_L(e)'": "'TSULST'"
  },
  {
    "'23DHMPO'": "'ASAD'",
    "'3MOPt2r'": "'CYSTL'",
    "'EX_ile_L(e)'": "'SHSL2'"
  },
  {
    "'23DHMPO'": "'ASAD'",
    "'3MOPt2r'": "'GTHRD'",
    "'EX_ile_L(e)'": "'SERATi'"
  },
  {
    "'23DHMPO'": "'ASAD'",
    "'3MOPt2r'": "'HSDx'",
    "'EX_ile_L(e)'": "'HSDy'"
  },
  {
    "'23DHMPO'": "'ASAD'",
    "'3MOPt2r'": "'SERATi'",
    "'EX_ile_L(e)'": "'TSULST'"
  },
  {
    "'23DHMPO'": "'ASAD'",
    "'3MOPt2r'": "'SHSL1r'",
    "'EX_ile_L(e)'": "'SHSL2'"
  },
  {
    "'23DHMPO'": "'ASNS1'",
    "'3MOPt2r'": "'ASNt2r'",
    "'EX_ile_L(e)'": "'EX_glyasn(e)'"
  },
  {
    "'23DHMPO'": "'ASNS1'",
    "'3MOPt2r'": "'ASNt2r'",
    "'EX_ile_L(e)'": "'GLYASN1c'"
  },
  {
    "'23DHMPO'": "'ASNS1'",
    "'3MOPt2r'": "'ASNt2r'",
    "'EX_ile_L(e)'": "'GLYASNabc'"
  },
  {
    "'23DHMPO'": "'ASNS1'",
    "'3MOPt2r'": "'EX_asn_L(e)'",
    "'EX_ile_L(e)'": "'EX_glyasn(e)'"
  },
  {
    "'23DHMPO'": "'ASNS1'",
    "'3MOPt2r'": "'EX_asn_L(e)'",
    "'EX_ile_L(e)'": "'GLYASN1c'"
  },
  {
    "'23DHMPO'": "'ASNS1'",
    "'3MOPt2r'": "'EX_asn_L(e)'",
    "'EX_ile_L(e)'": "'GLYASNabc'"
  },
  {
    "'23DHMPO'": "'ASP1DC'",
    "'3MOPt2r'": "'H2CO3D'",
    "'EX_ile_L(e)'": "'MALCOAPYRCT'"
  },
  {
    "'23DHMPO'": "'ASPCT'",
    "'3MOPt2r'": "'CSND'",
    "'EX_ile_L(e)'": "'EX_ura(e)'"
  },
  {
    "'23DHMPO'": "'ASPCT'",
    "'3MOPt2r'": "'CSND'",
    "'EX_ile_L(e)'": "'URAt2'"
  },
  {
    "'23DHMPO'": "'ASPCT'",
    "'3MOPt2r'": "'CSNt2'",
    "'EX_ile_L(e)'": "'EX_ura(e)'"
  },
  {
    "'23DHMPO'": "'ASPCT'",
    "'3MOPt2r'": "'CSNt2'",
    "'EX_ile_L(e)'": "'URAt2'"
  },
  {
    "'23DHMPO'": "'ASPCT'",
    "'3MOPt2r'": "'EX_csn(e)'",
    "'EX_ile_L(e)'": "'EX_ura(e)'"
  },
  {
    "'23DHMPO'": "'ASPCT'",
    "'3MOPt2r'": "'EX_csn(e)'",
    "'EX_ile_L(e)'": "'URAt2'"
  },
  {
    "'23DHMPO'": "'ASPKi'",
    "'3MOPt2r'": "'CYSS3r'",
    "'EX_ile_L(e)'": "'GTHRD'"
  },
  {
    "'23DHMPO'": "'ASPKi'",
    "'3MOPt2r'": "'CYSS3r'",
    "'EX_ile_L(e)'": "'TSULST'"
  },
  {
    "'23DHMPO'": "'ASPKi'",
    "'3MOPt2r'": "'CYSTL'",
    "'EX_ile_L(e)'": "'SHSL2'"
  },
  {
    "'23DHMPO'": "'ASPKi'",
    "'3MOPt2r'": "'GTHRD'",
    "'EX_ile_L(e)'": "'SERATi'"
  },
  {
    "'23DHMPO'": "'ASPKi'",
    "'3MOPt2r'": "'HSDx'",
    "'EX_ile_L(e)'": "'HSDy'"
  },
  {
    "'23DHMPO'": "'ASPKi'",
    "'3MOPt2r'": "'SERATi'",
    "'EX_ile_L(e)'": "'TSULST'"
  },
  {
    "'23DHMPO'": "'ASPKi'",
    "'3MOPt2r'": "'SHSL1r'",
    "'EX_ile_L(e)'": "'SHSL2'"
  },
  {
    "'23DHMPO'": "'ATPPRT'",
    "'3MOPt2r'": "'EX_alahis(e)'",
    "'EX_ile_L(e)'": "'EX_his_L(e)'"
  },
  {
    "'23DHMPO'": "'ATPPRT'",
    "'3MOPt2r'": "'EX_alahis(e)'",
    "'EX_ile_L(e)'": "'HISt2r'"
  },
  {
    "'23DHMPO'": "'CBPS'",
    "'3MOPt2r'": "'OCBT'",
    "'EX_ile_L(e)'": "'UPPRT'"
  },
  {
    "'23DHMPO'": "'CGLYabc'",
    "'3MOPt2r'": "'EX_gthrd(e)'",
    "'EX_ile_L(e)'": "'GLUCYS'"
  },
  {
    "'23DHMPO'": "'CGLYabc'",
    "'3MOPt2r'": "'EX_gthrd(e)'",
    "'EX_ile_L(e)'": "'GTHS'"
  },
  {
    "'23DHMPO'": "'CGLYabc'",
    "'3MOPt2r'": "'GLUCYS'",
    "'EX_ile_L(e)'": "'GTHRDt2'"
  },
  {
    "'23DHMPO'": "'CGLYabc'",
    "'3MOPt2r'": "'GTHRDt2'",
    "'EX_ile_L(e)'": "'GTHS'"
  },
  {
    "'23DHMPO'": "'CHORM'",
    "'3MOPt2r'": "'EX_glyphe(e)'",
    "'EX_ile_L(e)'": "'EX_phe_L(e)'"
  },
  {
    "'23DHMPO'": "'CHORM'",
    "'3MOPt2r'": "'EX_glyphe(e)'",
    "'EX_ile_L(e)'": "'PHEt2r'"
  },
  {
    "'23DHMPO'": "'CHORM'",
    "'3MOPt2r'": "'EX_glytyr(e)'",
    "'EX_ile_L(e)'": "'EX_tyr_L(e)'"
  },
  {
    "'23DHMPO'": "'CHORM'",
    "'3MOPt2r'": "'EX_glytyr(e)'",
    "'EX_ile_L(e)'": "'TYRt2r'"
  },
  {
    "'23DHMPO'": "'CHORM'",
    "'3MOPt2r'": "'EX_phe_L(e)'",
    "'EX_ile_L(e)'": "'GLYPHEHYc'"
  },
  {
    "'23DHMPO'": "'CHORM'",
    "'3MOPt2r'": "'EX_phe_L(e)'",
    "'EX_ile_L(e)'": "'GLYPHEabc'"
  },
  {
    "'23DHMPO'": "'CHORM'",
    "'3MOPt2r'": "'EX_tyr_L(e)'",
    "'EX_ile_L(e)'": "'GLYTYR1c'"
  },
  {
    "'23DHMPO'": "'CHORM'",
    "'3MOPt2r'": "'EX_tyr_L(e)'",
    "'EX_ile_L(e)'": "'GLYTYRabc'"
  },
  {
    "'23DHMPO'": "'CHORM'",
    "'3MOPt2r'": "'GLYPHEHYc'",
    "'EX_ile_L(e)'": "'PHEt2r'"
  },
  {
    "'23DHMPO'": "'CHORM'",
    "'3MOPt2r'": "'GLYPHEabc'",
    "'EX_ile_L(e)'": "'PHEt2r'"
  },
  {
    "'23DHMPO'": "'CHORM'",
    "'3MOPt2r'": "'GLYTYR1c'",
    "'EX_ile_L(e)'": "'TYRt2r'"
  },
  {
    "'23DHMPO'": "'CHORM'",
    "'3MOPt2r'": "'GLYTYRabc'",
    "'EX_ile_L(e)'": "'TYRt2r'"
  },
  {
    "'23DHMPO'": "'CSND'",
    "'3MOPt2r'": "'DHORTS'",
    "'EX_ile_L(e)'": "'EX_ura(e)'"
  },
  {
    "'23DHMPO'": "'CSND'",
    "'3MOPt2r'": "'DHORTS'",
    "'EX_ile_L(e)'": "'URAt2'"
  },
  {
    "'23DHMPO'": "'CSND'",
    "'3MOPt2r'": "'EX_ura(e)'",
    "'EX_ile_L(e)'": "'OMPDC'"
  },
  {
    "'23DHMPO'": "'CSND'",
    "'3MOPt2r'": "'EX_ura(e)'",
    "'EX_ile_L(e)'": "'OROTPT'"
  },
  {
    "'23DHMPO'": "'CSND'",
    "'3MOPt2r'": "'OMPDC'",
    "'EX_ile_L(e)'": "'URAt2'"
  },
  {
    "'23DHMPO'": "'CSND'",
    "'3MOPt2r'": "'OROTPT'",
    "'EX_ile_L(e)'": "'URAt2'"
  },
  {
    "'23DHMPO'": "'CSNt2'",
    "'3MOPt2r'": "'DHORTS'",
    "'EX_ile_L(e)'": "'EX_ura(e)'"
  },
  {
    "'23DHMPO'": "'CSNt2'",
    "'3MOPt2r'": "'DHORTS'",
    "'EX_ile_L(e)'": "'URAt2'"
  },
  {
    "'23DHMPO'": "'CSNt2'",
    "'3MOPt2r'": "'EX_ura(e)'",
    "'EX_ile_L(e)'": "'OMPDC'"
  },
  {
    "'23DHMPO'": "'CSNt2'",
    "'3MOPt2r'": "'EX_ura(e)'",
    "'EX_ile_L(e)'": "'OROTPT'"
  },
  {
    "'23DHMPO'": "'CSNt2'",
    "'3MOPt2r'": "'OMPDC'",
    "'EX_ile_L(e)'": "'URAt2'"
  },
  {
    "'23DHMPO'": "'CSNt2'",
    "'3MOPt2r'": "'OROTPT'",
    "'EX_ile_L(e)'": "'URAt2'"
  },
  {
    "'23DHMPO'": "'CYTK1'",
    "'3MOPt2r'": "'NDPK3'",
    "'EX_ile_L(e)'": "'RNTR3'"
  },
  {
    "'23DHMPO'": "'DCTPD'",
    "'3MOPt2r'": "'RNDR4'",
    "'EX_ile_L(e)'": "'RNTR4'"
  },
  {
    "'23DHMPO'": "'DGK1'",
    "'3MOPt2r'": "'RNDR2'",
    "'EX_ile_L(e)'": "'RNTR2'"
  },
  {
    "'23DHMPO'": "'DHAD1'",
    "'3MOPt2r'": "'VALTA'",
    "'EX_ile_L(e)'": "'VPAMTr'"
  },
  {
    "'23DHMPO'": "'DHAD1'",
    "'3MOPt2r'": "'VALabc'",
    "'EX_ile_L(e)'": "'VALt2r'"
  },
  {
    "'23DHMPO'": "'DHAD2'",
    "'3MOPt2r'": "'EX_3mop(e)'",
    "'EX_ile_L(e)'": "'EX_ile_L(e)'"
  },
  {
    "'23DHMPO'": "'DHAD2'",
    "'3MOPt2r'": "'EX_3mop(e)'",
    "'EX_ile_L(e)'": "'ILEabc'"
  },
  {
    "'23DHMPO'": "'DHORD2'",
    "'3MOPt2r'": "'DHORD5'",
    "'EX_ile_L(e)'": "'UPPRT'"
  },
  {
    "'23DHMPO'": "'DHORTS'",
    "'3MOPt2r'": "'EX_csn(e)'",
    "'EX_ile_L(e)'": "'EX_ura(e)'"
  },
  {
    "'23DHMPO'": "'DHORTS'",
    "'3MOPt2r'": "'EX_csn(e)'",
    "'EX_ile_L(e)'": "'URAt2'"
  },
  {
    "'23DHMPO'": "'DUTPDP'",
    "'3MOPt2r'": "'NDPK6'",
    "'EX_ile_L(e)'": "'RNDR4'"
  },
  {
    "'23DHMPO'": "'EAR140x'",
    "'3MOPt2r'": "'EAR140y'",
    "'EX_ile_L(e)'": "'EX_ttdca(e)'"
  },
  {
    "'23DHMPO'": "'EAR140x'",
    "'3MOPt2r'": "'EAR140y'",
    "'EX_ile_L(e)'": "'FACOAL140'"
  },
  {
    "'23DHMPO'": "'EAR140x'",
    "'3MOPt2r'": "'EAR140y'",
    "'EX_ile_L(e)'": "'TDCOATA'"
  },
  {
    "'23DHMPO'": "'EAR140x'",
    "'3MOPt2r'": "'EAR140y'",
    "'EX_ile_L(e)'": "'TTDCAt2'"
  },
  {
    "'23DHMPO'": "'EAR180x'",
    "'3MOPt2r'": "'EAR180y'",
    "'EX_ile_L(e)'": "'EX_ocdca(e)'"
  },
  {
    "'23DHMPO'": "'EAR180x'",
    "'3MOPt2r'": "'EAR180y'",
    "'EX_ile_L(e)'": "'FACOAL180'"
  },
  {
    "'23DHMPO'": "'EAR180x'",
    "'3MOPt2r'": "'EAR180y'",
    "'EX_ile_L(e)'": "'OCDCAt2'"
  },
  {
    "'23DHMPO'": "'ETHAP'",
    "'3MOPt2r'": "'EX_o2(e)'",
    "'EX_ile_L(e)'": "'EX_pydx(e)'"
  },
  {
    "'23DHMPO'": "'ETHAP'",
    "'3MOPt2r'": "'EX_o2(e)'",
    "'EX_ile_L(e)'": "'MOHMT'"
  },
  {
    "'23DHMPO'": "'ETHAP'",
    "'3MOPt2r'": "'EX_o2(e)'",
    "'EX_ile_L(e)'": "'OPHHX3'"
  },
  {
    "'23DHMPO'": "'ETHAP'",
    "'3MOPt2r'": "'EX_o2(e)'",
    "'EX_ile_L(e)'": "'PYDXK'"
  },
  {
    "'23DHMPO'": "'ETHAP'",
    "'3MOPt2r'": "'EX_o2(e)'",
    "'EX_ile_L(e)'": "'PYDXabc'"
  },
  {
    "'23DHMPO'": "'ETHAP'",
    "'3MOPt2r'": "'EX_o2(e)'",
    "'EX_ile_L(e)'": "'SUCOAS'"
  },
  {
    "'23DHMPO'": "'ETHAP'",
    "'3MOPt2r'": "'EX_pydx(e)'",
    "'EX_ile_L(e)'": "'O2t'"
  },
  {
    "'23DHMPO'": "'ETHAP'",
    "'3MOPt2r'": "'MOHMT'",
    "'EX_ile_L(e)'": "'O2t'"
  },
  {
    "'23DHMPO'": "'ETHAP'",
    "'3MOPt2r'": "'O2t'",
    "'EX_ile_L(e)'": "'OPHHX3'"
  },
  {
    "'23DHMPO'": "'ETHAP'",
    "'3MOPt2r'": "'O2t'",
    "'EX_ile_L(e)'": "'PYDXK'"
  },
  {
    "'23DHMPO'": "'ETHAP'",
    "'3MOPt2r'": "'O2t'",
    "'EX_ile_L(e)'": "'PYDXabc'"
  },
  {
    "'23DHMPO'": "'ETHAP'",
    "'3MOPt2r'": "'O2t'",
    "'EX_ile_L(e)'": "'SUCOAS'"
  },
  {
    "'23DHMPO'": "'EX_alahis(e)'",
    "'3MOPt2r'": "'EX_his_L(e)'",
    "'EX_ile_L(e)'": "'HISTP'"
  },
  {
    "'23DHMPO'": "'EX_alahis(e)'",
    "'3MOPt2r'": "'EX_his_L(e)'",
    "'EX_ile_L(e)'": "'HSTPTr'"
  },
  {
    "'23DHMPO'": "'EX_alahis(e)'",
    "'3MOPt2r'": "'EX_his_L(e)'",
    "'EX_ile_L(e)'": "'IG3PS'"
  },
  {
    "'23DHMPO'": "'EX_alahis(e)'",
    "'3MOPt2r'": "'EX_his_L(e)'",
    "'EX_ile_L(e)'": "'IGPDH'"
  },
  {
    "'23DHMPO'": "'EX_alahis(e)'",
    "'3MOPt2r'": "'EX_his_L(e)'",
    "'EX_ile_L(e)'": "'IMPC'"
  },
  {
    "'23DHMPO'": "'EX_alahis(e)'",
    "'3MOPt2r'": "'EX_his_L(e)'",
    "'EX_ile_L(e)'": "'PRAMPC'"
  },
  {
    "'23DHMPO'": "'EX_alahis(e)'",
    "'3MOPt2r'": "'EX_his_L(e)'",
    "'EX_ile_L(e)'": "'PRATPP'"
  },
  {
    "'23DHMPO'": "'EX_alahis(e)'",
    "'3MOPt2r'": "'EX_his_L(e)'",
    "'EX_ile_L(e)'": "'PRMICI'"
  },
  {
    "'23DHMPO'": "'EX_alahis(e)'",
    "'3MOPt2r'": "'HISTP'",
    "'EX_ile_L(e)'": "'HISt2r'"
  },
  {
    "'23DHMPO'": "'EX_alahis(e)'",
    "'3MOPt2r'": "'HISt2r'",
    "'EX_ile_L(e)'": "'HSTPTr'"
  },
  {
    "'23DHMPO'": "'EX_alahis(e)'",
    "'3MOPt2r'": "'HISt2r'",
    "'EX_ile_L(e)'": "'IG3PS'"
  },
  {
    "'23DHMPO'": "'EX_alahis(e)'",
    "'3MOPt2r'": "'HISt2r'",
    "'EX_ile_L(e)'": "'IGPDH'"
  },
  {
    "'23DHMPO'": "'EX_alahis(e)'",
    "'3MOPt2r'": "'HISt2r'",
    "'EX_ile_L(e)'": "'IMPC'"
  },
  {
    "'23DHMPO'": "'EX_alahis(e)'",
    "'3MOPt2r'": "'HISt2r'",
    "'EX_ile_L(e)'": "'PRAMPC'"
  },
  {
    "'23DHMPO'": "'EX_alahis(e)'",
    "'3MOPt2r'": "'HISt2r'",
    "'EX_ile_L(e)'": "'PRATPP'"
  },
  {
    "'23DHMPO'": "'EX_alahis(e)'",
    "'3MOPt2r'": "'HISt2r'",
    "'EX_ile_L(e)'": "'PRMICI'"
  },
  {
    "'23DHMPO'": "'EX_arg_L(e)'",
    "'3MOPt2r'": "'HYPSUCORNS'",
    "'EX_ile_L(e)'": "'OCBT'"
  },
  {
    "'23DHMPO'": "'EX_arg_L(e)'",
    "'3MOPt2r'": "'OCBT'",
    "'EX_ile_L(e)'": "'SUCCITRDSs'"
  },
  {
    "'23DHMPO'": "'EX_arg_L(e)'",
    "'3MOPt2r'": "'OCBT'",
    "'EX_ile_L(e)'": "'SUCORNTC'"
  },
  {
    "'23DHMPO'": "'EX_cgly(e)'",
    "'3MOPt2r'": "'EX_gthrd(e)'",
    "'EX_ile_L(e)'": "'GLUCYS'"
  },
  {
    "'23DHMPO'": "'EX_cgly(e)'",
    "'3MOPt2r'": "'EX_gthrd(e)'",
    "'EX_ile_L(e)'": "'GTHS'"
  },
  {
    "'23DHMPO'": "'EX_cgly(e)'",
    "'3MOPt2r'": "'GLUCYS'",
    "'EX_ile_L(e)'": "'GTHRDt2'"
  },
  {
    "'23DHMPO'": "'EX_cgly(e)'",
    "'3MOPt2r'": "'GTHRDt2'",
    "'EX_ile_L(e)'": "'GTHS'"
  },
  {
    "'23DHMPO'": "'EX_csn(e)'",
    "'3MOPt2r'": "'EX_ura(e)'",
    "'EX_ile_L(e)'": "'OMPDC'"
  },
  {
    "'23DHMPO'": "'EX_csn(e)'",
    "'3MOPt2r'": "'EX_ura(e)'",
    "'EX_ile_L(e)'": "'OROTPT'"
  },
  {
    "'23DHMPO'": "'EX_csn(e)'",
    "'3MOPt2r'": "'OMPDC'",
    "'EX_ile_L(e)'": "'URAt2'"
  },
  {
    "'23DHMPO'": "'EX_csn(e)'",
    "'3MOPt2r'": "'OROTPT'",
    "'EX_ile_L(e)'": "'URAt2'"
  },
  {
    "'23DHMPO'": "'EX_fe2(e)'",
    "'3MOPt2r'": "'FE3abc'",
    "'EX_ile_L(e)'": "'FEDCabc'"
  },
  {
    "'23DHMPO'": "'EX_fe3(e)'",
    "'3MOPt2r'": "'FE2DH'",
    "'EX_ile_L(e)'": "'FERO'"
  },
  {
    "'23DHMPO'": "'EX_glyphe(e)'",
    "'3MOPt2r'": "'EX_phe_L(e)'",
    "'EX_ile_L(e)'": "'PHETA1'"
  },
  {
    "'23DHMPO'": "'EX_glyphe(e)'",
    "'3MOPt2r'": "'EX_phe_L(e)'",
    "'EX_ile_L(e)'": "'PPNDH'"
  },
  {
    "'23DHMPO'": "'EX_glyphe(e)'",
    "'3MOPt2r'": "'PHETA1'",
    "'EX_ile_L(e)'": "'PHEt2r'"
  },
  {
    "'23DHMPO'": "'EX_glyphe(e)'",
    "'3MOPt2r'": "'PHEt2r'",
    "'EX_ile_L(e)'": "'PPNDH'"
  },
  {
    "'23DHMPO'": "'EX_glytyr(e)'",
    "'3MOPt2r'": "'EX_tyr_L(e)'",
    "'EX_ile_L(e)'": "'TYRTA'"
  },
  {
    "'23DHMPO'": "'EX_glytyr(e)'",
    "'3MOPt2r'": "'TYRTA'",
    "'EX_ile_L(e)'": "'TYRt2r'"
  },
  {
    "'23DHMPO'": "'EX_gthrd(e)'",
    "'3MOPt2r'": "'GGTA'",
    "'EX_ile_L(e)'": "'GLUCYS'"
  },
  {
    "'23DHMPO'": "'EX_gthrd(e)'",
    "'3MOPt2r'": "'GGTA'",
    "'EX_ile_L(e)'": "'GTHS'"
  },
  {
    "'23DHMPO'": "'EX_gua(e)'",
    "'3MOPt2r'": "'EX_xan(e)'",
    "'EX_ile_L(e)'": "'IMPD'"
  },
  {
    "'23DHMPO'": "'EX_gua(e)'",
    "'3MOPt2r'": "'GMPS2'",
    "'EX_ile_L(e)'": "'PUNP3'"
  },
  {
    "'23DHMPO'": "'EX_gua(e)'",
    "'3MOPt2r'": "'GMPS2'",
    "'EX_ile_L(e)'": "'r1384'"
  },
  {
    "'23DHMPO'": "'EX_gua(e)'",
    "'3MOPt2r'": "'IMPD'",
    "'EX_ile_L(e)'": "'XANt2'"
  },
  {
    "'23DHMPO'": "'EX_hxan(e)'",
    "'3MOPt2r'": "'GARFTi'",
    "'EX_ile_L(e)'": "'GART'"
  },
  {
    "'23DHMPO'": "'EX_o2(e)'",
    "'3MOPt2r'": "'EX_pydx(e)'",
    "'EX_ile_L(e)'": "'GPDDA2'"
  },
  {
    "'23DHMPO'": "'EX_o2(e)'",
    "'3MOPt2r'": "'EX_pydx(e)'",
    "'EX_ile_L(e)'": "'PACTH'"
  },
  {
    "'23DHMPO'": "'EX_o2(e)'",
    "'3MOPt2r'": "'EX_pydx(e)'",
    "'EX_ile_L(e)'": "'r0010'"
  },
  {
    "'23DHMPO'": "'EX_o2(e)'",
    "'3MOPt2r'": "'GPDDA2'",
    "'EX_ile_L(e)'": "'MOHMT'"
  },
  {
    "'23DHMPO'": "'EX_o2(e)'",
    "'3MOPt2r'": "'GPDDA2'",
    "'EX_ile_L(e)'": "'OPHHX3'"
  },
  {
    "'23DHMPO'": "'EX_o2(e)'",
    "'3MOPt2r'": "'GPDDA2'",
    "'EX_ile_L(e)'": "'PYDXK'"
  },
  {
    "'23DHMPO'": "'EX_o2(e)'",
    "'3MOPt2r'": "'GPDDA2'",
    "'EX_ile_L(e)'": "'PYDXabc'"
  },
  {
    "'23DHMPO'": "'EX_o2(e)'",
    "'3MOPt2r'": "'GPDDA2'",
    "'EX_ile_L(e)'": "'SUCOAS'"
  },
  {
    "'23DHMPO'": "'EX_o2(e)'",
    "'3MOPt2r'": "'MOHMT'",
    "'EX_ile_L(e)'": "'PACTH'"
  },
  {
    "'23DHMPO'": "'EX_o2(e)'",
    "'3MOPt2r'": "'MOHMT'",
    "'EX_ile_L(e)'": "'r0010'"
  },
  {
    "'23DHMPO'": "'EX_o2(e)'",
    "'3MOPt2r'": "'OPHHX3'",
    "'EX_ile_L(e)'": "'PACTH'"
  },
  {
    "'23DHMPO'": "'EX_o2(e)'",
    "'3MOPt2r'": "'OPHHX3'",
    "'EX_ile_L(e)'": "'r0010'"
  },
  {
    "'23DHMPO'": "'EX_o2(e)'",
    "'3MOPt2r'": "'PACTH'",
    "'EX_ile_L(e)'": "'PYDXK'"
  },
  {
    "'23DHMPO'": "'EX_o2(e)'",
    "'3MOPt2r'": "'PACTH'",
    "'EX_ile_L(e)'": "'PYDXabc'"
  },
  {
    "'23DHMPO'": "'EX_o2(e)'",
    "'3MOPt2r'": "'PACTH'",
    "'EX_ile_L(e)'": "'SUCOAS'"
  },
  {
    "'23DHMPO'": "'EX_o2(e)'",
    "'3MOPt2r'": "'PYDXK'",
    "'EX_ile_L(e)'": "'r0010'"
  },
  {
    "'23DHMPO'": "'EX_o2(e)'",
    "'3MOPt2r'": "'PYDXabc'",
    "'EX_ile_L(e)'": "'r0010'"
  },
  {
    "'23DHMPO'": "'EX_o2(e)'",
    "'3MOPt2r'": "'SUCOAS'",
    "'EX_ile_L(e)'": "'r0010'"
  },
  {
    "'23DHMPO'": "'EX_phe_L(e)'",
    "'3MOPt2r'": "'GLYPHEHYc'",
    "'EX_ile_L(e)'": "'PHETA1'"
  },
  {
    "'23DHMPO'": "'EX_phe_L(e)'",
    "'3MOPt2r'": "'GLYPHEHYc'",
    "'EX_ile_L(e)'": "'PPNDH'"
  },
  {
    "'23DHMPO'": "'EX_phe_L(e)'",
    "'3MOPt2r'": "'GLYPHEabc'",
    "'EX_ile_L(e)'": "'PHETA1'"
  },
  {
    "'23DHMPO'": "'EX_phe_L(e)'",
    "'3MOPt2r'": "'GLYPHEabc'",
    "'EX_ile_L(e)'": "'PPNDH'"
  },
  {
    "'23DHMPO'": "'EX_pydam(e)'",
    "'3MOPt2r'": "'EX_pydx(e)'",
    "'EX_ile_L(e)'": "'EX_pydxn(e)'"
  },
  {
    "'23DHMPO'": "'EX_pydam(e)'",
    "'3MOPt2r'": "'EX_pydx(e)'",
    "'EX_ile_L(e)'": "'PDX5PO'"
  },
  {
    "'23DHMPO'": "'EX_pydam(e)'",
    "'3MOPt2r'": "'EX_pydx(e)'",
    "'EX_ile_L(e)'": "'PYDXNK'"
  },
  {
    "'23DHMPO'": "'EX_pydam(e)'",
    "'3MOPt2r'": "'EX_pydx(e)'",
    "'EX_ile_L(e)'": "'PYDXNabc'"
  },
  {
    "'23DHMPO'": "'EX_pydam(e)'",
    "'3MOPt2r'": "'EX_pydxn(e)'",
    "'EX_ile_L(e)'": "'PYDXK'"
  },
  {
    "'23DHMPO'": "'EX_pydam(e)'",
    "'3MOPt2r'": "'EX_pydxn(e)'",
    "'EX_ile_L(e)'": "'PYDXabc'"
  },
  {
    "'23DHMPO'": "'EX_pydam(e)'",
    "'3MOPt2r'": "'PDX5PO'",
    "'EX_ile_L(e)'": "'PYDXK'"
  },
  {
    "'23DHMPO'": "'EX_pydam(e)'",
    "'3MOPt2r'": "'PDX5PO'",
    "'EX_ile_L(e)'": "'PYDXabc'"
  },
  {
    "'23DHMPO'": "'EX_pydam(e)'",
    "'3MOPt2r'": "'PYDXK'",
    "'EX_ile_L(e)'": "'PYDXNK'"
  },
  {
    "'23DHMPO'": "'EX_pydam(e)'",
    "'3MOPt2r'": "'PYDXK'",
    "'EX_ile_L(e)'": "'PYDXNabc'"
  },
  {
    "'23DHMPO'": "'EX_pydam(e)'",
    "'3MOPt2r'": "'PYDXNK'",
    "'EX_ile_L(e)'": "'PYDXabc'"
  },
  {
    "'23DHMPO'": "'EX_pydam(e)'",
    "'3MOPt2r'": "'PYDXNabc'",
    "'EX_ile_L(e)'": "'PYDXabc'"
  },
  {
    "'23DHMPO'": "'EX_pydx(e)'",
    "'3MOPt2r'": "'EX_pydxn(e)'",
    "'EX_ile_L(e)'": "'PYAM5POr'"
  },
  {
    "'23DHMPO'": "'EX_pydx(e)'",
    "'3MOPt2r'": "'EX_pydxn(e)'",
    "'EX_ile_L(e)'": "'PYDAMK'"
  },
  {
    "'23DHMPO'": "'EX_pydx(e)'",
    "'3MOPt2r'": "'EX_pydxn(e)'",
    "'EX_ile_L(e)'": "'PYDAMabc'"
  },
  {
    "'23DHMPO'": "'EX_pydx(e)'",
    "'3MOPt2r'": "'GPDDA2'",
    "'EX_ile_L(e)'": "'O2t'"
  },
  {
    "'23DHMPO'": "'EX_pydx(e)'",
    "'3MOPt2r'": "'O2t'",
    "'EX_ile_L(e)'": "'PACTH'"
  },
  {
    "'23DHMPO'": "'EX_pydx(e)'",
    "'3MOPt2r'": "'O2t'",
    "'EX_ile_L(e)'": "'r0010'"
  },
  {
    "'23DHMPO'": "'EX_pydx(e)'",
    "'3MOPt2r'": "'PDX5PO'",
    "'EX_ile_L(e)'": "'PYAM5POr'"
  },
  {
    "'23DHMPO'": "'EX_pydx(e)'",
    "'3MOPt2r'": "'PDX5PO'",
    "'EX_ile_L(e)'": "'PYDAMK'"
  },
  {
    "'23DHMPO'": "'EX_pydx(e)'",
    "'3MOPt2r'": "'PDX5PO'",
    "'EX_ile_L(e)'": "'PYDAMabc'"
  },
  {
    "'23DHMPO'": "'EX_pydx(e)'",
    "'3MOPt2r'": "'PYAM5POr'",
    "'EX_ile_L(e)'": "'PYDXNK'"
  },
  {
    "'23DHMPO'": "'EX_pydx(e)'",
    "'3MOPt2r'": "'PYAM5POr'",
    "'EX_ile_L(e)'": "'PYDXNabc'"
  },
  {
    "'23DHMPO'": "'EX_pydx(e)'",
    "'3MOPt2r'": "'PYDAMK'",
    "'EX_ile_L(e)'": "'PYDXNK'"
  },
  {
    "'23DHMPO'": "'EX_pydx(e)'",
    "'3MOPt2r'": "'PYDAMK'",
    "'EX_ile_L(e)'": "'PYDXNabc'"
  },
  {
    "'23DHMPO'": "'EX_pydx(e)'",
    "'3MOPt2r'": "'PYDAMabc'",
    "'EX_ile_L(e)'": "'PYDXNK'"
  },
  {
    "'23DHMPO'": "'EX_pydx(e)'",
    "'3MOPt2r'": "'PYDAMabc'",
    "'EX_ile_L(e)'": "'PYDXNabc'"
  },
  {
    "'23DHMPO'": "'EX_pydxn(e)'",
    "'3MOPt2r'": "'PYAM5POr'",
    "'EX_ile_L(e)'": "'PYDXK'"
  },
  {
    "'23DHMPO'": "'EX_pydxn(e)'",
    "'3MOPt2r'": "'PYAM5POr'",
    "'EX_ile_L(e)'": "'PYDXabc'"
  },
  {
    "'23DHMPO'": "'EX_pydxn(e)'",
    "'3MOPt2r'": "'PYDAMK'",
    "'EX_ile_L(e)'": "'PYDXK'"
  },
  {
    "'23DHMPO'": "'EX_pydxn(e)'",
    "'3MOPt2r'": "'PYDAMK'",
    "'EX_ile_L(e)'": "'PYDXabc'"
  },
  {
    "'23DHMPO'": "'EX_pydxn(e)'",
    "'3MOPt2r'": "'PYDAMabc'",
    "'EX_ile_L(e)'": "'PYDXK'"
  },
  {
    "'23DHMPO'": "'EX_pydxn(e)'",
    "'3MOPt2r'": "'PYDAMabc'",
    "'EX_ile_L(e)'": "'PYDXabc'"
  },
  {
    "'23DHMPO'": "'EX_ser_L(e)'",
    "'3MOPt2r'": "'GHMT2r'",
    "'EX_ile_L(e)'": "'PGCDr'"
  },
  {
    "'23DHMPO'": "'EX_ser_L(e)'",
    "'3MOPt2r'": "'GHMT2r'",
    "'EX_ile_L(e)'": "'PSERT'"
  },
  {
    "'23DHMPO'": "'EX_ser_L(e)'",
    "'3MOPt2r'": "'GHMT2r'",
    "'EX_ile_L(e)'": "'PSP_L'"
  },
  {
    "'23DHMPO'": "'EX_tma(e)'",
    "'3MOPt2r'": "'FRD3'",
    "'EX_ile_L(e)'": "'TMAOR1e'"
  },
  {
    "'23DHMPO'": "'EX_tmao(e)'",
    "'3MOPt2r'": "'FRD3'",
    "'EX_ile_L(e)'": "'TMAOR1e'"
  },
  {
    "'23DHMPO'": "'EX_trp_L(e)'",
    "'3MOPt2r'": "'TRPS1'",
    "'EX_ile_L(e)'": "'TRPS2'"
  },
  {
    "'23DHMPO'": "'EX_trp_L(e)'",
    "'3MOPt2r'": "'TRPS1'",
    "'EX_ile_L(e)'": "'TRPS3'"
  },
  {
    "'23DHMPO'": "'EX_tyr_L(e)'",
    "'3MOPt2r'": "'GLYTYR1c'",
    "'EX_ile_L(e)'": "'TYRTA'"
  },
  {
    "'23DHMPO'": "'EX_tyr_L(e)'",
    "'3MOPt2r'": "'GLYTYRabc'",
    "'EX_ile_L(e)'": "'TYRTA'"
  },
  {
    "'23DHMPO'": "'EX_val_L(e)'",
    "'3MOPt2r'": "'KARA1'",
    "'EX_ile_L(e)'": "'KARA3'"
  },
  {
    "'23DHMPO'": "'EX_val_L(e)'",
    "'3MOPt2r'": "'VALTA'",
    "'EX_ile_L(e)'": "'VPAMTr'"
  },
  {
    "'23DHMPO'": "'EX_xan(e)'",
    "'3MOPt2r'": "'GUAt2'",
    "'EX_ile_L(e)'": "'IMPD'"
  },
  {
    "'23DHMPO'": "'F6PE4PL'",
    "'3MOPt2r'": "'RPI'",
    "'EX_ile_L(e)'": "'TKT2'"
  },
  {
    "'23DHMPO'": "'F6PE4PL'",
    "'3MOPt2r'": "'TALA'",
    "'EX_ile_L(e)'": "'TKT2'"
  },
  {
    "'23DHMPO'": "'F6PE4PL'",
    "'3MOPt2r'": "'TKT1'",
    "'EX_ile_L(e)'": "'TKT2'"
  },
  {
    "'23DHMPO'": "'FACOAL180'",
    "'3MOPt2r'": "'G3PAT180'",
    "'EX_ile_L(e)'": "'STCOATA'"
  },
  {
    "'23DHMPO'": "'FBA3'",
    "'3MOPt2r'": "'RPI'",
    "'EX_ile_L(e)'": "'TALA'"
  },
  {
    "'23DHMPO'": "'FBA3'",
    "'3MOPt2r'": "'TALA'",
    "'EX_ile_L(e)'": "'TKT1'"
  },
  {
    "'23DHMPO'": "'FDH'",
    "'3MOPt2r'": "'FDH2'",
    "'EX_ile_L(e)'": "'GART'"
  },
  {
    "'23DHMPO'": "'FDH'",
    "'3MOPt2r'": "'FDH2'",
    "'EX_ile_L(e)'": "'GLUPRT'"
  },
  {
    "'23DHMPO'": "'FDH'",
    "'3MOPt2r'": "'FDH2'",
    "'EX_ile_L(e)'": "'H2CO3D'"
  },
  {
    "'23DHMPO'": "'FDH'",
    "'3MOPt2r'": "'FDH2'",
    "'EX_ile_L(e)'": "'IMPC'"
  },
  {
    "'23DHMPO'": "'FDH'",
    "'3MOPt2r'": "'FDH2'",
    "'EX_ile_L(e)'": "'PRAGS'"
  },
  {
    "'23DHMPO'": "'FDH'",
    "'3MOPt2r'": "'FDH2'",
    "'EX_ile_L(e)'": "'PRAIS'"
  },
  {
    "'23DHMPO'": "'FDH'",
    "'3MOPt2r'": "'FDH2'",
    "'EX_ile_L(e)'": "'PRASCSi'"
  },
  {
    "'23DHMPO'": "'FDH'",
    "'3MOPt2r'": "'FDH2'",
    "'EX_ile_L(e)'": "'PRFGS'"
  },
  {
    "'23DHMPO'": "'FE2abc'",
    "'3MOPt2r'": "'FE3abc'",
    "'EX_ile_L(e)'": "'FEDCabc'"
  },
  {
    "'23DHMPO'": "'GARFTi'",
    "'3MOPt2r'": "'GART'",
    "'EX_ile_L(e)'": "'HXPRT'"
  },
  {
    "'23DHMPO'": "'GARFTi'",
    "'3MOPt2r'": "'GART'",
    "'EX_ile_L(e)'": "'HYXNt'"
  },
  {
    "'23DHMPO'": "'GCCa'",
    "'3MOPt2r'": "'GHMT2r'",
    "'EX_ile_L(e)'": "'GLYCL'"
  },
  {
    "'23DHMPO'": "'GCCb'",
    "'3MOPt2r'": "'GHMT2r'",
    "'EX_ile_L(e)'": "'GLYCL'"
  },
  {
    "'23DHMPO'": "'GCCc'",
    "'3MOPt2r'": "'GHMT2r'",
    "'EX_ile_L(e)'": "'GLYCL'"
  },
  {
    "'23DHMPO'": "'GGTA'",
    "'3MOPt2r'": "'GLUCYS'",
    "'EX_ile_L(e)'": "'GTHRDt2'"
  },
  {
    "'23DHMPO'": "'GGTA'",
    "'3MOPt2r'": "'GTHRDt2'",
    "'EX_ile_L(e)'": "'GTHS'"
  },
  {
    "'23DHMPO'": "'GHMT2r'",
    "'3MOPt2r'": "'PGCDr'",
    "'EX_ile_L(e)'": "'SERt2r'"
  },
  {
    "'23DHMPO'": "'GHMT2r'",
    "'3MOPt2r'": "'PSERT'",
    "'EX_ile_L(e)'": "'SERt2r'"
  },
  {
    "'23DHMPO'": "'GHMT2r'",
    "'3MOPt2r'": "'PSP_L'",
    "'EX_ile_L(e)'": "'SERt2r'"
  },
  {
    "'23DHMPO'": "'GK2'",
    "'3MOPt2r'": "'NDPK8'",
    "'EX_ile_L(e)'": "'RNTR1'"
  },
  {
    "'23DHMPO'": "'GLYPHEHYc'",
    "'3MOPt2r'": "'PHETA1'",
    "'EX_ile_L(e)'": "'PHEt2r'"
  },
  {
    "'23DHMPO'": "'GLYPHEHYc'",
    "'3MOPt2r'": "'PHEt2r'",
    "'EX_ile_L(e)'": "'PPNDH'"
  },
  {
    "'23DHMPO'": "'GLYPHEabc'",
    "'3MOPt2r'": "'PHETA1'",
    "'EX_ile_L(e)'": "'PHEt2r'"
  },
  {
    "'23DHMPO'": "'GLYPHEabc'",
    "'3MOPt2r'": "'PHEt2r'",
    "'EX_ile_L(e)'": "'PPNDH'"
  },
  {
    "'23DHMPO'": "'GLYTYR1c'",
    "'3MOPt2r'": "'TYRTA'",
    "'EX_ile_L(e)'": "'TYRt2r'"
  },
  {
    "'23DHMPO'": "'GLYTYRabc'",
    "'3MOPt2r'": "'TYRTA'",
    "'EX_ile_L(e)'": "'TYRt2r'"
  },
  {
    "'23DHMPO'": "'GMPS2'",
    "'3MOPt2r'": "'GUAt2'",
    "'EX_ile_L(e)'": "'PUNP3'"
  },
  {
    "'23DHMPO'": "'GMPS2'",
    "'3MOPt2r'": "'GUAt2'",
    "'EX_ile_L(e)'": "'r1384'"
  },
  {
    "'23DHMPO'": "'GPDDA2'",
    "'3MOPt2r'": "'MOHMT'",
    "'EX_ile_L(e)'": "'O2t'"
  },
  {
    "'23DHMPO'": "'GPDDA2'",
    "'3MOPt2r'": "'O2t'",
    "'EX_ile_L(e)'": "'OPHHX3'"
  },
  {
    "'23DHMPO'": "'GPDDA2'",
    "'3MOPt2r'": "'O2t'",
    "'EX_ile_L(e)'": "'PYDXK'"
  },
  {
    "'23DHMPO'": "'GPDDA2'",
    "'3MOPt2r'": "'O2t'",
    "'EX_ile_L(e)'": "'PYDXabc'"
  },
  {
    "'23DHMPO'": "'GPDDA2'",
    "'3MOPt2r'": "'O2t'",
    "'EX_ile_L(e)'": "'SUCOAS'"
  },
  {
    "'23DHMPO'": "'GUAPRT'",
    "'3MOPt2r'": "'IMPD'",
    "'EX_ile_L(e)'": "'XPPT'"
  },
  {
    "'23DHMPO'": "'GUAt2'",
    "'3MOPt2r'": "'IMPD'",
    "'EX_ile_L(e)'": "'XANt2'"
  },
  {
    "'23DHMPO'": "'H2CO3D'",
    "'3MOPt2r'": "'MALCOAPYRCT'",
    "'EX_ile_L(e)'": "'MMSAD5'"
  },
  {
    "'23DHMPO'": "'H2CO3D'",
    "'3MOPt2r'": "'OCBT'",
    "'EX_ile_L(e)'": "'UPPRT'"
  },
  {
    "'23DHMPO'": "'HKt'",
    "'3MOPt2r'": "'Kt1r'",
    "'EX_ile_L(e)'": "'ZN2t4'"
  },
  {
    "'23DHMPO'": "'HKt'",
    "'3MOPt2r'": "'Kt1r'",
    "'EX_ile_L(e)'": "'ZNabc'"
  },
  {
    "'23DHMPO'": "'LPAMMBT2'",
    "'3MOPt2r'": "'OIVD1r'",
    "'EX_ile_L(e)'": "'OIVD3'"
  },
  {
    "'23DHMPO'": "'MOHMT'",
    "'3MOPt2r'": "'O2t'",
    "'EX_ile_L(e)'": "'PACTH'"
  },
  {
    "'23DHMPO'": "'MOHMT'",
    "'3MOPt2r'": "'O2t'",
    "'EX_ile_L(e)'": "'r0010'"
  },
  {
    "'23DHMPO'": "'O2t'",
    "'3MOPt2r'": "'OPHHX3'",
    "'EX_ile_L(e)'": "'PACTH'"
  },
  {
    "'23DHMPO'": "'O2t'",
    "'3MOPt2r'": "'OPHHX3'",
    "'EX_ile_L(e)'": "'r0010'"
  },
  {
    "'23DHMPO'": "'O2t'",
    "'3MOPt2r'": "'PACTH'",
    "'EX_ile_L(e)'": "'PYDXK'"
  },
  {
    "'23DHMPO'": "'O2t'",
    "'3MOPt2r'": "'PACTH'",
    "'EX_ile_L(e)'": "'PYDXabc'"
  },
  {
    "'23DHMPO'": "'O2t'",
    "'3MOPt2r'": "'PACTH'",
    "'EX_ile_L(e)'": "'SUCOAS'"
  },
  {
    "'23DHMPO'": "'O2t'",
    "'3MOPt2r'": "'PYDXK'",
    "'EX_ile_L(e)'": "'r0010'"
  },
  {
    "'23DHMPO'": "'O2t'",
    "'3MOPt2r'": "'PYDXabc'",
    "'EX_ile_L(e)'": "'r0010'"
  },
  {
    "'23DHMPO'": "'O2t'",
    "'3MOPt2r'": "'SUCOAS'",
    "'EX_ile_L(e)'": "'r0010'"
  },
  {
    "'23DHMPO'": "'PDX5PO'",
    "'3MOPt2r'": "'PYAM5POr'",
    "'EX_ile_L(e)'": "'PYDXK'"
  },
  {
    "'23DHMPO'": "'PDX5PO'",
    "'3MOPt2r'": "'PYAM5POr'",
    "'EX_ile_L(e)'": "'PYDXabc'"
  },
  {
    "'23DHMPO'": "'PDX5PO'",
    "'3MOPt2r'": "'PYDAMK'",
    "'EX_ile_L(e)'": "'PYDXK'"
  },
  {
    "'23DHMPO'": "'PDX5PO'",
    "'3MOPt2r'": "'PYDAMK'",
    "'EX_ile_L(e)'": "'PYDXabc'"
  },
  {
    "'23DHMPO'": "'PDX5PO'",
    "'3MOPt2r'": "'PYDAMabc'",
    "'EX_ile_L(e)'": "'PYDXK'"
  },
  {
    "'23DHMPO'": "'PDX5PO'",
    "'3MOPt2r'": "'PYDAMabc'",
    "'EX_ile_L(e)'": "'PYDXabc'"
  },
  {
    "'23DHMPO'": "'PUNP4'",
    "'3MOPt2r'": "'RNDR2'",
    "'EX_ile_L(e)'": "'RNTR2'"
  },
  {
    "'23DHMPO'": "'PYAM5POr'",
    "'3MOPt2r'": "'PYDXK'",
    "'EX_ile_L(e)'": "'PYDXNK'"
  },
  {
    "'23DHMPO'": "'PYAM5POr'",
    "'3MOPt2r'": "'PYDXK'",
    "'EX_ile_L(e)'": "'PYDXNabc'"
  },
  {
    "'23DHMPO'": "'PYAM5POr'",
    "'3MOPt2r'": "'PYDXNK'",
    "'EX_ile_L(e)'": "'PYDXabc'"
  },
  {
    "'23DHMPO'": "'PYAM5POr'",
    "'3MOPt2r'": "'PYDXNabc'",
    "'EX_ile_L(e)'": "'PYDXabc'"
  },
  {
    "'23DHMPO'": "'PYDAMK'",
    "'3MOPt2r'": "'PYDXK'",
    "'EX_ile_L(e)'": "'PYDXNK'"
  },
  {
    "'23DHMPO'": "'PYDAMK'",
    "'3MOPt2r'": "'PYDXK'",
    "'EX_ile_L(e)'": "'PYDXNabc'"
  },
  {
    "'23DHMPO'": "'PYDAMK'",
    "'3MOPt2r'": "'PYDXNK'",
    "'EX_ile_L(e)'": "'PYDXabc'"
  },
  {
    "'23DHMPO'": "'PYDAMK'",
    "'3MOPt2r'": "'PYDXNabc'",
    "'EX_ile_L(e)'": "'PYDXabc'"
  },
  {
    "'23DHMPO'": "'PYDAMabc'",
    "'3MOPt2r'": "'PYDXK'",
    "'EX_ile_L(e)'": "'PYDXNK'"
  },
  {
    "'23DHMPO'": "'PYDAMabc'",
    "'3MOPt2r'": "'PYDXK'",
    "'EX_ile_L(e)'": "'PYDXNabc'"
  },
  {
    "'23DHMPO'": "'PYDAMabc'",
    "'3MOPt2r'": "'PYDXNK'",
    "'EX_ile_L(e)'": "'PYDXabc'"
  },
  {
    "'23DHMPO'": "'PYDAMabc'",
    "'3MOPt2r'": "'PYDXNabc'",
    "'EX_ile_L(e)'": "'PYDXabc'"
  },
  {
    "'23DHMPO'": "'RNDR2'",
    "'3MOPt2r'": "'RNTR2'",
    "'EX_ile_L(e)'": "'r0456'"
  },
  {
    "'23DHMPO'": "'RPI'",
    "'3MOPt2r'": "'S17BPH'",
    "'EX_ile_L(e)'": "'TALA'"
  },
  {
    "'23DHMPO'": "'S17BPH'",
    "'3MOPt2r'": "'TALA'",
    "'EX_ile_L(e)'": "'TKT1'"
  },
  {
    "'23DHMPO'": "'TRPS1'",
    "'3MOPt2r'": "'TRPS2'",
    "'EX_ile_L(e)'": "'TRPt2r'"
  },
  {
    "'23DHMPO'": "'TRPS1'",
    "'3MOPt2r'": "'TRPS3'",
    "'EX_ile_L(e)'": "'TRPt2r'"
  }
]