SFxv_3121,SFxv_1034
SFxv_1034,SFxv_4275
SFxv_1034,SFxv_0441
SFxv_2995,SFxv_3550
SFxv_4123,SFxv_0076
SFxv_4123,SFxv_0077
SFxv_0076,SFxv_4122
SFxv_0077,SFxv_4122
SFxv_2082,SFxv_2798
SFxv_1451,SFxv_0121
SFxv_1246,SFxv_4540
SFxv_0628,SFxv_0627
SFxv_0628,SFxv_0626
SFxv_0629,SFxv_0627
SFxv_0629,SFxv_0626
SFxv_0119,SFxv_0627
SFxv_0119,SFxv_0626
SFxv_0093,SFxv_0245
SFxv_1353,SFxv_4528
SFxv_2854,SFxv_3178
SFxv_2854,SFxv_4813
SFxv_2692,SFxv_2611
plsY,SFxv_4540
SFxv_0684,SFxv_4167
SFxv_4379,SFxv_0001
SFxv_0499,SFxv_0030
SFxv_0499,SFxv_0031
SFxv_0155,SFxv_1809
SFxv_2740,SFxv_4293
SFxv_3349,SFxv_1848
SFxv_2718,SFxv_2726
SFxv_0981,SFxv_3035
SFxv_0981,SFxv_0171
SFxv_0047,SFxv_1823
SFxv_3191,SFxv_1630
SFxv_1475,SFxv_4296
SFxv_1648,SFxv_3565
SFxv_1648,SFxv_3566
SFxv_2326,SFxv_3715
SFxv_3848,SFxv_0917
SFxv_2832,SFxv_1919
SFxv_2832,SFxv_1918
SFxv_2832,SFxv_1916
SFxv_2832,SFxv_1917
SFxv_2832,SFxv_1920
SFxv_2832,SFxv_1921
SFxv_2831,SFxv_1919
SFxv_2831,SFxv_1918
SFxv_2831,SFxv_1916
SFxv_2831,SFxv_1917
SFxv_2831,SFxv_1920
SFxv_2831,SFxv_1921
SFxv_4451,SFxv_4396
SFxv_3309,SFxv_4396
SFxv_4455,SFxv_4258
SFxv_2727,SFxv_0597
SFxv_2727,SFxv_0595
SFxv_2727,SFxv_0596
SFxv_0597,SFxv_2728
SFxv_0597,SFxv_2729
SFxv_2728,SFxv_0595
SFxv_2728,SFxv_0596
SFxv_0595,SFxv_2729
SFxv_2729,SFxv_0596
SFxv_3330,SFxv_4062
SFxv_3330,SFxv_4065
SFxv_3330,SFxv_4064
SFxv_3330,SFxv_4063
SFxv_4396,SFxv_0633
SFxv_4396,SFxv_0635
SFxv_4396,SFxv_0632
SFxv_4396,SFxv_0634
SFxv_1929,SFxv_3628
SFxv_3715,SFxv_3179
SFxv_3719,SFxv_0364
SFxv_3464,SFxv_4193
