[
  {
    "'2MBCOATA'": "'3HAD10M12'"
  },
  {
    "'2MBCOATA'": "'3HAD11M12'"
  },
  {
    "'2MBCOATA'": "'3HAD12M14'"
  },
  {
    "'2MBCOATA'": "'3HAD13M14'"
  },
  {
    "'2MBCOATA'": "'3HAD14M16'"
  },
  {
    "'2MBCOATA'": "'3HAD15M16'"
  },
  {
    "'2MBCOATA'": "'3HAD4M6'"
  },
  {
    "'2MBCOATA'": "'3HAD5M6'"
  },
  {
    "'2MBCOATA'": "'3HAD6M8'"
  },
  {
    "'2MBCOATA'": "'3HAD7M8'"
  },
  {
    "'2MBCOATA'": "'3HAD8M10'"
  },
  {
    "'2MBCOATA'": "'3HAD9M10'"
  },
  {
    "'2MBCOATA'": "'3OAR10M12'"
  },
  {
    "'2MBCOATA'": "'3OAR11M12'"
  },
  {
    "'2MBCOATA'": "'3OAR12M14'"
  },
  {
    "'2MBCOATA'": "'3OAR13M14'"
  },
  {
    "'2MBCOATA'": "'3OAR140'"
  },
  {
    "'2MBCOATA'": "'3OAR14M16'"
  },
  {
    "'2MBCOATA'": "'3OAR15M16'"
  },
  {
    "'2MBCOATA'": "'3OAR4M6'"
  },
  {
    "'2MBCOATA'": "'3OAR5M6'"
  },
  {
    "'2MBCOATA'": "'3OAR6M8'"
  },
  {
    "'2MBCOATA'": "'3OAR7M8'"
  },
  {
    "'2MBCOATA'": "'3OAR8M10'"
  },
  {
    "'2MBCOATA'": "'3OAR9M10'"
  },
  {
    "'2MBCOATA'": "'3OAS10M12'"
  },
  {
    "'2MBCOATA'": "'3OAS11M12'"
  },
  {
    "'2MBCOATA'": "'3OAS12M14'"
  },
  {
    "'2MBCOATA'": "'3OAS13M14'"
  },
  {
    "'2MBCOATA'": "'3OAS140'"
  },
  {
    "'2MBCOATA'": "'3OAS3M4'"
  },
  {
    "'2MBCOATA'": "'3OAS4M3O6'"
  },
  {
    "'2MBCOATA'": "'3OAS4M6'"
  },
  {
    "'2MBCOATA'": "'3OAS5M6'"
  },
  {
    "'2MBCOATA'": "'3OAS6M8'"
  },
  {
    "'2MBCOATA'": "'3OAS7M8'"
  },
  {
    "'2MBCOATA'": "'3OAS8M10'"
  },
  {
    "'2MBCOATA'": "'3OAS9M10'"
  },
  {
    "'2MBCOATA'": "'A5PISO'"
  },
  {
    "'2MBCOATA'": "'ACBIPGT'"
  },
  {
    "'2MBCOATA'": "'ACOAAGPATAI17'"
  },
  {
    "'2MBCOATA'": "'ACOAAGPATI17'"
  },
  {
    "'2MBCOATA'": "'ACPS1'"
  },
  {
    "'2MBCOATA'": "'ADCS'"
  },
  {
    "'2MBCOATA'": "'ADK2'"
  },
  {
    "'2MBCOATA'": "'ADOCBIK'"
  },
  {
    "'2MBCOATA'": "'ADOCBLS'"
  },
  {
    "'2MBCOATA'": "'AGMHE'"
  },
  {
    "'2MBCOATA'": "'AICART'"
  },
  {
    "'2MBCOATA'": "'AIHPDCOATA'"
  },
  {
    "'2MBCOATA'": "'AKP1'"
  },
  {
    "'2MBCOATA'": "'ALAALA'"
  },
  {
    "'2MBCOATA'": "'ALAR'"
  },
  {
    "'2MBCOATA'": "'ANPRT'"
  },
  {
    "'2MBCOATA'": "'ASNS2'"
  },
  {
    "'2MBCOATA'": "'ASP1DC'"
  },
  {
    "'2MBCOATA'": "'ATPPRT'"
  },
  {
    "'2MBCOATA'": "'BPNT'"
  },
  {
    "'2MBCOATA'": "'CAt4i'"
  },
  {
    "'2MBCOATA'": "'CBIAT'"
  },
  {
    "'2MBCOATA'": "'CDOSKT'"
  },
  {
    "'2MBCOATA'": "'CDPMEK'"
  },
  {
    "'2MBCOATA'": "'CHORS'"
  },
  {
    "'2MBCOATA'": "'CLPNS180'"
  },
  {
    "'2MBCOATA'": "'CLPNSAI17'"
  },
  {
    "'2MBCOATA'": "'CLPNSI17'"
  },
  {
    "'2MBCOATA'": "'COBALTt5'"
  },
  {
    "'2MBCOATA'": "'Cuabc'"
  },
  {
    "'2MBCOATA'": "'DAPabc'"
  },
  {
    "'2MBCOATA'": "'DASYN180'"
  },
  {
    "'2MBCOATA'": "'DASYNAI17'"
  },
  {
    "'2MBCOATA'": "'DASYNI17'"
  },
  {
    "'2MBCOATA'": "'DDPA'"
  },
  {
    "'2MBCOATA'": "'DHFS'"
  },
  {
    "'2MBCOATA'": "'DHQS'"
  },
  {
    "'2MBCOATA'": "'DHQTi'"
  },
  {
    "'2MBCOATA'": "'DMATT'"
  },
  {
    "'2MBCOATA'": "'DPCOAK'"
  },
  {
    "'2MBCOATA'": "'DPRr'"
  },
  {
    "'2MBCOATA'": "'DTMPK'"
  },
  {
    "'2MBCOATA'": "'DXPRIr'"
  },
  {
    "'2MBCOATA'": "'DXPS'"
  },
  {
    "'2MBCOATA'": "'EAR10M12'"
  },
  {
    "'2MBCOATA'": "'EAR11M12'"
  },
  {
    "'2MBCOATA'": "'EAR12M14'"
  },
  {
    "'2MBCOATA'": "'EAR13M14'"
  },
  {
    "'2MBCOATA'": "'EAR14M16'"
  },
  {
    "'2MBCOATA'": "'EAR15M16'"
  },
  {
    "'2MBCOATA'": "'EAR4M6'"
  },
  {
    "'2MBCOATA'": "'EAR5M6'"
  },
  {
    "'2MBCOATA'": "'EAR6M8'"
  },
  {
    "'2MBCOATA'": "'EAR7M8'"
  },
  {
    "'2MBCOATA'": "'EAR8M10'"
  },
  {
    "'2MBCOATA'": "'EAR9M10'"
  },
  {
    "'2MBCOATA'": "'EDTXS1'"
  },
  {
    "'2MBCOATA'": "'EDTXS2'"
  },
  {
    "'2MBCOATA'": "'EX_26dap_M(e)'"
  },
  {
    "'2MBCOATA'": "'EX_ala_L(e)'"
  },
  {
    "'2MBCOATA'": "'EX_biomass(e)'"
  },
  {
    "'2MBCOATA'": "'EX_ca2(e)'"
  },
  {
    "'2MBCOATA'": "'EX_cl(e)'"
  },
  {
    "'2MBCOATA'": "'EX_cobalt2(e)'"
  },
  {
    "'2MBCOATA'": "'EX_cu2(e)'"
  },
  {
    "'2MBCOATA'": "'EX_fe2(e)'"
  },
  {
    "'2MBCOATA'": "'EX_fe3(e)'"
  },
  {
    "'2MBCOATA'": "'EX_k(e)'"
  },
  {
    "'2MBCOATA'": "'EX_mg2(e)'"
  },
  {
    "'2MBCOATA'": "'EX_mn2(e)'"
  },
  {
    "'2MBCOATA'": "'EX_ocdca(e)'"
  },
  {
    "'2MBCOATA'": "'EX_pheme(e)'"
  },
  {
    "'2MBCOATA'": "'EX_pi(e)'"
  },
  {
    "'2MBCOATA'": "'EX_ribflv(e)'"
  },
  {
    "'2MBCOATA'": "'EX_so4(e)'"
  },
  {
    "'2MBCOATA'": "'EX_spmd(e)'"
  },
  {
    "'2MBCOATA'": "'EX_thm(e)'"
  },
  {
    "'2MBCOATA'": "'EX_ttdca(e)'"
  },
  {
    "'2MBCOATA'": "'EX_zn2(e)'"
  },
  {
    "'2MBCOATA'": "'FACOAL140'"
  },
  {
    "'2MBCOATA'": "'FAS140ACPrev'"
  },
  {
    "'2MBCOATA'": "'FE2abc'"
  },
  {
    "'2MBCOATA'": "'FE3abc'"
  },
  {
    "'2MBCOATA'": "'FMNAT'"
  },
  {
    "'2MBCOATA'": "'G1PTT'"
  },
  {
    "'2MBCOATA'": "'G3PATAI17'"
  },
  {
    "'2MBCOATA'": "'G3PATI17'"
  },
  {
    "'2MBCOATA'": "'GALT1'"
  },
  {
    "'2MBCOATA'": "'GALU'"
  },
  {
    "'2MBCOATA'": "'GGTA'"
  },
  {
    "'2MBCOATA'": "'GLCTR1'"
  },
  {
    "'2MBCOATA'": "'GLCTR2'"
  },
  {
    "'2MBCOATA'": "'GLCTR3'"
  },
  {
    "'2MBCOATA'": "'GLUR'"
  },
  {
    "'2MBCOATA'": "'GMHEPAT'"
  },
  {
    "'2MBCOATA'": "'GMHEPK'"
  },
  {
    "'2MBCOATA'": "'GMHEPPA'"
  },
  {
    "'2MBCOATA'": "'GRTT'"
  },
  {
    "'2MBCOATA'": "'GTPCI'"
  },
  {
    "'2MBCOATA'": "'HEMEti'"
  },
  {
    "'2MBCOATA'": "'HEPK1'"
  },
  {
    "'2MBCOATA'": "'HEPK2'"
  },
  {
    "'2MBCOATA'": "'HEPT1'"
  },
  {
    "'2MBCOATA'": "'HEPT2'"
  },
  {
    "'2MBCOATA'": "'HEPT3'"
  },
  {
    "'2MBCOATA'": "'HEPT4'"
  },
  {
    "'2MBCOATA'": "'HISTP'"
  },
  {
    "'2MBCOATA'": "'HSTPTr'"
  },
  {
    "'2MBCOATA'": "'IG3PS'"
  },
  {
    "'2MBCOATA'": "'IGPDH'"
  },
  {
    "'2MBCOATA'": "'IGPS'"
  },
  {
    "'2MBCOATA'": "'IHPDCOATA'"
  },
  {
    "'2MBCOATA'": "'IMPC'"
  },
  {
    "'2MBCOATA'": "'IVCOATA'"
  },
  {
    "'2MBCOATA'": "'KDOCT2'"
  },
  {
    "'2MBCOATA'": "'KDOPP'"
  },
  {
    "'2MBCOATA'": "'KDOPSr'"
  },
  {
    "'2MBCOATA'": "'Kt1r'"
  },
  {
    "'2MBCOATA'": "'LPADSS'"
  },
  {
    "'2MBCOATA'": "'MCOATA'"
  },
  {
    "'2MBCOATA'": "'MECDPDH2'"
  },
  {
    "'2MBCOATA'": "'MECDPS'"
  },
  {
    "'2MBCOATA'": "'MEPCT'"
  },
  {
    "'2MBCOATA'": "'METATr'"
  },
  {
    "'2MBCOATA'": "'MG2abc'"
  },
  {
    "'2MBCOATA'": "'MNt2'"
  },
  {
    "'2MBCOATA'": "'MOAT'"
  },
  {
    "'2MBCOATA'": "'MOAT3C'"
  },
  {
    "'2MBCOATA'": "'MOHMT'"
  },
  {
    "'2MBCOATA'": "'NNATr'"
  },
  {
    "'2MBCOATA'": "'NNDMBRT'"
  },
  {
    "'2MBCOATA'": "'OCDCAt2'"
  },
  {
    "'2MBCOATA'": "'OIVD1r'"
  },
  {
    "'2MBCOATA'": "'OIVD3'"
  },
  {
    "'2MBCOATA'": "'ORNDC'"
  },
  {
    "'2MBCOATA'": "'PANTS'"
  },
  {
    "'2MBCOATA'": "'PAPPT3'"
  },
  {
    "'2MBCOATA'": "'PEPGLY'"
  },
  {
    "'2MBCOATA'": "'PGMT'"
  },
  {
    "'2MBCOATA'": "'PGPP180'"
  },
  {
    "'2MBCOATA'": "'PGPPAI17'"
  },
  {
    "'2MBCOATA'": "'PGPPI17'"
  },
  {
    "'2MBCOATA'": "'PGSA180'"
  },
  {
    "'2MBCOATA'": "'PGSAAI17'"
  },
  {
    "'2MBCOATA'": "'PGSAI17'"
  },
  {
    "'2MBCOATA'": "'PNTK'"
  },
  {
    "'2MBCOATA'": "'PPA'"
  },
  {
    "'2MBCOATA'": "'PPCDC'"
  },
  {
    "'2MBCOATA'": "'PRAI'"
  },
  {
    "'2MBCOATA'": "'PRAMPC'"
  },
  {
    "'2MBCOATA'": "'PRATPP'"
  },
  {
    "'2MBCOATA'": "'PRMICI'"
  },
  {
    "'2MBCOATA'": "'PRPPS'"
  },
  {
    "'2MBCOATA'": "'PSCVT'"
  },
  {
    "'2MBCOATA'": "'PSD180'"
  },
  {
    "'2MBCOATA'": "'PSDAI17'"
  },
  {
    "'2MBCOATA'": "'PSDI17'"
  },
  {
    "'2MBCOATA'": "'PSSA180'"
  },
  {
    "'2MBCOATA'": "'PSSAAI17'"
  },
  {
    "'2MBCOATA'": "'PSSAI17'"
  },
  {
    "'2MBCOATA'": "'PTPAT'"
  },
  {
    "'2MBCOATA'": "'PYDXKr'"
  },
  {
    "'2MBCOATA'": "'RBFK'"
  },
  {
    "'2MBCOATA'": "'RHAT1'"
  },
  {
    "'2MBCOATA'": "'RIBFLVt2r'"
  },
  {
    "'2MBCOATA'": "'RNTR1'"
  },
  {
    "'2MBCOATA'": "'RNTR2'"
  },
  {
    "'2MBCOATA'": "'RPI'"
  },
  {
    "'2MBCOATA'": "'RZ5PP'"
  },
  {
    "'2MBCOATA'": "'S7PIr'"
  },
  {
    "'2MBCOATA'": "'SHK3Dr'"
  },
  {
    "'2MBCOATA'": "'SHKK'"
  },
  {
    "'2MBCOATA'": "'SO4t2'"
  },
  {
    "'2MBCOATA'": "'SPMDabc'"
  },
  {
    "'2MBCOATA'": "'TDCOATA'"
  },
  {
    "'2MBCOATA'": "'TDPDRE'"
  },
  {
    "'2MBCOATA'": "'TDPDRRr'"
  },
  {
    "'2MBCOATA'": "'TDPGDH'"
  },
  {
    "'2MBCOATA'": "'TDSK'"
  },
  {
    "'2MBCOATA'": "'THMt3'"
  },
  {
    "'2MBCOATA'": "'TMDPK'"
  },
  {
    "'2MBCOATA'": "'TRDRr'"
  },
  {
    "'2MBCOATA'": "'TTDCAt2'"
  },
  {
    "'2MBCOATA'": "'U23GAAT'"
  },
  {
    "'2MBCOATA'": "'UAAGDS'"
  },
  {
    "'2MBCOATA'": "'UAGAAT'"
  },
  {
    "'2MBCOATA'": "'UAGCVT_r'"
  },
  {
    "'2MBCOATA'": "'UAGDP'"
  },
  {
    "'2MBCOATA'": "'UAGPT3'"
  },
  {
    "'2MBCOATA'": "'UAMAGS'"
  },
  {
    "'2MBCOATA'": "'UAMAS'"
  },
  {
    "'2MBCOATA'": "'UAPGR'"
  },
  {
    "'2MBCOATA'": "'UDCPDP'"
  },
  {
    "'2MBCOATA'": "'UDCPDPS'"
  },
  {
    "'2MBCOATA'": "'UGMDDS'"
  },
  {
    "'2MBCOATA'": "'UHGADA'"
  },
  {
    "'2MBCOATA'": "'UMPK'"
  },
  {
    "'2MBCOATA'": "'USHD'"
  },
  {
    "'2MBCOATA'": "'ZNabc'"
  },
  {
    "'2MBCOATA'": "'dreplication'"
  },
  {
    "'2MBCOATA'": "'pbiosynthesis'"
  },
  {
    "'2MBCOATA'": "'r2137'"
  },
  {
    "'2MBCOATA'": "'rtranscription'"
  },
  {
    "'2MBCOATA'": "'EX_cgly(e)'"
  },
  {
    "'2MBCOATA'": "'CGLYt3_2_'"
  },
  {
    "'2MBCOATA'": "'EX_sheme(e)'"
  },
  {
    "'2MBCOATA'": "'SHEMEabc'"
  },
  {
    "'2MBCOATA'": "'EX_mqn8(e)'"
  },
  {
    "'2MBCOATA'": "'MK8t'"
  },
  {
    "'2MBCOATA'": "'EX_thymd(e)'"
  },
  {
    "'2MBCOATA'": "'THMDt2r'"
  },
  {
    "'2MBCOATA'": "'EX_q8(e)'"
  },
  {
    "'2MBCOATA'": "'Q8abc'"
  },
  {
    "'2MBCOATA'": "'EX_2dmmq8(e)'"
  },
  {
    "'2MBCOATA'": "'2DMMQ8abc'"
  },
  {
    "'2MBCOATA'": "'EX_gcald(e)'"
  },
  {
    "'2MBCOATA'": "'GCALDt'"
  },
  {
    "'2MBCOATA'": "'EX_pydx(e)'"
  },
  {
    "'2MBCOATA'": "'PYDXabc'"
  },
  {
    "'2MBCOATA'": "'DHFR'"
  },
  {
    "'2MBCOATA'": "'DHNPA2'"
  },
  {
    "'2MBCOATA'": "'HPPK2'"
  },
  {
    "'2MBCOATA'": "'DHPS2'"
  },
  {
    "'2MBCOATA'": "'ADCL'"
  },
  {
    "'2MBCOATA'": "'biomass363'"
  }
]