[
  {
    "'g.2555.peg.980'": "'g.2555.peg.117'"
  },
  {
    "'g.2555.peg.980'": "'Unknown'"
  },
  {
    "'g.2555.peg.980'": "'g.2555.peg.481'"
  },
  {
    "'g.2555.peg.980'": "'g.2555.peg.269'"
  },
  {
    "'g.2555.peg.980'": "'g.2555.peg.854'"
  },
  {
    "'g.2555.peg.980'": "'g.2555.peg.1729'"
  },
  {
    "'g.2555.peg.980'": "'g.2555.peg.252'"
  },
  {
    "'g.2555.peg.980'": "'g.2555.peg.1191'"
  },
  {
    "'g.2555.peg.980'": "'g.2555.peg.724'"
  },
  {
    "'g.2555.peg.980'": "'g.2555.peg.932'"
  },
  {
    "'g.2555.peg.980'": "'g.2555.peg.248'"
  },
  {
    "'g.2555.peg.980'": "'591001.3.peg.297'"
  },
  {
    "'g.2555.peg.980'": "'591001.3.peg.1904'"
  },
  {
    "'g.2555.peg.980'": "'g.2555.peg.1124'"
  },
  {
    "'g.2555.peg.980'": "'g.2555.peg.768'"
  },
  {
    "'g.2555.peg.980'": "'591001.3.peg.1318'"
  },
  {
    "'g.2555.peg.980'": "'591001.3.peg.1443'"
  },
  {
    "'g.2555.peg.980'": "'591001.3.peg.298'"
  },
  {
    "'g.2555.peg.980'": "'591001.3.peg.296'"
  },
  {
    "'g.2555.peg.980'": "'gap_filled'"
  },
  {
    "'g.2555.peg.980'": "'g.2555.peg.797'"
  },
  {
    "'g.2555.peg.980'": "'g.2555.peg.159'"
  },
  {
    "'g.2555.peg.980'": "'g.2555.peg.528'"
  },
  {
    "'g.2555.peg.980'": "'591001.3.peg.1594'"
  },
  {
    "'g.2555.peg.980'": "'g.2555.peg.217'"
  },
  {
    "'g.2555.peg.980'": "'g.2555.peg.429'"
  },
  {
    "'g.2555.peg.980'": "'g.2555.peg.2048'"
  },
  {
    "'g.2555.peg.980'": "'g.2555.peg.498'"
  },
  {
    "'g.2555.peg.980'": "'g.2555.peg.491'"
  },
  {
    "'g.2555.peg.980'": "'591001.3.peg.423'"
  },
  {
    "'g.2555.peg.980'": "'g.2555.peg.478'"
  },
  {
    "'g.2555.peg.980'": "'g.2555.peg.1499'"
  },
  {
    "'g.2555.peg.980'": "'g.2555.peg.1018'"
  },
  {
    "'g.2555.peg.980'": "'g.2555.peg.365'"
  },
  {
    "'g.2555.peg.980'": "'591001.3.peg.471'"
  },
  {
    "'g.2555.peg.980'": "'g.2555.peg.1112'"
  },
  {
    "'g.2555.peg.980'": "'g.2555.peg.1808'"
  },
  {
    "'g.2555.peg.980'": "'g.2555.peg.924'"
  },
  {
    "'g.2555.peg.980'": "'591001.3.peg.1329'"
  },
  {
    "'g.2555.peg.980'": "'g.2555.peg.581'"
  },
  {
    "'g.2555.peg.980'": "'591001.3.peg.1426'"
  },
  {
    "'g.2555.peg.980'": "'g.2555.peg.1662'"
  },
  {
    "'g.2555.peg.980'": "'g.2555.peg.853'"
  },
  {
    "'g.2555.peg.980'": "'g.2555.peg.746'"
  },
  {
    "'g.2555.peg.980'": "'g.2555.peg.1152'"
  },
  {
    "'g.2555.peg.980'": "'g.2555.peg.921'"
  },
  {
    "'g.2555.peg.980'": "'591001.3.peg.1199'"
  },
  {
    "'g.2555.peg.980'": "'g.2555.peg.95'"
  },
  {
    "'g.2555.peg.980'": "'g.2555.peg.176'"
  },
  {
    "'g.2555.peg.980'": "'591001.3.peg.148'"
  },
  {
    "'g.2555.peg.980'": "'591001.3.peg.947'"
  },
  {
    "'g.2555.peg.980'": "'591001.3.peg.949'"
  },
  {
    "'g.2555.peg.980'": "'591001.3.peg.948'"
  },
  {
    "'g.2555.peg.980'": "'591001.3.peg.299'"
  },
  {
    "'g.2555.peg.980'": "'591001.3.peg.1252'"
  },
  {
    "'g.2555.peg.980'": "'g.2555.peg.477'"
  },
  {
    "'g.2555.peg.980'": "'g.2555.peg.21'"
  },
  {
    "'g.2555.peg.980'": "'g.2555.peg.361'"
  },
  {
    "'g.2555.peg.980'": "'g.2555.peg.527'"
  },
  {
    "'g.2555.peg.980'": "'g.2555.peg.237'"
  },
  {
    "'g.2555.peg.980'": "'g.2555.peg.1540'"
  },
  {
    "'g.2555.peg.980'": "'g.2555.peg.1544'"
  },
  {
    "'g.2555.peg.980'": "'g.2555.peg.1517'"
  },
  {
    "'g.2555.peg.980'": "'591001.3.peg.149'"
  },
  {
    "'g.2555.peg.980'": "'591001.3.peg.798'"
  },
  {
    "'g.2555.peg.980'": "'g.2555.peg.1457'"
  },
  {
    "'g.2555.peg.980'": "'591001.3.peg.1577'"
  },
  {
    "'g.2555.peg.980'": "'591001.3.peg.1397'"
  },
  {
    "'g.2555.peg.980'": "'591001.3.peg.300'"
  },
  {
    "'g.2555.peg.980'": "'g.2555.peg.2036'"
  },
  {
    "'g.2555.peg.980'": "'g.2555.peg.2015'"
  },
  {
    "'g.2555.peg.980'": "'g.2555.peg.998'"
  },
  {
    "'g.2555.peg.980'": "'591001.3.peg.1595'"
  },
  {
    "'g.2555.peg.980'": "'g.2555.peg.1825'"
  },
  {
    "'g.2555.peg.980'": "'591001.3.peg.1382'"
  },
  {
    "'g.2555.peg.980'": "'591001.3.peg.816'"
  },
  {
    "'g.2555.peg.980'": "'g.2555.peg.713'"
  },
  {
    "'g.2555.peg.980'": "'g.2555.peg.1073'"
  },
  {
    "'g.2555.peg.980'": "'591001.3.peg.450'"
  },
  {
    "'g.2555.peg.980'": "'591001.3.peg.451'"
  },
  {
    "'g.2555.peg.980'": "'591001.3.peg.1591'"
  },
  {
    "'g.2555.peg.980'": "'g.2555.peg.1173'"
  },
  {
    "'g.2555.peg.980'": "'591001.3.peg.489'"
  },
  {
    "'g.2555.peg.980'": "'g.2555.peg.2006'"
  },
  {
    "'g.2555.peg.980'": "'591001.3.peg.301'"
  },
  {
    "'g.2555.peg.980'": "'591001.3.peg.302'"
  },
  {
    "'g.2555.peg.980'": "'g.2555.peg.86'"
  },
  {
    "'g.2555.peg.980'": "'g.2555.peg.597'"
  },
  {
    "'g.2555.peg.980'": "'g.2555.peg.468'"
  },
  {
    "'g.2555.peg.980'": "'g.2555.peg.988'"
  },
  {
    "'g.2555.peg.980'": "'g.2555.peg.273'"
  },
  {
    "'g.2555.peg.980'": "'g.2555.peg.62'"
  },
  {
    "'g.2555.peg.980'": "'g.2555.peg.847'"
  },
  {
    "'g.2555.peg.980'": "'g.2555.peg.1382'"
  },
  {
    "'g.2555.peg.980'": "'591001.3.peg.1356'"
  },
  {
    "'g.2555.peg.980'": "'g.2555.peg.1429'"
  },
  {
    "'g.2555.peg.980'": "'g.2555.peg.2066'"
  },
  {
    "'g.2555.peg.980'": "'g.2555.peg.1298'"
  },
  {
    "'g.2555.peg.980'": "'g.2555.peg.838'"
  },
  {
    "'g.2555.peg.980'": "'g.2555.peg.1141'"
  },
  {
    "'g.2555.peg.980'": "'g.2555.peg.1766'"
  },
  {
    "'g.2555.peg.980'": "'g.2555.peg.1006'"
  },
  {
    "'g.2555.peg.980'": "'g.2555.peg.264'"
  },
  {
    "'g.2555.peg.980'": "'g.2555.peg.312'"
  },
  {
    "'g.2555.peg.980'": "'g.2555.peg.721'"
  },
  {
    "'g.2555.peg.980'": "'g.2555.peg.1734'"
  },
  {
    "'g.2555.peg.980'": "'g.2555.peg.382'"
  },
  {
    "'g.2555.peg.980'": "'g.2555.peg.1465'"
  },
  {
    "'g.2555.peg.980'": "'g.2555.peg.731'"
  },
  {
    "'g.2555.peg.980'": "'g.2555.peg.546'"
  },
  {
    "'g.2555.peg.980'": "'g.2555.peg.684'"
  },
  {
    "'g.2555.peg.980'": "'g.2555.peg.439'"
  },
  {
    "'g.2555.peg.980'": "'g.2555.peg.625'"
  },
  {
    "'g.2555.peg.980'": "'g.2555.peg.1061'"
  },
  {
    "'g.2555.peg.980'": "'g.2555.peg.825'"
  },
  {
    "'g.2555.peg.980'": "'g.2555.peg.75'"
  },
  {
    "'g.2555.peg.980'": "'g.2555.peg.58'"
  },
  {
    "'g.2555.peg.980'": "'g.2555.peg.1610'"
  },
  {
    "'g.2555.peg.980'": "'g.2555.peg.869'"
  },
  {
    "'g.2555.peg.980'": "'g.2555.peg.2045'"
  },
  {
    "'g.2555.peg.980'": "'g.2555.peg.389'"
  },
  {
    "'g.2555.peg.980'": "'g.2555.peg.1534'"
  },
  {
    "'g.2555.peg.980'": "'g.2555.peg.1281'"
  },
  {
    "'g.2555.peg.980'": "'g.2555.peg.678'"
  },
  {
    "'g.2555.peg.980'": "'g.2555.peg.1551'"
  },
  {
    "'g.2555.peg.980'": "'g.2555.peg.1348'"
  },
  {
    "'g.2555.peg.980'": "'g.2555.peg.1080'"
  },
  {
    "'g.2555.peg.980'": "'g.2555.peg.238'"
  },
  {
    "'g.2555.peg.980'": "'g.2555.peg.1982'"
  },
  {
    "'g.2555.peg.980'": "'g.2555.peg.907'"
  },
  {
    "'g.2555.peg.980'": "'g.2555.peg.920'"
  },
  {
    "'g.2555.peg.980'": "'g.2555.peg.1674'"
  },
  {
    "'g.2555.peg.980'": "'g.2555.peg.1571'"
  },
  {
    "'g.2555.peg.980'": "'g.2555.peg.1212'"
  },
  {
    "'g.2555.peg.980'": "'g.2555.peg.1748'"
  },
  {
    "'g.2555.peg.980'": "'g.2555.peg.1310'"
  },
  {
    "'g.2555.peg.980'": "'g.2555.peg.305'"
  },
  {
    "'g.2555.peg.980'": "'g.2555.peg.1751'"
  },
  {
    "'g.2555.peg.980'": "'g.2555.peg.1019'"
  },
  {
    "'g.2555.peg.980'": "'g.2555.peg.535'"
  },
  {
    "'g.2555.peg.980'": "'g.2555.peg.1981'"
  },
  {
    "'g.2555.peg.980'": "'g.2555.peg.1077'"
  },
  {
    "'g.2555.peg.980'": "'g.2555.peg.1745'"
  },
  {
    "'g.2555.peg.980'": "'g.2555.peg.1042'"
  },
  {
    "'g.2555.peg.980'": "'g.2555.peg.1417'"
  },
  {
    "'g.2555.peg.980'": "'g.2555.peg.551'"
  },
  {
    "'g.2555.peg.980'": "'g.2555.peg.908'"
  },
  {
    "'g.2555.peg.980'": "'g.2555.peg.1494'"
  },
  {
    "'g.2555.peg.980'": "'g.2555.peg.98'"
  },
  {
    "'g.2555.peg.980'": "'g.2555.peg.1437'"
  },
  {
    "'g.2555.peg.980'": "'g.2555.peg.1201'"
  },
  {
    "'g.2555.peg.980'": "'g.2555.peg.650'"
  },
  {
    "'g.2555.peg.980'": "'g.2555.peg.1525'"
  },
  {
    "'g.2555.peg.980'": "'g.2555.peg.1471'"
  },
  {
    "'g.2555.peg.980'": "'g.2555.peg.1197'"
  },
  {
    "'g.2555.peg.980'": "'g.2555.peg.1167'"
  },
  {
    "'g.2555.peg.980'": "'g.2555.peg.1949'"
  },
  {
    "'g.2555.peg.980'": "'g.2555.peg.289'"
  },
  {
    "'g.2555.peg.980'": "'g.2555.peg.1708'"
  },
  {
    "'g.2555.peg.980'": "'g.2555.peg.1476'"
  },
  {
    "'g.2555.peg.980'": "'g.2555.peg.1070'"
  },
  {
    "'g.2555.peg.980'": "'g.2555.peg.1381'"
  },
  {
    "'g.2555.peg.980'": "'g.2555.peg.1221'"
  },
  {
    "'g.2555.peg.980'": "'g.2555.peg.1993'"
  },
  {
    "'g.2555.peg.980'": "'g.2555.peg.1667'"
  },
  {
    "'g.2555.peg.980'": "'g.2555.peg.1977'"
  },
  {
    "'g.2555.peg.980'": "'g.2555.peg.548'"
  },
  {
    "'g.2555.peg.980'": "'g.2555.peg.1511'"
  },
  {
    "'g.2555.peg.980'": "'g.2555.peg.507'"
  },
  {
    "'g.2555.peg.980'": "'g.2555.peg.1251'"
  },
  {
    "'g.2555.peg.980'": "'g.2555.peg.1974'"
  },
  {
    "'g.2555.peg.980'": "'g.2555.peg.1579'"
  },
  {
    "'g.2555.peg.980'": "'g.2555.peg.1607'"
  },
  {
    "'g.2555.peg.980'": "'g.2555.peg.1234'"
  },
  {
    "'g.2555.peg.980'": "'g.2555.peg.1497'"
  },
  {
    "'g.2555.peg.980'": "'g.2555.peg.1934'"
  },
  {
    "'g.2555.peg.980'": "'g.2555.peg.1801'"
  },
  {
    "'g.2555.peg.980'": "'g.2555.peg.1562'"
  },
  {
    "'g.2555.peg.980'": "'g.2555.peg.1574'"
  },
  {
    "'g.2555.peg.980'": "'g.2555.peg.48'"
  },
  {
    "'g.2555.peg.980'": "'g.2555.peg.1183'"
  },
  {
    "'g.2555.peg.980'": "'g.2555.peg.571'"
  },
  {
    "'g.2555.peg.980'": "'g.2555.peg.1214'"
  },
  {
    "'g.2555.peg.980'": "'g.2555.peg.741'"
  },
  {
    "'g.2555.peg.980'": "'g.2555.peg.1779'"
  },
  {
    "'g.2555.peg.980'": "'g.2555.peg.1339'"
  },
  {
    "'g.2555.peg.980'": "'g.2555.peg.991'"
  },
  {
    "'g.2555.peg.980'": "'g.2555.peg.1701'"
  },
  {
    "'g.2555.peg.980'": "'g.2555.peg.1321'"
  },
  {
    "'g.2555.peg.980'": "'g.2555.peg.839'"
  },
  {
    "'g.2555.peg.980'": "'g.2555.peg.1144'"
  },
  {
    "'g.2555.peg.980'": "'g.2555.peg.1178'"
  },
  {
    "'g.2555.peg.980'": "'g.2555.peg.168'"
  },
  {
    "'g.2555.peg.980'": "'g.2555.peg.949'"
  },
  {
    "'g.2555.peg.980'": "'g.2555.peg.614'"
  },
  {
    "'g.2555.peg.980'": "'591001.3.peg.1198'"
  },
  {
    "'g.2555.peg.980'": "'591001.3.peg.1200'"
  },
  {
    "'g.2555.peg.980'": "'591001.3.peg.1197'"
  }
]