[
  {
    "'ECO111_0181'": "'ECO111_1370'"
  },
  {
    "'ECO111_0181'": "'ECO111_3071'"
  },
  {
    "'ECO111_0181'": "'ECO111_0004'"
  },
  {
    "'ECO111_0181'": "'ECO111_0161'"
  },
  {
    "'ECO111_0181'": "'ECO111_1371'"
  },
  {
    "'ECO111_0181'": "'s0001'"
  },
  {
    "'ECO111_0181'": "'ECO111_3064'"
  },
  {
    "'ECO111_0181'": "'ECO111_4075'"
  },
  {
    "'ECO111_0181'": "'ECO111_4074'"
  },
  {
    "'ECO111_0181'": "'ECO111_0186'"
  },
  {
    "'ECO111_0181'": "'ECO111_4784'"
  },
  {
    "'ECO111_0181'": "'ECO111_3546'"
  },
  {
    "'ECO111_0181'": "'ECO111_1368'"
  },
  {
    "'ECO111_0181'": "'ECO111_4782'"
  },
  {
    "'ECO111_0181'": "'ECO111_4024'"
  },
  {
    "'ECO111_0181'": "'ECO111_4026'"
  },
  {
    "'ECO111_0181'": "'ECO111_5146'"
  },
  {
    "'ECO111_0181'": "'ECO111_5145'"
  },
  {
    "'ECO111_0181'": "'ECO111_4025'"
  },
  {
    "'ECO111_0181'": "'ECO111_4169'"
  },
  {
    "'ECO111_0181'": "'ECO111_1373'"
  },
  {
    "'ECO111_0181'": "'ECO111_4170'"
  },
  {
    "'ECO111_0181'": "'ECO111_2318'"
  },
  {
    "'ECO111_0181'": "'ECO111_3474'"
  },
  {
    "'ECO111_0181'": "'ECO111_1479'"
  },
  {
    "'ECO111_0181'": "'ECO111_5037'"
  },
  {
    "'ECO111_0181'": "'ECO111_3844'"
  },
  {
    "'ECO111_0181'": "'ECO111_4783'"
  },
  {
    "'ECO111_0181'": "'ECO111_4823'"
  },
  {
    "'ECO111_0181'": "'ECO111_0554'"
  },
  {
    "'ECO111_0181'": "'ECO111_0555'"
  },
  {
    "'ECO111_0181'": "'ECO111_0835'"
  },
  {
    "'ECO111_0181'": "'ECO111_4811'"
  },
  {
    "'ECO111_0181'": "'ECO111_1643'"
  },
  {
    "'ECO111_0181'": "'ECO111_1644'"
  },
  {
    "'ECO111_0181'": "'ECO111_0837'"
  },
  {
    "'ECO111_0181'": "'ECO111_0444'"
  },
  {
    "'ECO111_0181'": "'ECO111_4785'"
  },
  {
    "'ECO111_0181'": "'ECO111_3995'"
  },
  {
    "'ECO111_0181'": "'ECO111_4244'"
  },
  {
    "'ECO111_0181'": "'ECO111_0132'"
  },
  {
    "'ECO111_0181'": "'ECO111_5130'"
  },
  {
    "'ECO111_0181'": "'ECO111_3300'"
  },
  {
    "'ECO111_0181'": "'ECO111_0996'"
  },
  {
    "'ECO111_0181'": "'ECO111_2743'"
  },
  {
    "'ECO111_0181'": "'ECO111_0895'"
  },
  {
    "'ECO111_0181'": "'ECO111_4678'"
  },
  {
    "'ECO111_0181'": "'ECO111_5101'"
  },
  {
    "'ECO111_0181'": "'ECO111_0836'"
  },
  {
    "'ECO111_0181'": "'ECO111_4021'"
  },
  {
    "'ECO111_0181'": "'ECO111_3863'"
  },
  {
    "'ECO111_0181'": "'ECO111_1537'"
  },
  {
    "'ECO111_0181'": "'ECO111_3320'"
  },
  {
    "'ECO111_0181'": "'ECO111_3321'"
  },
  {
    "'ECO111_0181'": "'ECO111_3077'"
  },
  {
    "'ECO111_0181'": "'ECO111_4862'"
  },
  {
    "'ECO111_0181'": "'ECO111_0982'"
  },
  {
    "'ECO111_0181'": "'ECO111_0844'"
  },
  {
    "'ECO111_0181'": "'ECO111_0842'"
  },
  {
    "'ECO111_0181'": "'ECO111_0737'"
  },
  {
    "'ECO111_0181'": "'ECO111_3504'"
  },
  {
    "'ECO111_0181'": "'ECO111_3567'"
  },
  {
    "'ECO111_0181'": "'ECO111_4635'"
  },
  {
    "'ECO111_0181'": "'ECO111_0176'"
  },
  {
    "'ECO111_0181'": "'ECO111_3865'"
  },
  {
    "'ECO111_0181'": "'ECO111_0839'"
  },
  {
    "'ECO111_0181'": "'ECO111_4470'"
  },
  {
    "'ECO111_0181'": "'ECO111_4597'"
  },
  {
    "'ECO111_0181'": "'ECO111_0031'"
  },
  {
    "'ECO111_0181'": "'ECO111_3201'"
  },
  {
    "'ECO111_0181'": "'ECO111_3063'"
  },
  {
    "'ECO111_0181'": "'ECO111_3881'"
  },
  {
    "'ECO111_0181'": "'ECO111_1339'"
  },
  {
    "'ECO111_0181'": "'ECO111_4002'"
  },
  {
    "'ECO111_0181'": "'ECO111_4198'"
  },
  {
    "'ECO111_0181'": "'ECO111_2162'"
  },
  {
    "'ECO111_0181'": "'ECO111_0451'"
  },
  {
    "'ECO111_0181'": "'ECO111_0029'"
  },
  {
    "'ECO111_0181'": "'ECO111_0105'"
  },
  {
    "'ECO111_0181'": "'ECO111_4600'"
  },
  {
    "'ECO111_0181'": "'ECO111_1375'"
  },
  {
    "'ECO111_0181'": "'ECO111_0174'"
  },
  {
    "'ECO111_0181'": "'ECO111_0450'"
  },
  {
    "'ECO111_0181'": "'ECO111_1671'"
  },
  {
    "'ECO111_0181'": "'ECO111_3488'"
  },
  {
    "'ECO111_0181'": "'ECO111_3489'"
  },
  {
    "'ECO111_0181'": "'ECO111_0510'"
  },
  {
    "'ECO111_0181'": "'ECO111_0025'"
  },
  {
    "'ECO111_0181'": "'ECO111_4563'"
  },
  {
    "'ECO111_0181'": "'ECO111_0156'"
  },
  {
    "'ECO111_0181'": "'ECO111_4433'"
  },
  {
    "'ECO111_0181'": "'aldA'"
  },
  {
    "'ECO111_0181'": "'ECO111_4562'"
  },
  {
    "'ECO111_0181'": "'ECO111_3060'"
  },
  {
    "'ECO111_0181'": "'ECO111_4792'"
  },
  {
    "'ECO111_0181'": "'ECO111_1539'"
  },
  {
    "'ECO111_0181'": "'ECO111_3133'"
  },
  {
    "'ECO111_0181'": "'ECO111_3231'"
  },
  {
    "'ECO111_0181'": "'ECO111_2870'"
  },
  {
    "'ECO111_0181'": "'ECO111_1658'"
  },
  {
    "'ECO111_0181'": "'ECO111_4863'"
  },
  {
    "'ECO111_0181'": "'ECO111_2744'"
  },
  {
    "'ECO111_0181'": "'ECO111_2746'"
  },
  {
    "'ECO111_0181'": "'ECO111_4628'"
  },
  {
    "'ECO111_0181'": "'ECO111_2819'"
  },
  {
    "'ECO111_0181'": "'ECO111_0144'"
  },
  {
    "'ECO111_0181'": "'ECO111_0003'"
  },
  {
    "'ECO111_0181'": "'ECO111_4825'"
  },
  {
    "'ECO111_0181'": "'ECO111_2745'"
  },
  {
    "'ECO111_0181'": "'ECO111_3254'"
  },
  {
    "'ECO111_0181'": "'ECO111_4630'"
  },
  {
    "'ECO111_0181'": "'ECO111_1484'"
  },
  {
    "'ECO111_0181'": "'ECO111_2747'"
  },
  {
    "'ECO111_0181'": "'ECO111_2749'"
  },
  {
    "'ECO111_0181'": "'ECO111_1642'"
  },
  {
    "'ECO111_0181'": "'ECO111_4596'"
  },
  {
    "'ECO111_0181'": "'ECO111_0076'"
  },
  {
    "'ECO111_0181'": "'ECO111_0074'"
  },
  {
    "'ECO111_0181'": "'ECO111_0075'"
  },
  {
    "'ECO111_0181'": "'ECO111_0077'"
  },
  {
    "'ECO111_0181'": "'ECO111_0986'"
  },
  {
    "'ECO111_0181'": "'ECO111_4023'"
  },
  {
    "'ECO111_0181'": "'ECO111_1544'"
  },
  {
    "'ECO111_0181'": "'ECO111_0183'"
  },
  {
    "'ECO111_0181'": "'ECO111_0838'"
  },
  {
    "'ECO111_0181'": "'ECO111_1369'"
  },
  {
    "'ECO111_0181'": "'ECO111_3239'"
  },
  {
    "'ECO111_0181'": "'ECO111_3470'"
  },
  {
    "'ECO111_0181'": "'ECO111_3471'"
  },
  {
    "'ECO111_0181'": "'ECO111_3690'"
  },
  {
    "'ECO111_0181'": "'ECO111_0845'"
  },
  {
    "'ECO111_0181'": "'ECO111_4455'"
  },
  {
    "'ECO111_0181'": "'ECO111_0135'"
  },
  {
    "'ECO111_0181'": "'ECO111_0009'"
  },
  {
    "'ECO111_0181'": "'ECO111_1346'"
  },
  {
    "'ECO111_0181'": "'ECO111_0846'"
  },
  {
    "'ECO111_0181'": "'ECO111_0894'"
  },
  {
    "'ECO111_0181'": "'ECO111_4767'"
  },
  {
    "'ECO111_0181'": "'ECO111_3335'"
  },
  {
    "'ECO111_0181'": "'ECO111_2251'"
  },
  {
    "'ECO111_0181'": "'ECO111_0669'"
  },
  {
    "'ECO111_0181'": "'ECO111_0110'"
  },
  {
    "'ECO111_0181'": "'ECO111_5138'"
  },
  {
    "'ECO111_0181'": "'ECO111_4012'"
  },
  {
    "'ECO111_0181'": "'ECO111_0975'"
  },
  {
    "'ECO111_0181'": "'ECO111_1662'"
  },
  {
    "'ECO111_0181'": "'ECO111_4669'"
  },
  {
    "'ECO111_0181'": "'ECO111_3059'"
  },
  {
    "'ECO111_0181'": "'ECO111_4464'"
  },
  {
    "'ECO111_0181'": "'ECO111_0416'"
  },
  {
    "'ECO111_0181'": "'ECO111_0134'"
  },
  {
    "'ECO111_0181'": "'ECO111_0090'"
  },
  {
    "'ECO111_0181'": "'ECO111_3487'"
  },
  {
    "'ECO111_0181'": "'ECO111_3290'"
  },
  {
    "'ECO111_0181'": "'ECO111_0056'"
  },
  {
    "'ECO111_0181'": "'ECO111_3068'"
  },
  {
    "'ECO111_0181'": "'ECO111_4001'"
  },
  {
    "'ECO111_0181'": "'ECO111_4221'"
  },
  {
    "'ECO111_0181'": "'ECO111_4795'"
  },
  {
    "'ECO111_0181'": "'ECO111_0402'"
  },
  {
    "'ECO111_0181'": "'ECO111_4461'"
  },
  {
    "'ECO111_0181'": "'ECO111_4676'"
  },
  {
    "'ECO111_0181'": "'ECO111_4822'"
  },
  {
    "'ECO111_0181'": "'ECO111_3223'"
  },
  {
    "'ECO111_0181'": "'ECO111_2750'"
  },
  {
    "'ECO111_0181'": "'ECO111_3199'"
  },
  {
    "'ECO111_0181'": "'ECO111_3283'"
  },
  {
    "'ECO111_0181'": "'ECO111_2748'"
  },
  {
    "'ECO111_0181'": "'ECO111_0976'"
  },
  {
    "'ECO111_0181'": "'ECO111_5051'"
  },
  {
    "'ECO111_0181'": "'ECO111_3311'"
  },
  {
    "'ECO111_0181'": "'ECO111_4456'"
  },
  {
    "'ECO111_0181'": "'ECO111_0760'"
  },
  {
    "'ECO111_0181'": "'ECO111_2133'"
  },
  {
    "'ECO111_0181'": "'ECO111_0445'"
  },
  {
    "'ECO111_0181'": "'ECO111_3410'"
  },
  {
    "'ECO111_0181'": "'ECO111_3476'"
  },
  {
    "'ECO111_0181'": "'ECO111_3475'"
  },
  {
    "'ECO111_0181'": "'ECO111_3192'"
  },
  {
    "'ECO111_0181'": "'ECO111_4432'"
  },
  {
    "'ECO111_0181'": "'ECO111_4178'"
  },
  {
    "'ECO111_0181'": "'ECO111_4765'"
  },
  {
    "'ECO111_0181'": "'ECO111_0983'"
  },
  {
    "'ECO111_0181'": "'ECO111_0167'"
  },
  {
    "'ECO111_0181'": "'ECO111_0453'"
  },
  {
    "'ECO111_0181'": "'ECO111_4806'"
  },
  {
    "'ECO111_0181'": "'ECO111_4809'"
  },
  {
    "'ECO111_0181'": "'ECO111_4808'"
  },
  {
    "'ECO111_0181'": "'ECO111_3185'"
  },
  {
    "'ECO111_0181'": "'ECO111_3555'"
  },
  {
    "'ECO111_0181'": "'ECO111_0447'"
  },
  {
    "'ECO111_0181'": "'ECO111_4810'"
  },
  {
    "'ECO111_0181'": "'ECO111_1641'"
  },
  {
    "'ECO111_0181'": "'ECO111_1640'"
  },
  {
    "'ECO111_0181'": "'ECO111_4807'"
  },
  {
    "'ECO111_0181'": "'ECO111_0180'"
  },
  {
    "'ECO111_0181'": "'ECO111_0088'"
  },
  {
    "'ECO111_0181'": "'ECO111_0182'"
  },
  {
    "'ECO111_0181'": "'ECO111_4014'"
  },
  {
    "'ECO111_0181'": "'ECO111_0093'"
  },
  {
    "'ECO111_0181'": "'ECO111_0091'"
  },
  {
    "'ECO111_0181'": "'ECO111_0094'"
  },
  {
    "'ECO111_0181'": "'ECO111_4793'"
  },
  {
    "'ECO111_0181'": "'ECO111_0175'"
  },
  {
    "'ECO111_0181'": "'ECO111_0089'"
  },
  {
    "'ECO111_0181'": "'ECO111_0099'"
  },
  {
    "'ECO111_0181'": "'ECO111_4627'"
  },
  {
    "'ECO111_0181'": "'ECO111_4814'"
  },
  {
    "'ECO111_0181'": "'ECO111_0556'"
  }
]