STM3315,STM2838_S
STM3796,STM3901
STM3796,STM3902
STM3901,STM3795
STM3902,STM3795
STM1883,STM0974
STM1883,STM2500
STM1883,STM0542
STM1712,STM0158
STM0737,STM0738
STM0737,STM0739
STM0736,STM0738
STM0736,STM0739
STM0154,STM0738
STM0154,STM0739
STM0380,STM0130
STM1802,STM4247
STM2555,STM0977
STM2555,STM3062
STM2555,STM4578
STM0680,STM3877
STM0002,STM4101
STM3865,STM1290
STM3865,STM3069
STM3866,STM1290
STM3866,STM3069
STM3870,STM1290
STM3870,STM3069
STM3868,STM1290
STM3868,STM3069
STM3864,STM1290
STM3864,STM3069
STM3871,STM1290
STM3871,STM3069
STM3869,STM1290
STM3869,STM3069
STM3867,STM1290
STM3867,STM3069
STM0812,STM1739
STM0203,STM1490
STM2440,STM2430
STM0980,STM0218
STM0137,STM1900
STM3692,STM1620
STM2948,STM2548
STM2948,STM2549
STM2948,STM2550
STM2947,STM2548
STM2947,STM2549
STM2947,STM2550
STM2095,STM3923
STM2500,STM0542
STM1299,STM3331
STM1299,STM3330
STM4184,STM4119
STM0329,STM0110
STM0329,STM0111
STM0330,STM0110
STM0330,STM0111
STM4183,STM4119
STM3359,STM4119
STM3965,STM4188_S
STM2442,STM0781
STM2442,STM0783
STM2442,STM0782
STM0781,STM2443
STM0781,STM2441
STM0783,STM2443
STM0783,STM2441
STM2443,STM0782
STM2441,STM0782
STM2820,STM0698
STM3589,STM3855
STM3589,STM3857
STM3589,STM3856
STM3589,STM3854
STM4119,STM0732
STM4119,STM0733
STM4119,STM0735
STM4119,STM0734
STM0388,STM3487
STM2097,STM3922
STM2084,STM2105_S
STM2104,STM2083
STM4465,STM4469
STM3624A,STM4100
STM2079,STM0589
