STM2927,STM0980,STM3334
STM2927,STM2502,STM4414
STM4483,STM1290,STM4081
STM4483,STM3069,STM4081
STM4482,STM1290,STM4081
STM4482,STM3069,STM4081
STM2432,STM2403,STM4221
STM2431,STM2403,STM4221
STM1883,STM0154,STM2555
STM1883,STM0154,STM0977
STM1883,STM0154,STM3062
STM1883,STM0154,STM4578
STM1883,STM2555,STM3055
STM1883,STM2555,STM3054
STM1883,STM2555,STM3053
STM1883,STM1290,STM4081
STM1883,STM3055,STM0977
STM1883,STM3055,STM3062
STM1883,STM3055,STM4578
STM1883,STM3054,STM0977
STM1883,STM3054,STM3062
STM1883,STM3054,STM4578
STM1883,STM3053,STM0977
STM1883,STM3053,STM3062
STM1883,STM3053,STM4578
STM1883,STM3069,STM4081
STM0158,STM1290,STM4081
STM0158,STM3069,STM4081
STM3747,STM0483,STM4570
STM3078,STM0701,STM3114
STM0154,STM2555,STM2500
STM0154,STM2555,STM0542
STM0154,STM2500,STM0977
STM0154,STM2500,STM3062
STM0154,STM2500,STM4578
STM0154,STM0542,STM0977
STM0154,STM0542,STM3062
STM0154,STM0542,STM4578
STM2555,STM0934,STM3709
STM2555,STM0934,STM3708
STM2555,STM2500,STM3055
STM2555,STM2500,STM3054
STM2555,STM2500,STM3053
STM2555,STM3055,STM0542
STM2555,STM3054,STM0542
STM2555,STM3053,STM0542
STM3865,STM2952,STM1299
STM3865,STM2952,STM0977
STM3865,STM2952,STM3062
STM3865,STM2952,STM4578
STM3866,STM2952,STM1299
STM3866,STM2952,STM0977
STM3866,STM2952,STM3062
STM3866,STM2952,STM4578
STM3870,STM2952,STM1299
STM3870,STM2952,STM0977
STM3870,STM2952,STM3062
STM3870,STM2952,STM4578
STM3868,STM2952,STM1299
STM3868,STM2952,STM0977
STM3868,STM2952,STM3062
STM3868,STM2952,STM4578
STM3864,STM2952,STM1299
STM3864,STM2952,STM0977
STM3864,STM2952,STM3062
STM3864,STM2952,STM4578
STM3871,STM2952,STM1299
STM3871,STM2952,STM0977
STM3871,STM2952,STM3062
STM3871,STM2952,STM4578
STM3869,STM2952,STM1299
STM3869,STM2952,STM0977
STM3869,STM2952,STM3062
STM3869,STM2952,STM4578
STM3867,STM2952,STM1299
STM3867,STM2952,STM0977
STM3867,STM2952,STM3062
STM3867,STM2952,STM4578
STM0067,STM0532,STM4466
STM0066,STM0532,STM4466
STM3161,STM1464,STM1557
STM0441,STM1290,STM4081
STM0441,STM3069,STM4081
STM0440,STM1290,STM4081
STM0440,STM3069,STM4081
STM0443,STM1290,STM4081
STM0443,STM3069,STM4081
STM0442,STM1290,STM4081
STM0442,STM3069,STM4081
STM0760,STM2670,STM1347
STM3915,STM2649,STM3597
STM2649,STM3597,STM0958
STM1750,STM3731,STM0218
STM3692,STM0517,STM4183
STM2952,STM4184,STM1349
STM2952,STM4183,STM1349
STM2952,STM3359,STM1349
STM2952,STM3500,STM1349
STM2952,STM1349,STM0732
STM2952,STM1349,STM0733
STM2952,STM1349,STM0735
STM2952,STM1349,STM0734
STM3068,STM2141,STM4081
STM1290,STM2500,STM4081
STM1290,STM4184,STM1349
STM1290,STM0370,STM4081
STM1290,STM0368,STM4081
STM1290,STM0369,STM4081
STM1290,STM3359,STM1349
STM1290,STM0970,STM4081
STM1290,STM4119,STM4081
STM1290,STM1349,STM0732
STM1290,STM1349,STM0733
STM1290,STM1349,STM0735
STM1290,STM1349,STM0734
STM1290,STM1349,STM4081
STM1290,STM0732,STM4081
STM1290,STM0733,STM4081
STM1290,STM0735,STM4081
STM1290,STM0734,STM4081
STM2500,STM3055,STM0977
STM2500,STM3055,STM3062
STM2500,STM3055,STM4578
STM2500,STM3054,STM0977
STM2500,STM3054,STM3062
STM2500,STM3054,STM4578
STM2500,STM3053,STM0977
STM2500,STM3053,STM3062
STM2500,STM3053,STM4578
STM2500,STM3069,STM4081
STM4087,STM0701,STM3114
STM3055,STM0542,STM0977
STM3055,STM0542,STM3062
STM3055,STM0542,STM4578
STM3054,STM0542,STM0977
STM3054,STM0542,STM3062
STM3054,STM0542,STM4578
STM3053,STM0542,STM0977
STM3053,STM0542,STM3062
STM3053,STM0542,STM4578
STM4184,STM3069,STM1349
STM0704,STM3409,STM3880
STM0704,STM3880,STM3986
STM0704,STM3880,STM1695
STM0706,STM3409,STM3880
STM0706,STM3880,STM3986
STM0706,STM3880,STM1695
STM0705,STM3409,STM3880
STM0705,STM3880,STM3986
STM0705,STM3880,STM1695
STM0370,STM3069,STM4081
STM0368,STM3069,STM4081
STM0369,STM3069,STM4081
STM0190,STM3493,STM2531
STM3359,STM3069,STM1349
STM0781,STM2444,STM4063
STM0783,STM2444,STM4063
STM2444,STM4063,STM0782
STM0970,STM3069,STM4081
STM1326,STM4062,STM4081
STM3069,STM4119,STM4081
STM3069,STM1349,STM0732
STM3069,STM1349,STM0733
STM3069,STM1349,STM0735
STM3069,STM1349,STM0734
STM3069,STM1349,STM4081
STM3069,STM0732,STM4081
STM3069,STM0733,STM4081
STM3069,STM0735,STM4081
STM3069,STM0734,STM4081
STM2808,STM2277,STM4452
STM2808,STM2278,STM4452
STM2277,STM2807,STM4452
STM2807,STM2278,STM4452
STM3859,STM3401,STM1359
