[
  {
    "'g.1744.peg.3706'": "'g.1744.peg.3271'"
  },
  {
    "'g.1744.peg.3706'": "'480119.5.peg.839'"
  },
  {
    "'g.1744.peg.3706'": "'Unknown'"
  },
  {
    "'g.1744.peg.3706'": "'g.1744.peg.444'"
  },
  {
    "'g.1744.peg.3706'": "'g.1744.peg.2183'"
  },
  {
    "'g.1744.peg.3706'": "'g.1744.peg.3730'"
  },
  {
    "'g.1744.peg.3706'": "'g.1744.peg.910'"
  },
  {
    "'g.1744.peg.3706'": "'480119.5.peg.1832'"
  },
  {
    "'g.1744.peg.3706'": "'g.1744.peg.648'"
  },
  {
    "'g.1744.peg.3706'": "'g.1744.peg.31'"
  },
  {
    "'g.1744.peg.3706'": "'480119.5.peg.1836'"
  },
  {
    "'g.1744.peg.3706'": "'480119.5.peg.310'"
  },
  {
    "'g.1744.peg.3706'": "'g.1744.peg.682'"
  },
  {
    "'g.1744.peg.3706'": "'g.1744.peg.2285'"
  },
  {
    "'g.1744.peg.3706'": "'g.1744.peg.2355'"
  },
  {
    "'g.1744.peg.3706'": "'g.1744.peg.3137'"
  },
  {
    "'g.1744.peg.3706'": "'g.1744.peg.2459'"
  },
  {
    "'g.1744.peg.3706'": "'g.1744.peg.1631'"
  },
  {
    "'g.1744.peg.3706'": "'g.1744.peg.2910'"
  },
  {
    "'g.1744.peg.3706'": "'480119.5.peg.531'"
  },
  {
    "'g.1744.peg.3706'": "'480119.5.peg.3238'"
  },
  {
    "'g.1744.peg.3706'": "'g.1744.peg.2900'"
  },
  {
    "'g.1744.peg.3706'": "'g.1744.peg.2534'"
  },
  {
    "'g.1744.peg.3706'": "'480119.5.peg.404'"
  },
  {
    "'g.1744.peg.3706'": "'g.1744.peg.2472'"
  },
  {
    "'g.1744.peg.3706'": "'g.1744.peg.2265'"
  },
  {
    "'g.1744.peg.3706'": "'g.1744.peg.1260'"
  },
  {
    "'g.1744.peg.3706'": "'480119.5.peg.3420'"
  },
  {
    "'g.1744.peg.3706'": "'g.1744.peg.3537'"
  },
  {
    "'g.1744.peg.3706'": "'g.1744.peg.2018'"
  },
  {
    "'g.1744.peg.3706'": "'480119.5.peg.68'"
  },
  {
    "'g.1744.peg.3706'": "'g.1744.peg.1296'"
  },
  {
    "'g.1744.peg.3706'": "'480119.5.peg.3698'"
  },
  {
    "'g.1744.peg.3706'": "'g.1744.peg.785'"
  },
  {
    "'g.1744.peg.3706'": "'g.1744.peg.2380'"
  },
  {
    "'g.1744.peg.3706'": "'g.1744.peg.916'"
  },
  {
    "'g.1744.peg.3706'": "'g.1744.peg.3700'"
  },
  {
    "'g.1744.peg.3706'": "'g.1744.peg.2353'"
  },
  {
    "'g.1744.peg.3706'": "'480119.5.peg.2696'"
  },
  {
    "'g.1744.peg.3706'": "'g.1744.peg.639'"
  },
  {
    "'g.1744.peg.3706'": "'g.1744.peg.1711'"
  },
  {
    "'g.1744.peg.3706'": "'g.1744.peg.879'"
  },
  {
    "'g.1744.peg.3706'": "'g.1744.peg.3176'"
  },
  {
    "'g.1744.peg.3706'": "'g.1744.peg.1936'"
  },
  {
    "'g.1744.peg.3706'": "'g.1744.peg.1094'"
  },
  {
    "'g.1744.peg.3706'": "'g.1744.peg.1034'"
  },
  {
    "'g.1744.peg.3706'": "'g.1744.peg.2999'"
  },
  {
    "'g.1744.peg.3706'": "'g.1744.peg.1967'"
  },
  {
    "'g.1744.peg.3706'": "'g.1744.peg.8'"
  },
  {
    "'g.1744.peg.3706'": "'480119.5.peg.674'"
  },
  {
    "'g.1744.peg.3706'": "'480119.5.peg.3623'"
  },
  {
    "'g.1744.peg.3706'": "'g.1744.peg.2617'"
  },
  {
    "'g.1744.peg.3706'": "'g.1744.peg.3025'"
  },
  {
    "'g.1744.peg.3706'": "'480119.5.peg.824'"
  },
  {
    "'g.1744.peg.3706'": "'480119.5.peg.3286'"
  },
  {
    "'g.1744.peg.3706'": "'g.1744.peg.2468'"
  },
  {
    "'g.1744.peg.3706'": "'480119.5.peg.872'"
  },
  {
    "'g.1744.peg.3706'": "'480119.5.peg.3693'"
  },
  {
    "'g.1744.peg.3706'": "'480119.5.peg.312'"
  },
  {
    "'g.1744.peg.3706'": "'g.1744.peg.169'"
  },
  {
    "'g.1744.peg.3706'": "'g.1744.peg.208'"
  },
  {
    "'g.1744.peg.3706'": "'g.1744.peg.1368'"
  },
  {
    "'g.1744.peg.3706'": "'g.1744.peg.2515'"
  },
  {
    "'g.1744.peg.3706'": "'g.1744.peg.1941'"
  },
  {
    "'g.1744.peg.3706'": "'g.1744.peg.3370'"
  },
  {
    "'g.1744.peg.3706'": "'g.1744.peg.2389'"
  },
  {
    "'g.1744.peg.3706'": "'g.1744.peg.2338'"
  },
  {
    "'g.1744.peg.3706'": "'g.1744.peg.2885'"
  },
  {
    "'g.1744.peg.3706'": "'g.1744.peg.1374'"
  },
  {
    "'g.1744.peg.3706'": "'g.1744.peg.2657'"
  },
  {
    "'g.1744.peg.3706'": "'g.1744.peg.1930'"
  },
  {
    "'g.1744.peg.3706'": "'g.1744.peg.1129'"
  },
  {
    "'g.1744.peg.3706'": "'g.1744.peg.1152'"
  },
  {
    "'g.1744.peg.3706'": "'g.1744.peg.1236'"
  },
  {
    "'g.1744.peg.3706'": "'g.1744.peg.1891'"
  },
  {
    "'g.1744.peg.3706'": "'g.1744.peg.2113'"
  },
  {
    "'g.1744.peg.3706'": "'g.1744.peg.2408'"
  },
  {
    "'g.1744.peg.3706'": "'g.1744.peg.3001'"
  },
  {
    "'g.1744.peg.3706'": "'g.1744.peg.3085'"
  },
  {
    "'g.1744.peg.3706'": "'g.1744.peg.3268'"
  },
  {
    "'g.1744.peg.3706'": "'g.1744.peg.3280'"
  },
  {
    "'g.1744.peg.3706'": "'g.1744.peg.3397'"
  },
  {
    "'g.1744.peg.3706'": "'g.1744.peg.3551'"
  },
  {
    "'g.1744.peg.3706'": "'g.1744.peg.845'"
  },
  {
    "'g.1744.peg.3706'": "'g.1744.peg.945'"
  },
  {
    "'g.1744.peg.3706'": "'g.1744.peg.1056'"
  },
  {
    "'g.1744.peg.3706'": "'g.1744.peg.120'"
  },
  {
    "'g.1744.peg.3706'": "'g.1744.peg.133'"
  },
  {
    "'g.1744.peg.3706'": "'g.1744.peg.1588'"
  },
  {
    "'g.1744.peg.3706'": "'g.1744.peg.1603'"
  },
  {
    "'g.1744.peg.3706'": "'g.1744.peg.1742'"
  },
  {
    "'g.1744.peg.3706'": "'g.1744.peg.1879'"
  },
  {
    "'g.1744.peg.3706'": "'g.1744.peg.2005'"
  },
  {
    "'g.1744.peg.3706'": "'g.1744.peg.2037'"
  },
  {
    "'g.1744.peg.3706'": "'g.1744.peg.2063'"
  },
  {
    "'g.1744.peg.3706'": "'g.1744.peg.2081'"
  },
  {
    "'g.1744.peg.3706'": "'g.1744.peg.2129'"
  },
  {
    "'g.1744.peg.3706'": "'g.1744.peg.2134'"
  },
  {
    "'g.1744.peg.3706'": "'g.1744.peg.2148'"
  },
  {
    "'g.1744.peg.3706'": "'g.1744.peg.2194'"
  },
  {
    "'g.1744.peg.3706'": "'g.1744.peg.2222'"
  },
  {
    "'g.1744.peg.3706'": "'g.1744.peg.2228'"
  },
  {
    "'g.1744.peg.3706'": "'g.1744.peg.2258'"
  },
  {
    "'g.1744.peg.3706'": "'g.1744.peg.2266'"
  },
  {
    "'g.1744.peg.3706'": "'g.1744.peg.2294'"
  },
  {
    "'g.1744.peg.3706'": "'g.1744.peg.2295'"
  },
  {
    "'g.1744.peg.3706'": "'g.1744.peg.2311'"
  },
  {
    "'g.1744.peg.3706'": "'g.1744.peg.2314'"
  },
  {
    "'g.1744.peg.3706'": "'g.1744.peg.2346'"
  },
  {
    "'g.1744.peg.3706'": "'g.1744.peg.2365'"
  },
  {
    "'g.1744.peg.3706'": "'g.1744.peg.2418'"
  },
  {
    "'g.1744.peg.3706'": "'g.1744.peg.2426'"
  },
  {
    "'g.1744.peg.3706'": "'g.1744.peg.2460'"
  },
  {
    "'g.1744.peg.3706'": "'g.1744.peg.2470'"
  },
  {
    "'g.1744.peg.3706'": "'g.1744.peg.2495'"
  },
  {
    "'g.1744.peg.3706'": "'g.1744.peg.2517'"
  },
  {
    "'g.1744.peg.3706'": "'g.1744.peg.2550'"
  },
  {
    "'g.1744.peg.3706'": "'g.1744.peg.2569'"
  },
  {
    "'g.1744.peg.3706'": "'g.1744.peg.2582'"
  },
  {
    "'g.1744.peg.3706'": "'g.1744.peg.2594'"
  },
  {
    "'g.1744.peg.3706'": "'g.1744.peg.2666'"
  },
  {
    "'g.1744.peg.3706'": "'g.1744.peg.2667'"
  },
  {
    "'g.1744.peg.3706'": "'g.1744.peg.2695'"
  },
  {
    "'g.1744.peg.3706'": "'g.1744.peg.2704'"
  },
  {
    "'g.1744.peg.3706'": "'g.1744.peg.2711'"
  },
  {
    "'g.1744.peg.3706'": "'g.1744.peg.2722'"
  },
  {
    "'g.1744.peg.3706'": "'g.1744.peg.2792'"
  },
  {
    "'g.1744.peg.3706'": "'g.1744.peg.2810'"
  },
  {
    "'g.1744.peg.3706'": "'g.1744.peg.2831'"
  },
  {
    "'g.1744.peg.3706'": "'g.1744.peg.2847'"
  },
  {
    "'g.1744.peg.3706'": "'g.1744.peg.2848'"
  },
  {
    "'g.1744.peg.3706'": "'g.1744.peg.285'"
  },
  {
    "'g.1744.peg.3706'": "'g.1744.peg.2853'"
  },
  {
    "'g.1744.peg.3706'": "'g.1744.peg.2906'"
  },
  {
    "'g.1744.peg.3706'": "'g.1744.peg.2934'"
  },
  {
    "'g.1744.peg.3706'": "'g.1744.peg.2940'"
  },
  {
    "'g.1744.peg.3706'": "'g.1744.peg.2958'"
  },
  {
    "'g.1744.peg.3706'": "'g.1744.peg.2976'"
  },
  {
    "'g.1744.peg.3706'": "'g.1744.peg.3049'"
  },
  {
    "'g.1744.peg.3706'": "'g.1744.peg.3052'"
  },
  {
    "'g.1744.peg.3706'": "'g.1744.peg.3079'"
  },
  {
    "'g.1744.peg.3706'": "'g.1744.peg.3088'"
  },
  {
    "'g.1744.peg.3706'": "'g.1744.peg.3089'"
  },
  {
    "'g.1744.peg.3706'": "'g.1744.peg.3264'"
  },
  {
    "'g.1744.peg.3706'": "'g.1744.peg.3282'"
  },
  {
    "'g.1744.peg.3706'": "'g.1744.peg.3388'"
  },
  {
    "'g.1744.peg.3706'": "'g.1744.peg.3401'"
  },
  {
    "'g.1744.peg.3706'": "'g.1744.peg.3427'"
  },
  {
    "'g.1744.peg.3706'": "'g.1744.peg.3464'"
  },
  {
    "'g.1744.peg.3706'": "'g.1744.peg.3493'"
  },
  {
    "'g.1744.peg.3706'": "'g.1744.peg.3532'"
  },
  {
    "'g.1744.peg.3706'": "'g.1744.peg.3567'"
  },
  {
    "'g.1744.peg.3706'": "'g.1744.peg.3604'"
  },
  {
    "'g.1744.peg.3706'": "'g.1744.peg.3665'"
  },
  {
    "'g.1744.peg.3706'": "'g.1744.peg.529'"
  },
  {
    "'g.1744.peg.3706'": "'g.1744.peg.882'"
  },
  {
    "'g.1744.peg.3706'": "'g.1744.peg.975'"
  },
  {
    "'g.1744.peg.3706'": "'g.1744.peg.378'"
  },
  {
    "'g.1744.peg.3706'": "'g.1744.peg.1764'"
  },
  {
    "'g.1744.peg.3706'": "'g.1744.peg.2184'"
  },
  {
    "'g.1744.peg.3706'": "'g.1744.peg.2453'"
  },
  {
    "'g.1744.peg.3706'": "'g.1744.peg.2455'"
  },
  {
    "'g.1744.peg.3706'": "'g.1744.peg.2511'"
  },
  {
    "'g.1744.peg.3706'": "'g.1744.peg.2603'"
  },
  {
    "'g.1744.peg.3706'": "'g.1744.peg.2709'"
  },
  {
    "'g.1744.peg.3706'": "'g.1744.peg.2786'"
  },
  {
    "'g.1744.peg.3706'": "'g.1744.peg.2818'"
  },
  {
    "'g.1744.peg.3706'": "'g.1744.peg.2962'"
  },
  {
    "'g.1744.peg.3706'": "'g.1744.peg.3691'"
  }
]