SA_RS08095,SA_RS07690
SA_RS08090,SA_RS07685
SA_RS11560,SA_RS10675
SA_RS08630,SA_RS08765
SA_RS08630,SA_RS13745
SA_RS08765,SA_RS03155
SA_RS13745,SA_RS03155
SA_RS13880,SA_RS07445
SA_RS06990,SA_RS10785
SA_RS06825,SA_RS03805
SA_RS13920,SA_RS04670
SA_RS13920,SA_RS04675
SA_RS06605,SA_RS06960
SA_RS10880,SA_RS06560
SA_RS02385,SA_RS02710
SA_RS06995,SA_RS00750
SA_RS08000,SA_RS06240
SA_RS04160,SA_RS01095
SA_RS04160,SA_RS07120
SA_RS04160,SA_RS08565
SA_RS04160,SA_RS04680
SA_RS04160,SA_RS04145
SA_RS04160,SA_RS09060
SA_RS13210,SA_RS01095
SA_RS13210,SA_RS07120
SA_RS13210,SA_RS04680
SA_RS13395,SA_RS13570
SA_RS08395,SA_RS09645
SA_RS07730,SA_RS01275
SA_RS07725,SA_RS01275
SA_RS04330,SA_RS01275
SA_RS07735,SA_RS01275
SA_RS05365,SA_RS07645
SA_RS11015,SA_RS06550
SA_RS01095,SA_RS04680
SA_RS01095,SA_RS04145
SA_RS01095,SA_RS09060
SA_RS01095,SA_RS04150
SA_RS07120,SA_RS04680
SA_RS07120,SA_RS04145
SA_RS07120,SA_RS09060
SA_RS07120,SA_RS04150
SA_RS06440,SA_RS06445
SA_RS14135,SA_RS03865
SA_RS10690,SA_RS04750
SA_RS08760,SA_RS01275
SA_RS08760,SA_RS06550
SA_RS13915,SA_RS05760
SA_RS08565,SA_RS04145
SA_RS08565,SA_RS09060
SA_RS08565,SA_RS04150
SA_RS04680,SA_RS04145
SA_RS04680,SA_RS09060
SA_RS04680,SA_RS04150
SA_RS04145,SA_RS09060
SA_RS06935,SA_RS00660
SA_RS06920,SA_RS00660
SA_RS06925,SA_RS00660
SA_RS06930,SA_RS00660
SA_RS09060,SA_RS04150
SA_RS03910,SA_RS13800
SA_RS03915,SA_RS13800
SA_RS10420,SA_RS08865
SA_RS03040,SA_RS03045
SA_RS01435,SA0595
SA_RS07205,SA_RS10710
SA_RS01790,SA_RS07145
SA_RS04090,SA_RS12410
SA_RS11070,SA_RS10945
