'2DMMQ8abc','CHORS'
'2DMMQ8abc','DDPA'
'2DMMQ8abc','DHNAOT'
'2DMMQ8abc','DHQS'
'2DMMQ8abc','DHQTi'
'2DMMQ8abc','HETT'
'2DMMQ8abc','ICHORS'
'2DMMQ8abc','NPHS'
'2DMMQ8abc','PSCVT'
'2DMMQ8abc','SEPHCHS'
'2DMMQ8abc','SHCHCS3'
'2DMMQ8abc','SHK3Dr'
'2DMMQ8abc','SHKK'
'2DMMQ8abc','SUCBZL'
'2DMMQ8abc','SUCBZS'
'2MEBCOADH','OIVD1r'
'2MEBCOADH','OIVD3'
'3MEBCOADH','OIVD1r'
'3MEBCOADH','OIVD3'
'ACACT1r','CDPMEK'
'ACACT1r','DMPPS'
'ACACT1r','DXPRIi'
'ACACT1r','DXPS'
'ACACT1r','IPDDI'
'ACACT1r','MECDPDH2'
'ACACT1r','MECDPS'
'ACACT1r','MEPCT'
'ACCOACL','MALCOAPYRCT'
'ACGK','EX_orn(e)'
'ACGK','ORNt2r'
'ACKr','ACt2r'
'ACKr','EX_ac(e)'
'ACLS_a','EX_val_L(e)'
'ACLS_a','VALTA'
'ACLS_a','VALt2r'
'ACLS_b','EX_val_L(e)'
'ACLS_b','VALTA'
'ACLS_b','VALt2r'
'ACOAAGPAT180','AGPAT180'
'ACOTA','EX_orn(e)'
'ACOTA','ORNt2r'
'ACt2r','PTAr'
'ADAD','RNDR3'
'ADK10','NDPK4'
'ADK3','NDPK1'
'ADK8','NDPK7'
'ADK9','NDPK5'
'ADOCBIK','ADOCBIK2'
'AGPR','EX_orn(e)'
'AGPR','ORNt2r'
'ANPRT','EX_trp_L(e)'
'ANPRT','TRPt2r'
'BTNCLi','MALCOAPYRCT'
'CDPMEK','DPMVDc'
'CDPMEK','HMGCOARxi'
'CDPMEK','HMGCOAS'
'CDPMEK','IPDDI'
'CDPMEK','MEVK1c'
'CDPMEK','PMEVKc'
'CHORS','EX_2dmmq8(e)'
'CHORS','EX_trp_L(e)'
'CHORS','TRPt2r'
'CPPPGO','EX_pheme(e)'
'CPPPGO','HEMEti'
'CTPS1','CTPS2'
'CYTK1','NTD4'
'CYTK2','RNDR3'
'DAPDC','EX_lys_L(e)'
'DAPDC','LYSt2r'
'DCYTt2r','RNDR3'
'DDPA','EX_2dmmq8(e)'
'DDPA','EX_trp_L(e)'
'DDPA','TRPt2r'
'DGK1','RNDR2'
'DHAD1','EX_val_L(e)'
'DHAD1','VALTA'
'DHAD1','VALt2r'
'DHNAOT','EX_2dmmq8(e)'
'DHPPDA','DHPPDA2'
'DHPPDA','GTPCII2'
'DHPPDA2','GTPCII'
'DHQS','EX_2dmmq8(e)'
'DHQS','EX_trp_L(e)'
'DHQS','TRPt2r'
'DHQTi','EX_2dmmq8(e)'
'DHQTi','EX_trp_L(e)'
'DHQTi','TRPt2r'
'DMPPS','DPMVDc'
'DMPPS','HMGCOARxi'
'DMPPS','HMGCOAS'
'DMPPS','IPDDI'
'DMPPS','MEVK1c'
'DMPPS','PMEVKc'
'DPMVDc','DXPRIi'
'DPMVDc','DXPS'
'DPMVDc','IPDDI'
'DPMVDc','MECDPDH2'
'DPMVDc','MECDPS'
'DPMVDc','MEPCT'
'DXPRIi','HMGCOARxi'
'DXPRIi','HMGCOAS'
'DXPRIi','IPDDI'
'DXPRIi','MEVK1c'
'DXPRIi','PMEVKc'
'DXPS','HMGCOARxi'
'DXPS','HMGCOAS'
'DXPS','IPDDI'
'DXPS','MEVK1c'
'DXPS','PMEVKc'
'EX_2dmmq8(e)','HETT'
'EX_2dmmq8(e)','ICHORS'
'EX_2dmmq8(e)','NPHS'
'EX_2dmmq8(e)','PSCVT'
'EX_2dmmq8(e)','SEPHCHS'
'EX_2dmmq8(e)','SHCHCS3'
'EX_2dmmq8(e)','SHK3Dr'
'EX_2dmmq8(e)','SHKK'
'EX_2dmmq8(e)','SUCBZL'
'EX_2dmmq8(e)','SUCBZS'
'EX_ac(e)','PTAr'
'EX_dcyt(e)','RNDR3'
'EX_gam(e)','GF6PTA'
'EX_glyc(e)','GLYK'
'EX_ile_L(e)','ILETA'
'EX_nac(e)','NAPRT'
'EX_o2(e)','EX_pheme(e)'
'EX_o2(e)','HEMEti'
'EX_pheme(e)','FCLTc'
'EX_pheme(e)','G1SAT'
'EX_pheme(e)','GLUTRR'
'EX_pheme(e)','GLUTRS'
'EX_pheme(e)','HMBS'
'EX_pheme(e)','O2t'
'EX_pheme(e)','PPBNGS'
'EX_pheme(e)','PPPH'
'EX_pheme(e)','UPP3S'
'EX_pheme(e)','UPPDC1'
'EX_ppi(e)','PPA'
'EX_pydx(e)','PLPS'
'EX_thymd(e)','TMDS'
'EX_trp_L(e)','IGPS'
'EX_trp_L(e)','PRAI'
'EX_trp_L(e)','PSCVT'
'EX_trp_L(e)','SHK3Dr'
'EX_trp_L(e)','SHKK'
'EX_val_L(e)','VALTA'
'FCLTc','HEMEti'
'FTHFL','MTHFC'
'G1SAT','HEMEti'
'GAMpts','GF6PTA'
'GK1','GK2'
'GLUTRR','HEMEti'
'GLUTRS','HEMEti'
'GLYCt','GLYK'
'GMPS2','GUAPRT'
'GTPCII','GTPCII2'
'HEMEti','HMBS'
'HEMEti','O2t'
'HEMEti','PPBNGS'
'HEMEti','PPPH'
'HEMEti','UPP3S'
'HEMEti','UPPDC1'
'HMGCOARxi','IPDDI'
'HMGCOARxi','MECDPDH2'
'HMGCOARxi','MECDPS'
'HMGCOARxi','MEPCT'
'HMGCOAS','IPDDI'
'HMGCOAS','MECDPDH2'
'HMGCOAS','MECDPS'
'HMGCOAS','MEPCT'
'HYPSUCORNS','OCBT'
'IGPS','TRPt2r'
'ILETA','ILEt2r'
'IPDDI','MECDPDH2'
'IPDDI','MECDPS'
'IPDDI','MEPCT'
'IPDDI','MEVK1c'
'IPDDI','PMEVKc'
'MECDPDH2','MEVK1c'
'MECDPDH2','PMEVKc'
'MECDPS','MEVK1c'
'MECDPS','PMEVKc'
'MEPCT','MEVK1c'
'MEPCT','PMEVKc'
'METFR','r0792'
'MG2abc','MGt5'
'NACt2r','NAPRT'
'NADK','NADK2'
'NADS1','NADS2'
'NAPRT','NNDPR'
'NAPRT','QULNS'
'NDPK2','UTPATPT'
'OCBT','SUCCITRDSs'
'OCBT','SUCORNTC'
'OIVD1r','OIVD3'
'PIabc','PIt6b'
'PLPS','PYDXK'
'PLPS','PYDXabc'
'PPA','PPIt2e'
'PPNCL3','r0671'
'PRAI','TRPt2r'
'PSCVT','TRPt2r'
'RNDR2','r0456'
'RPE','TKT1'
'RPE','TKT2'
'RPI','TKT1'
'SHK3Dr','TRPt2r'
'SHKK','TRPt2r'
'SO4t2','SULabc'
'TALA','TKT1'
'THMDt2r','TMDS'
'TKT1','TKT2'
'VALTA','VALt2r'
'ZN2t4','ZNabc'
