[
  {
    "'SA_RS07640'": "'SA_RS07635'"
  },
  {
    "'SA_RS07640'": "'SA_RS08570'"
  },
  {
    "'SA_RS07640'": "'SA_RS08575'"
  },
  {
    "'SA_RS07640'": "'SA_RS01055'"
  },
  {
    "'SA_RS07640'": "'SA_RS01060'"
  },
  {
    "'SA_RS07640'": "'SA_RS10680'"
  },
  {
    "'SA_RS07640'": "'SA_RS04780'"
  },
  {
    "'SA_RS07640'": "'SA_RS01070'"
  },
  {
    "'SA_RS07640'": "'SA_RS03815'"
  },
  {
    "'SA_RS07640'": "'SA_RS03810'"
  },
  {
    "'SA_RS07640'": "'SA_RS11660'"
  },
  {
    "'SA_RS07640'": "'SA_RS08235'"
  },
  {
    "'SA_RS07640'": "'SA_RS14065'"
  },
  {
    "'SA_RS07640'": "'SA_RS09895'"
  },
  {
    "'SA_RS07640'": "'SA_RS00225'"
  },
  {
    "'SA_RS07640'": "'SA_RS01065'"
  },
  {
    "'SA_RS07640'": "'SA_RS08050'"
  },
  {
    "'SA_RS07640'": "'SA_RS05240'"
  },
  {
    "'SA_RS07640'": "'SA_RS05200'"
  },
  {
    "'SA_RS07640'": "'SA_RS05195'"
  },
  {
    "'SA_RS07640'": "'SA_RS07065'"
  },
  {
    "'SA_RS07640'": "'SA_RS07060'"
  },
  {
    "'SA_RS07640'": "'SA_RS08860'"
  },
  {
    "'SA_RS07640'": "'SA_RS06830'"
  },
  {
    "'SA_RS07640'": "'SA_RS06820'"
  },
  {
    "'SA_RS07640'": "'SA_RS08940'"
  },
  {
    "'SA_RS07640'": "'SA_RS08950'"
  },
  {
    "'SA_RS07640'": "'SA_RS02530'"
  },
  {
    "'SA_RS07640'": "'SA_RS06965'"
  },
  {
    "'SA_RS07640'": "'SA_RS05225'"
  },
  {
    "'SA_RS07640'": "'SA_RS10050'"
  },
  {
    "'SA_RS07640'": "'SA_RS14145'"
  },
  {
    "'SA_RS07640'": "'SA_RS13765'"
  },
  {
    "'SA_RS07640'": "'SA_RS08790'"
  },
  {
    "'SA_RS07640'": "'SA_RS07350'"
  },
  {
    "'SA_RS07640'": "'SA_RS07970'"
  },
  {
    "'SA_RS07640'": "'SA_RS01980'"
  },
  {
    "'SA_RS07640'": "'SA_RS05315'"
  },
  {
    "'SA_RS07640'": "'SA_RS05160'"
  },
  {
    "'SA_RS07640'": "'SA_RS05310'"
  },
  {
    "'SA_RS07640'": "'SA_RS05165'"
  },
  {
    "'SA_RS07640'": "'SA_RS05175'"
  },
  {
    "'SA_RS07640'": "'SA_RS05170'"
  },
  {
    "'SA_RS07640'": "'SA_RS07895'"
  },
  {
    "'SA_RS07640'": "'SA_RS08115'"
  },
  {
    "'SA_RS07640'": "'SA_RS07420'"
  },
  {
    "'SA_RS07640'": "'SA_RS06255'"
  },
  {
    "'SA_RS07640'": "'SA_RS08945'"
  },
  {
    "'SA_RS07640'": "'SA_RS05975'"
  },
  {
    "'SA_RS07640'": "'SA_RS10670'"
  },
  {
    "'SA_RS07640'": "'SA_RS06975'"
  },
  {
    "'SA_RS07640'": "'SA_RS06970'"
  },
  {
    "'SA_RS07640'": "'SA_RS07140'"
  },
  {
    "'SA_RS07640'": "'SA_RS08370'"
  },
  {
    "'SA_RS07640'": "'SA_RS02720'"
  },
  {
    "'SA_RS07640'": "'SA_RS08955'"
  },
  {
    "'SA_RS07640'": "'SA_RS02715'"
  },
  {
    "'SA_RS07640'": "'SA_RS04310'"
  },
  {
    "'SA_RS07640'": "'SA_RS07345'"
  },
  {
    "'SA_RS07640'": "'SA_RS07660'"
  },
  {
    "'SA_RS07640'": "'SA_RS03170'"
  },
  {
    "'SA_RS07640'": "'SA_RS09330'"
  },
  {
    "'SA_RS07640'": "'SA_RS06310'"
  },
  {
    "'SA_RS07640'": "'SA_RS05190'"
  },
  {
    "'SA_RS07640'": "'SA_RS09430'"
  },
  {
    "'SA_RS07640'": "'SA_RS02635'"
  },
  {
    "'SA_RS07640'": "'SA_RS03430'"
  },
  {
    "'SA_RS07640'": "'SA_RS07390'"
  },
  {
    "'SA_RS07640'": "'SA_RS13120'"
  },
  {
    "'SA_RS07640'": "'SA_RS05235'"
  },
  {
    "'SA_RS07640'": "'SA_RS11245'"
  },
  {
    "'SA_RS07640'": "'SA_RS06490'"
  },
  {
    "'SA_RS07640'": "'SA_RS05650'"
  },
  {
    "'SA_RS07640'": "'SA_RS08420'"
  },
  {
    "'SA_RS07640'": "'SA_RS02860'"
  },
  {
    "'SA_RS07640'": "'SA_RS02150'"
  },
  {
    "'SA_RS07640'": "'SA_RS03895'"
  },
  {
    "'SA_RS07640'": "'SA_RS13115'"
  },
  {
    "'SA_RS07640'": "'SA_RS01975'"
  },
  {
    "'SA_RS07640'": "'SA_RS05465'"
  },
  {
    "'SA_RS07640'": "'SA_RS14140'"
  },
  {
    "'SA_RS07640'": "'SA_RS08410'"
  },
  {
    "'SA_RS07640'": "'SA_RS13370'"
  },
  {
    "'SA_RS07640'": "'SA_RS13375'"
  },
  {
    "'SA_RS07640'": "'SA_RS02725'"
  },
  {
    "'SA_RS07640'": "'SA_RS06610'"
  },
  {
    "'SA_RS07640'": "'SA_RS06620'"
  },
  {
    "'SA_RS07640'": "'SA_RS14125'"
  },
  {
    "'SA_RS07640'": "'SA_RS14115'"
  },
  {
    "'SA_RS07640'": "'SA_RS14130'"
  },
  {
    "'SA_RS07640'": "'SA_RS06835'"
  },
  {
    "'SA_RS07640'": "'SA_RS02990'"
  },
  {
    "'SA_RS07640'": "'SA_RS02145'"
  },
  {
    "'SA_RS07640'": "'SA_RS12270'"
  },
  {
    "'SA_RS07640'": "'SA_RS10695'"
  },
  {
    "'SA_RS07640'": "'SA_RS10700'"
  },
  {
    "'SA_RS07640'": "'SA_RS10705'"
  },
  {
    "'SA_RS07640'": "'SA_RS10685'"
  },
  {
    "'SA_RS07640'": "'SA_RS04785'"
  },
  {
    "'SA_RS07640'": "'SA_RS09055'"
  },
  {
    "'SA_RS07640'": "'SA_RS01970'"
  },
  {
    "'SA_RS07640'": "'SA_RS03165'"
  },
  {
    "'SA_RS07640'": "'SA_RS04895'"
  },
  {
    "'SA_RS07640'": "'SA_RS09920'"
  },
  {
    "'SA_RS07640'": "'SA_RS09925'"
  },
  {
    "'SA_RS07640'": "'SA_RS07360'"
  },
  {
    "'SA_RS07640'": "'SA_RS08025'"
  },
  {
    "'SA_RS07640'": "'SA_RS07630'"
  },
  {
    "'SA_RS07640'": "'SA_RS13420'"
  },
  {
    "'SA_RS07640'": "'SA_RS11275'"
  },
  {
    "'SA_RS07640'": "'SA_RS08705'"
  },
  {
    "'SA_RS07640'": "'SA_RS07090'"
  },
  {
    "'SA_RS07640'": "'SA_RS06365'"
  },
  {
    "'SA_RS07640'": "'SA_RS03175'"
  },
  {
    "'SA_RS07640'": "'SA_RS09960'"
  },
  {
    "'SA_RS07640'": "'SA_RS08400'"
  },
  {
    "'SA_RS07640'": "'SA_RS00840'"
  },
  {
    "'SA_RS07640'": "'SA_RS06810'"
  },
  {
    "'SA_RS07640'": "'SA_RS09935'"
  },
  {
    "'SA_RS07640'": "'SA_RS09325'"
  },
  {
    "'SA_RS07640'": "'SA_RS05245'"
  },
  {
    "'SA_RS07640'": "'SA_RS06840'"
  },
  {
    "'SA_RS07640'": "'SA_RS05230'"
  },
  {
    "'SA_RS07640'": "'SA_RS14110'"
  },
  {
    "'SA_RS07640'": "'SA_RS05205'"
  },
  {
    "'SA_RS07640'": "'SA_RS05220'"
  },
  {
    "'SA_RS07640'": "'SA_RS05215'"
  },
  {
    "'SA_RS07640'": "'SA_RS05210'"
  },
  {
    "'SA_RS07640'": "'SA_RS14120'"
  },
  {
    "'SA_RS07640'": "'SA_RS08935'"
  },
  {
    "'SA_RS07640'": "'SA_RS02640'"
  },
  {
    "'SA_RS07640'": "'SA_RS07340'"
  },
  {
    "'SA_RS07640'": "'SA_RS11130'"
  },
  {
    "'SA_RS07640'": "'SA_RS06040'"
  },
  {
    "'SA_RS07640'": "'SA_RS12220'"
  },
  {
    "'SA_RS07640'": "'SA_RS02960'"
  },
  {
    "'SA_RS07640'": "'SA_RS13450'"
  },
  {
    "'SA_RS07640'": "'SA_RS02865'"
  },
  {
    "'SA_RS07640'": "'SA_RS13815'"
  },
  {
    "'SA_RS07640'": "'SA_RS08035'"
  },
  {
    "'SA_RS07640'": "'SA_RS07740'"
  },
  {
    "'SA_RS07640'": "'SA_RS01985'"
  },
  {
    "'SA_RS07640'": "'SA_RS02390'"
  },
  {
    "'SA_RS07640'": "'SA_RS05635'"
  },
  {
    "'SA_RS07640'": "'SA_RS05645'"
  },
  {
    "'SA_RS07640'": "'SA_RS05640'"
  },
  {
    "'SA_RS07640'": "'SA_RS06165'"
  },
  {
    "'SA_RS07640'": "'SA_RS06170'"
  },
  {
    "'SA_RS07640'": "'SA_RS13820'"
  },
  {
    "'SA_RS07640'": "'SA_RS01440'"
  },
  {
    "'SA_RS07640'": "'SA_RS03405'"
  },
  {
    "'SA_RS07640'": "'SA_RS03425'"
  },
  {
    "'SA_RS07640'": "'SA_RS03410'"
  },
  {
    "'SA_RS07640'": "'SA_RS03415'"
  },
  {
    "'SA_RS07640'": "'SA_RS04530'"
  },
  {
    "'SA_RS07640'": "'SA_RS04535'"
  },
  {
    "'SA_RS07640'": "'SA_RS04545'"
  },
  {
    "'SA_RS07640'": "'SA_RS04540'"
  },
  {
    "'SA_RS07640'": "'SA_RS06980'"
  },
  {
    "'SA_RS07640'": "'SA_RS06615'"
  },
  {
    "'SA_RS07640'": "'SA_RS06690'"
  },
  {
    "'SA_RS07640'": "'SA_RS06850'"
  },
  {
    "'SA_RS07640'": "'SA_RS06845'"
  },
  {
    "'SA_RS07640'": "'SA_RS03950'"
  },
  {
    "'SA_RS07640'": "'SA_RS12540'"
  },
  {
    "'SA_RS07640'": "'SA_RS08405'"
  },
  {
    "'SA_RS07640'": "'SA_RS09335'"
  }
]