[
  {
    "'26DAPt2r'": "'2MBCOATA'"
  },
  {
    "'26DAPt2r'": "'3HAD10M12'"
  },
  {
    "'26DAPt2r'": "'3HAD11M12'"
  },
  {
    "'26DAPt2r'": "'3HAD12M14'"
  },
  {
    "'26DAPt2r'": "'3HAD13M14'"
  },
  {
    "'26DAPt2r'": "'3HAD14M16'"
  },
  {
    "'26DAPt2r'": "'3HAD15M16'"
  },
  {
    "'26DAPt2r'": "'3HAD4M6'"
  },
  {
    "'26DAPt2r'": "'3HAD5M6'"
  },
  {
    "'26DAPt2r'": "'3HAD6M8'"
  },
  {
    "'26DAPt2r'": "'3HAD7M8'"
  },
  {
    "'26DAPt2r'": "'3HAD8M10'"
  },
  {
    "'26DAPt2r'": "'3HAD9M10'"
  },
  {
    "'26DAPt2r'": "'3OAR10M12'"
  },
  {
    "'26DAPt2r'": "'3OAR11M12'"
  },
  {
    "'26DAPt2r'": "'3OAR12M14'"
  },
  {
    "'26DAPt2r'": "'3OAR13M14'"
  },
  {
    "'26DAPt2r'": "'3OAR14M16'"
  },
  {
    "'26DAPt2r'": "'3OAR15M16'"
  },
  {
    "'26DAPt2r'": "'3OAR4M6'"
  },
  {
    "'26DAPt2r'": "'3OAR5M6'"
  },
  {
    "'26DAPt2r'": "'3OAR6M8'"
  },
  {
    "'26DAPt2r'": "'3OAR7M8'"
  },
  {
    "'26DAPt2r'": "'3OAR8M10'"
  },
  {
    "'26DAPt2r'": "'3OAR9M10'"
  },
  {
    "'26DAPt2r'": "'3OAS10M12'"
  },
  {
    "'26DAPt2r'": "'3OAS11M12'"
  },
  {
    "'26DAPt2r'": "'3OAS12M14'"
  },
  {
    "'26DAPt2r'": "'3OAS13M14'"
  },
  {
    "'26DAPt2r'": "'3OAS3M4'"
  },
  {
    "'26DAPt2r'": "'3OAS4M3O6'"
  },
  {
    "'26DAPt2r'": "'3OAS4M6'"
  },
  {
    "'26DAPt2r'": "'3OAS5M6'"
  },
  {
    "'26DAPt2r'": "'3OAS6M8'"
  },
  {
    "'26DAPt2r'": "'3OAS7M8'"
  },
  {
    "'26DAPt2r'": "'3OAS8M10'"
  },
  {
    "'26DAPt2r'": "'3OAS9M10'"
  },
  {
    "'26DAPt2r'": "'4HBZCL'"
  },
  {
    "'26DAPt2r'": "'ACBIPGT'"
  },
  {
    "'26DAPt2r'": "'ACGAMT'"
  },
  {
    "'26DAPt2r'": "'ACOAAGPATAI17'"
  },
  {
    "'26DAPt2r'": "'ACOAAGPATI17'"
  },
  {
    "'26DAPt2r'": "'ACPS1'"
  },
  {
    "'26DAPt2r'": "'ADOCBLS'"
  },
  {
    "'26DAPt2r'": "'AIHDUDPMG'"
  },
  {
    "'26DAPt2r'": "'AIHDUPDG'"
  },
  {
    "'26DAPt2r'": "'AIHPDCOATA'"
  },
  {
    "'26DAPt2r'": "'ALAALA'"
  },
  {
    "'26DAPt2r'": "'ALAPGPL'"
  },
  {
    "'26DAPt2r'": "'AMMQT7rev'"
  },
  {
    "'26DAPt2r'": "'AMMQT8r'"
  },
  {
    "'26DAPt2r'": "'ANPRT'"
  },
  {
    "'26DAPt2r'": "'ARGSL'"
  },
  {
    "'26DAPt2r'": "'ARGSSr'"
  },
  {
    "'26DAPt2r'": "'BPNT'"
  },
  {
    "'26DAPt2r'": "'CAt4i'"
  },
  {
    "'26DAPt2r'": "'CBIAT'"
  },
  {
    "'26DAPt2r'": "'CDPGLYCGPT'"
  },
  {
    "'26DAPt2r'": "'CDPMEK'"
  },
  {
    "'26DAPt2r'": "'CGLYabc'"
  },
  {
    "'26DAPt2r'": "'CHORS'"
  },
  {
    "'26DAPt2r'": "'CLPNS180'"
  },
  {
    "'26DAPt2r'": "'CLPNSAI17'"
  },
  {
    "'26DAPt2r'": "'CLPNSI17'"
  },
  {
    "'26DAPt2r'": "'Cuabc'"
  },
  {
    "'26DAPt2r'": "'DASYN180'"
  },
  {
    "'26DAPt2r'": "'DASYNAI17'"
  },
  {
    "'26DAPt2r'": "'DASYNI17'"
  },
  {
    "'26DAPt2r'": "'DDPA'"
  },
  {
    "'26DAPt2r'": "'DHFOR2'"
  },
  {
    "'26DAPt2r'": "'DHFR'"
  },
  {
    "'26DAPt2r'": "'DHNAOT4'"
  },
  {
    "'26DAPt2r'": "'DHNAOT7'"
  },
  {
    "'26DAPt2r'": "'DHQS'"
  },
  {
    "'26DAPt2r'": "'DHQTi'"
  },
  {
    "'26DAPt2r'": "'DMATT'"
  },
  {
    "'26DAPt2r'": "'DMQMT'"
  },
  {
    "'26DAPt2r'": "'DPCOAK'"
  },
  {
    "'26DAPt2r'": "'DTMPK'"
  },
  {
    "'26DAPt2r'": "'DXPRIr'"
  },
  {
    "'26DAPt2r'": "'DXPS'"
  },
  {
    "'26DAPt2r'": "'EAR10M12x'"
  },
  {
    "'26DAPt2r'": "'EAR11M12x'"
  },
  {
    "'26DAPt2r'": "'EAR12M14x'"
  },
  {
    "'26DAPt2r'": "'EAR13M14x'"
  },
  {
    "'26DAPt2r'": "'EAR14M16x'"
  },
  {
    "'26DAPt2r'": "'EAR15M16x'"
  },
  {
    "'26DAPt2r'": "'EAR4M6x'"
  },
  {
    "'26DAPt2r'": "'EAR5M6x'"
  },
  {
    "'26DAPt2r'": "'EAR6M8x'"
  },
  {
    "'26DAPt2r'": "'EAR7M8x'"
  },
  {
    "'26DAPt2r'": "'EAR8M10x'"
  },
  {
    "'26DAPt2r'": "'EAR9M10x'"
  },
  {
    "'26DAPt2r'": "'EX_26dap_M(e)'"
  },
  {
    "'26DAPt2r'": "'EX_biomass(e)'"
  },
  {
    "'26DAPt2r'": "'EX_ca2(e)'"
  },
  {
    "'26DAPt2r'": "'EX_cgly(e)'"
  },
  {
    "'26DAPt2r'": "'EX_cl(e)'"
  },
  {
    "'26DAPt2r'": "'EX_cobalt2(e)'"
  },
  {
    "'26DAPt2r'": "'EX_cu2(e)'"
  },
  {
    "'26DAPt2r'": "'EX_fe2(e)'"
  },
  {
    "'26DAPt2r'": "'EX_fe3(e)'"
  },
  {
    "'26DAPt2r'": "'EX_fol(e)'"
  },
  {
    "'26DAPt2r'": "'EX_k(e)'"
  },
  {
    "'26DAPt2r'": "'EX_mg2(e)'"
  },
  {
    "'26DAPt2r'": "'EX_mn2(e)'"
  },
  {
    "'26DAPt2r'": "'EX_mqn7(e)'"
  },
  {
    "'26DAPt2r'": "'EX_ocdca(e)'"
  },
  {
    "'26DAPt2r'": "'EX_pheme(e)'"
  },
  {
    "'26DAPt2r'": "'EX_pnto_R(e)'"
  },
  {
    "'26DAPt2r'": "'EX_pydx(e)'"
  },
  {
    "'26DAPt2r'": "'EX_ribflv(e)'"
  },
  {
    "'26DAPt2r'": "'EX_sheme(e)'"
  },
  {
    "'26DAPt2r'": "'EX_so4(e)'"
  },
  {
    "'26DAPt2r'": "'EX_spmd(e)'"
  },
  {
    "'26DAPt2r'": "'EX_succ(e)'"
  },
  {
    "'26DAPt2r'": "'EX_thm(e)'"
  },
  {
    "'26DAPt2r'": "'EX_zn2(e)'"
  },
  {
    "'26DAPt2r'": "'FACOAL180'"
  },
  {
    "'26DAPt2r'": "'FE2abc'"
  },
  {
    "'26DAPt2r'": "'FMNAT'"
  },
  {
    "'26DAPt2r'": "'FOLt'"
  },
  {
    "'26DAPt2r'": "'FRD3'"
  },
  {
    "'26DAPt2r'": "'FRTT'"
  },
  {
    "'26DAPt2r'": "'G3PATAI17'"
  },
  {
    "'26DAPt2r'": "'G3PATI17'"
  },
  {
    "'26DAPt2r'": "'G3PCT'"
  },
  {
    "'26DAPt2r'": "'GGTA'"
  },
  {
    "'26DAPt2r'": "'GGTT'"
  },
  {
    "'26DAPt2r'": "'GRTT'"
  },
  {
    "'26DAPt2r'": "'HBZOPT'"
  },
  {
    "'26DAPt2r'": "'HEMEti'"
  },
  {
    "'26DAPt2r'": "'HETT'"
  },
  {
    "'26DAPt2r'": "'HEXTT'"
  },
  {
    "'26DAPt2r'": "'IGPS'"
  },
  {
    "'26DAPt2r'": "'IHDUDPG'"
  },
  {
    "'26DAPt2r'": "'IHDUDPMG'"
  },
  {
    "'26DAPt2r'": "'IHPDCOATA'"
  },
  {
    "'26DAPt2r'": "'IVCOATA'"
  },
  {
    "'26DAPt2r'": "'Kt3r'"
  },
  {
    "'26DAPt2r'": "'MALCOAPYRCT'"
  },
  {
    "'26DAPt2r'": "'MCOATA'"
  },
  {
    "'26DAPt2r'": "'MECDPDH2'"
  },
  {
    "'26DAPt2r'": "'MECDPS'"
  },
  {
    "'26DAPt2r'": "'MEPCT'"
  },
  {
    "'26DAPt2r'": "'METAT'"
  },
  {
    "'26DAPt2r'": "'MK7te'"
  },
  {
    "'26DAPt2r'": "'MNt2'"
  },
  {
    "'26DAPt2r'": "'NNDMBRT'"
  },
  {
    "'26DAPt2r'": "'OCDCAt2'"
  },
  {
    "'26DAPt2r'": "'OHPHM'"
  },
  {
    "'26DAPt2r'": "'OIVD1r'"
  },
  {
    "'26DAPt2r'": "'OIVD3'"
  },
  {
    "'26DAPt2r'": "'OMBZLM'"
  },
  {
    "'26DAPt2r'": "'OMMBLHX3'"
  },
  {
    "'26DAPt2r'": "'OMPHHX3'"
  },
  {
    "'26DAPt2r'": "'OPHBDC'"
  },
  {
    "'26DAPt2r'": "'OPHHX3'"
  },
  {
    "'26DAPt2r'": "'PAAI17P'"
  },
  {
    "'26DAPt2r'": "'PAI17P'"
  },
  {
    "'26DAPt2r'": "'PAPA180'"
  },
  {
    "'26DAPt2r'": "'PAPPT3'"
  },
  {
    "'26DAPt2r'": "'PEPGLY'"
  },
  {
    "'26DAPt2r'": "'PGPGT'"
  },
  {
    "'26DAPt2r'": "'PGPP180'"
  },
  {
    "'26DAPt2r'": "'PGPPAI17'"
  },
  {
    "'26DAPt2r'": "'PGPPI17'"
  },
  {
    "'26DAPt2r'": "'PGSA180'"
  },
  {
    "'26DAPt2r'": "'PGSAAI17'"
  },
  {
    "'26DAPt2r'": "'PGSAI17'"
  },
  {
    "'26DAPt2r'": "'PNTK'"
  },
  {
    "'26DAPt2r'": "'PNTOt4'"
  },
  {
    "'26DAPt2r'": "'PPCDC'"
  },
  {
    "'26DAPt2r'": "'PPTT'"
  },
  {
    "'26DAPt2r'": "'PRAI'"
  },
  {
    "'26DAPt2r'": "'PRPPS'"
  },
  {
    "'26DAPt2r'": "'PSCVT'"
  },
  {
    "'26DAPt2r'": "'PSD180'"
  },
  {
    "'26DAPt2r'": "'PSDAI17'"
  },
  {
    "'26DAPt2r'": "'PSDI17'"
  },
  {
    "'26DAPt2r'": "'PSSA180'"
  },
  {
    "'26DAPt2r'": "'PSSAAI17'"
  },
  {
    "'26DAPt2r'": "'PSSAI17'"
  },
  {
    "'26DAPt2r'": "'PTPAT'"
  },
  {
    "'26DAPt2r'": "'PYDXK'"
  },
  {
    "'26DAPt2r'": "'PYDXabc'"
  },
  {
    "'26DAPt2r'": "'RBFK'"
  },
  {
    "'26DAPt2r'": "'RIBFLVt2r'"
  },
  {
    "'26DAPt2r'": "'RZ5PP'"
  },
  {
    "'26DAPt2r'": "'SHEMEabc'"
  },
  {
    "'26DAPt2r'": "'SHK3Dr'"
  },
  {
    "'26DAPt2r'": "'SHKK'"
  },
  {
    "'26DAPt2r'": "'SO4t2'"
  },
  {
    "'26DAPt2r'": "'SPMDabc'"
  },
  {
    "'26DAPt2r'": "'SUCCt2r'"
  },
  {
    "'26DAPt2r'": "'SUDPDGT'"
  },
  {
    "'26DAPt2r'": "'SUDPMGT'"
  },
  {
    "'26DAPt2r'": "'TECA1S180'"
  },
  {
    "'26DAPt2r'": "'TECA1SAI17'"
  },
  {
    "'26DAPt2r'": "'TECA1SI17'"
  },
  {
    "'26DAPt2r'": "'TECA2S180'"
  },
  {
    "'26DAPt2r'": "'TECA2SAI17'"
  },
  {
    "'26DAPt2r'": "'TECA2SI17'"
  },
  {
    "'26DAPt2r'": "'TECA3S180'"
  },
  {
    "'26DAPt2r'": "'TECA3SAI17'"
  },
  {
    "'26DAPt2r'": "'TECA3SI17'"
  },
  {
    "'26DAPt2r'": "'TECA4S'"
  },
  {
    "'26DAPt2r'": "'TECA5S180'"
  },
  {
    "'26DAPt2r'": "'TECA5SAI17'"
  },
  {
    "'26DAPt2r'": "'TECA5SI17'"
  },
  {
    "'26DAPt2r'": "'TECAAE'"
  },
  {
    "'26DAPt2r'": "'TECAGE'"
  },
  {
    "'26DAPt2r'": "'TECAUE'"
  },
  {
    "'26DAPt2r'": "'THMt3'"
  },
  {
    "'26DAPt2r'": "'TMDPK'"
  },
  {
    "'26DAPt2r'": "'TRDRr'"
  },
  {
    "'26DAPt2r'": "'TYRL'"
  },
  {
    "'26DAPt2r'": "'UAAGDS'"
  },
  {
    "'26DAPt2r'": "'UACMAMAT'"
  },
  {
    "'26DAPt2r'": "'UAG2E'"
  },
  {
    "'26DAPt2r'": "'UAG4E'"
  },
  {
    "'26DAPt2r'": "'UAGCVT_r'"
  },
  {
    "'26DAPt2r'": "'UAGDP'"
  },
  {
    "'26DAPt2r'": "'UAGPT3'"
  },
  {
    "'26DAPt2r'": "'UAMAGS'"
  },
  {
    "'26DAPt2r'": "'UAMAS'"
  },
  {
    "'26DAPt2r'": "'UAPGR'"
  },
  {
    "'26DAPt2r'": "'UDCPDP'"
  },
  {
    "'26DAPt2r'": "'UDCPDPS'"
  },
  {
    "'26DAPt2r'": "'UGMDDS'"
  },
  {
    "'26DAPt2r'": "'ZNabc'"
  },
  {
    "'26DAPt2r'": "'dreplication'"
  },
  {
    "'26DAPt2r'": "'pbiosynthesis'"
  },
  {
    "'26DAPt2r'": "'r2137'"
  },
  {
    "'26DAPt2r'": "'rtranscription'"
  },
  {
    "'26DAPt2r'": "'sink_PGPm1[c]'"
  },
  {
    "'26DAPt2r'": "'biomass201'"
  }
]