[
  {
    "'g.32465.CDS.1792'": "'Unknown'"
  },
  {
    "'g.32465.CDS.1792'": "'g.32465.CDS.1122'"
  },
  {
    "'g.32465.CDS.1792'": "'g.32465.CDS.1285'"
  },
  {
    "'g.32465.CDS.1792'": "'g.32465.CDS.596'"
  },
  {
    "'g.32465.CDS.1792'": "'999410.3.peg.3154'"
  },
  {
    "'g.32465.CDS.1792'": "'999410.3.peg.3155'"
  },
  {
    "'g.32465.CDS.1792'": "'g.32465.CDS.4903'"
  },
  {
    "'g.32465.CDS.1792'": "'999410.3.peg.1118'"
  },
  {
    "'g.32465.CDS.1792'": "'999410.3.peg.4919'"
  },
  {
    "'g.32465.CDS.1792'": "'999410.3.peg.4928'"
  },
  {
    "'g.32465.CDS.1792'": "'g.32465.CDS.4272'"
  },
  {
    "'g.32465.CDS.1792'": "'g.32465.CDS.164'"
  },
  {
    "'g.32465.CDS.1792'": "'999410.3.peg.1716'"
  },
  {
    "'g.32465.CDS.1792'": "'g.32465.CDS.3754'"
  },
  {
    "'g.32465.CDS.1792'": "'g.32465.CDS.2123'"
  },
  {
    "'g.32465.CDS.1792'": "'g.32465.CDS.5206'"
  },
  {
    "'g.32465.CDS.1792'": "'g.32465.CDS.5118'"
  },
  {
    "'g.32465.CDS.1792'": "'g.32465.CDS.4295'"
  },
  {
    "'g.32465.CDS.1792'": "'g.32465.CDS.3830'"
  },
  {
    "'g.32465.CDS.1792'": "'g.32465.CDS.3075'"
  },
  {
    "'g.32465.CDS.1792'": "'999410.3.peg.5421'"
  },
  {
    "'g.32465.CDS.1792'": "'g.32465.CDS.4299'"
  },
  {
    "'g.32465.CDS.1792'": "'g.32465.CDS.5589'"
  },
  {
    "'g.32465.CDS.1792'": "'g.32465.CDS.3085'"
  },
  {
    "'g.32465.CDS.1792'": "'999410.3.peg.3687'"
  },
  {
    "'g.32465.CDS.1792'": "'999410.3.peg.5839'"
  },
  {
    "'g.32465.CDS.1792'": "'999410.3.peg.2172'"
  },
  {
    "'g.32465.CDS.1792'": "'g.32465.CDS.5275'"
  },
  {
    "'g.32465.CDS.1792'": "'g.32465.CDS.3868'"
  },
  {
    "'g.32465.CDS.1792'": "'g.32465.CDS.4926'"
  },
  {
    "'g.32465.CDS.1792'": "'g.32465.CDS.2706'"
  },
  {
    "'g.32465.CDS.1792'": "'g.32465.CDS.3224'"
  },
  {
    "'g.32465.CDS.1792'": "'g.32465.CDS.5278'"
  },
  {
    "'g.32465.CDS.1792'": "'999410.3.peg.1117'"
  },
  {
    "'g.32465.CDS.1792'": "'g.32465.CDS.3570'"
  },
  {
    "'g.32465.CDS.1792'": "'g.32465.CDS.3821'"
  },
  {
    "'g.32465.CDS.1792'": "'g.32465.CDS.588'"
  },
  {
    "'g.32465.CDS.1792'": "'g.32465.CDS.3380'"
  },
  {
    "'g.32465.CDS.1792'": "'g.32465.CDS.3071'"
  },
  {
    "'g.32465.CDS.1792'": "'999410.3.peg.4346'"
  },
  {
    "'g.32465.CDS.1792'": "'g.32465.CDS.1107'"
  },
  {
    "'g.32465.CDS.1792'": "'999410.3.peg.4347'"
  },
  {
    "'g.32465.CDS.1792'": "'999410.3.peg.1116'"
  },
  {
    "'g.32465.CDS.1792'": "'999410.3.peg.2882'"
  },
  {
    "'g.32465.CDS.1792'": "'g.32465.CDS.411'"
  },
  {
    "'g.32465.CDS.1792'": "'999410.3.peg.3337'"
  },
  {
    "'g.32465.CDS.1792'": "'g.32465.CDS.1289'"
  },
  {
    "'g.32465.CDS.1792'": "'g.32465.CDS.1560'"
  },
  {
    "'g.32465.CDS.1792'": "'g.32465.CDS.1632'"
  },
  {
    "'g.32465.CDS.1792'": "'999410.3.peg.3499'"
  },
  {
    "'g.32465.CDS.1792'": "'g.32465.CDS.5201'"
  },
  {
    "'g.32465.CDS.1792'": "'g.32465.CDS.4728'"
  },
  {
    "'g.32465.CDS.1792'": "'g.32465.CDS.3168'"
  },
  {
    "'g.32465.CDS.1792'": "'g.32465.CDS.812'"
  },
  {
    "'g.32465.CDS.1792'": "'g.32465.CDS.3432'"
  },
  {
    "'g.32465.CDS.1792'": "'g.32465.CDS.3486'"
  },
  {
    "'g.32465.CDS.1792'": "'g.32465.CDS.4112'"
  },
  {
    "'g.32465.CDS.1792'": "'g.32465.CDS.1155'"
  },
  {
    "'g.32465.CDS.1792'": "'g.32465.CDS.692'"
  },
  {
    "'g.32465.CDS.1792'": "'g.32465.CDS.3132'"
  },
  {
    "'g.32465.CDS.1792'": "'g.32465.CDS.3637'"
  },
  {
    "'g.32465.CDS.1792'": "'g.32465.CDS.1195'"
  },
  {
    "'g.32465.CDS.1792'": "'g.32465.CDS.1315'"
  },
  {
    "'g.32465.CDS.1792'": "'g.32465.CDS.1834'"
  },
  {
    "'g.32465.CDS.1792'": "'g.32465.CDS.295'"
  },
  {
    "'g.32465.CDS.1792'": "'g.32465.CDS.3042'"
  },
  {
    "'g.32465.CDS.1792'": "'g.32465.CDS.3330'"
  },
  {
    "'g.32465.CDS.1792'": "'g.32465.CDS.4404'"
  },
  {
    "'g.32465.CDS.1792'": "'g.32465.CDS.5090'"
  },
  {
    "'g.32465.CDS.1792'": "'g.32465.CDS.617'"
  },
  {
    "'g.32465.CDS.1792'": "'g.32465.CDS.927'"
  },
  {
    "'g.32465.CDS.1792'": "'g.32465.CDS.939'"
  },
  {
    "'g.32465.CDS.1792'": "'g.32465.CDS.942'"
  },
  {
    "'g.32465.CDS.1792'": "'g.32465.CDS.1424'"
  },
  {
    "'g.32465.CDS.1792'": "'g.32465.CDS.1465'"
  },
  {
    "'g.32465.CDS.1792'": "'g.32465.CDS.1699'"
  },
  {
    "'g.32465.CDS.1792'": "'g.32465.CDS.1744'"
  },
  {
    "'g.32465.CDS.1792'": "'g.32465.CDS.1770'"
  },
  {
    "'g.32465.CDS.1792'": "'g.32465.CDS.1773'"
  },
  {
    "'g.32465.CDS.1792'": "'g.32465.CDS.18'"
  },
  {
    "'g.32465.CDS.1792'": "'g.32465.CDS.1836'"
  },
  {
    "'g.32465.CDS.1792'": "'g.32465.CDS.1860'"
  },
  {
    "'g.32465.CDS.1792'": "'g.32465.CDS.1910'"
  },
  {
    "'g.32465.CDS.1792'": "'g.32465.CDS.1943'"
  },
  {
    "'g.32465.CDS.1792'": "'g.32465.CDS.1961'"
  },
  {
    "'g.32465.CDS.1792'": "'g.32465.CDS.2046'"
  },
  {
    "'g.32465.CDS.1792'": "'g.32465.CDS.2057'"
  },
  {
    "'g.32465.CDS.1792'": "'g.32465.CDS.2075'"
  },
  {
    "'g.32465.CDS.1792'": "'g.32465.CDS.2078'"
  },
  {
    "'g.32465.CDS.1792'": "'g.32465.CDS.2085'"
  },
  {
    "'g.32465.CDS.1792'": "'g.32465.CDS.2187'"
  },
  {
    "'g.32465.CDS.1792'": "'g.32465.CDS.2192'"
  },
  {
    "'g.32465.CDS.1792'": "'g.32465.CDS.2207'"
  },
  {
    "'g.32465.CDS.1792'": "'g.32465.CDS.2208'"
  },
  {
    "'g.32465.CDS.1792'": "'g.32465.CDS.2211'"
  },
  {
    "'g.32465.CDS.1792'": "'g.32465.CDS.2236'"
  },
  {
    "'g.32465.CDS.1792'": "'g.32465.CDS.2320'"
  },
  {
    "'g.32465.CDS.1792'": "'g.32465.CDS.2324'"
  },
  {
    "'g.32465.CDS.1792'": "'g.32465.CDS.2396'"
  },
  {
    "'g.32465.CDS.1792'": "'g.32465.CDS.2433'"
  },
  {
    "'g.32465.CDS.1792'": "'g.32465.CDS.2503'"
  },
  {
    "'g.32465.CDS.1792'": "'g.32465.CDS.2520'"
  },
  {
    "'g.32465.CDS.1792'": "'g.32465.CDS.2530'"
  },
  {
    "'g.32465.CDS.1792'": "'g.32465.CDS.2536'"
  },
  {
    "'g.32465.CDS.1792'": "'g.32465.CDS.2562'"
  },
  {
    "'g.32465.CDS.1792'": "'g.32465.CDS.2641'"
  },
  {
    "'g.32465.CDS.1792'": "'g.32465.CDS.2660'"
  },
  {
    "'g.32465.CDS.1792'": "'g.32465.CDS.2663'"
  },
  {
    "'g.32465.CDS.1792'": "'g.32465.CDS.2672'"
  },
  {
    "'g.32465.CDS.1792'": "'g.32465.CDS.2730'"
  },
  {
    "'g.32465.CDS.1792'": "'g.32465.CDS.2739'"
  },
  {
    "'g.32465.CDS.1792'": "'g.32465.CDS.2765'"
  },
  {
    "'g.32465.CDS.1792'": "'g.32465.CDS.2771'"
  },
  {
    "'g.32465.CDS.1792'": "'g.32465.CDS.2792'"
  },
  {
    "'g.32465.CDS.1792'": "'g.32465.CDS.2837'"
  },
  {
    "'g.32465.CDS.1792'": "'g.32465.CDS.2870'"
  },
  {
    "'g.32465.CDS.1792'": "'g.32465.CDS.3131'"
  },
  {
    "'g.32465.CDS.1792'": "'g.32465.CDS.3326'"
  },
  {
    "'g.32465.CDS.1792'": "'g.32465.CDS.3378'"
  },
  {
    "'g.32465.CDS.1792'": "'g.32465.CDS.3472'"
  },
  {
    "'g.32465.CDS.1792'": "'g.32465.CDS.3629'"
  },
  {
    "'g.32465.CDS.1792'": "'g.32465.CDS.3632'"
  },
  {
    "'g.32465.CDS.1792'": "'g.32465.CDS.3687'"
  },
  {
    "'g.32465.CDS.1792'": "'g.32465.CDS.3736'"
  },
  {
    "'g.32465.CDS.1792'": "'g.32465.CDS.3765'"
  },
  {
    "'g.32465.CDS.1792'": "'g.32465.CDS.4330'"
  },
  {
    "'g.32465.CDS.1792'": "'g.32465.CDS.4443'"
  },
  {
    "'g.32465.CDS.1792'": "'g.32465.CDS.4563'"
  },
  {
    "'g.32465.CDS.1792'": "'g.32465.CDS.4622'"
  },
  {
    "'g.32465.CDS.1792'": "'g.32465.CDS.4634'"
  },
  {
    "'g.32465.CDS.1792'": "'g.32465.CDS.4815'"
  },
  {
    "'g.32465.CDS.1792'": "'g.32465.CDS.4930'"
  },
  {
    "'g.32465.CDS.1792'": "'g.32465.CDS.5288'"
  },
  {
    "'g.32465.CDS.1792'": "'g.32465.CDS.5541'"
  },
  {
    "'g.32465.CDS.1792'": "'g.32465.CDS.5689'"
  },
  {
    "'g.32465.CDS.1792'": "'g.32465.CDS.5763'"
  },
  {
    "'g.32465.CDS.1792'": "'g.32465.CDS.609'"
  },
  {
    "'g.32465.CDS.1792'": "'g.32465.CDS.752'"
  },
  {
    "'g.32465.CDS.1792'": "'g.32465.CDS.4988'"
  },
  {
    "'g.32465.CDS.1792'": "'g.32465.CDS.1585'"
  },
  {
    "'g.32465.CDS.1792'": "'g.32465.CDS.1674'"
  },
  {
    "'g.32465.CDS.1792'": "'g.32465.CDS.2608'"
  },
  {
    "'g.32465.CDS.1792'": "'g.32465.CDS.2743'"
  },
  {
    "'g.32465.CDS.1792'": "'g.32465.CDS.3302'"
  },
  {
    "'g.32465.CDS.1792'": "'g.32465.CDS.336'"
  },
  {
    "'g.32465.CDS.1792'": "'g.32465.CDS.5342'"
  },
  {
    "'g.32465.CDS.1792'": "'g.32465.CDS.5548'"
  },
  {
    "'g.32465.CDS.1792'": "'g.32465.CDS.717'"
  }
]