[
  {
    "'3HAD100'": "'3HAD121'"
  },
  {
    "'3HAD100'": "'3HAD141'"
  },
  {
    "'3HAD100'": "'3HAD161'"
  },
  {
    "'3HAD100'": "'3HAD181'"
  },
  {
    "'3HAD100'": "'3HAD40'"
  },
  {
    "'3HAD100'": "'3HAD60'"
  },
  {
    "'3HAD100'": "'3HAD80'"
  },
  {
    "'3HAD100'": "'3OAR100'"
  },
  {
    "'3HAD100'": "'3OAR121'"
  },
  {
    "'3HAD100'": "'3OAR140'"
  },
  {
    "'3HAD100'": "'3OAR141'"
  },
  {
    "'3HAD100'": "'3OAR161'"
  },
  {
    "'3HAD100'": "'3OAR181'"
  },
  {
    "'3HAD100'": "'3OAR40'"
  },
  {
    "'3HAD100'": "'3OAR60'"
  },
  {
    "'3HAD100'": "'3OAR80'"
  },
  {
    "'3HAD100'": "'3OAS100'"
  },
  {
    "'3HAD100'": "'3OAS121'"
  },
  {
    "'3HAD100'": "'3OAS140'"
  },
  {
    "'3HAD100'": "'3OAS141'"
  },
  {
    "'3HAD100'": "'3OAS161'"
  },
  {
    "'3HAD100'": "'3OAS181'"
  },
  {
    "'3HAD100'": "'3OAS60'"
  },
  {
    "'3HAD100'": "'3OAS80'"
  },
  {
    "'3HAD100'": "'A5PISO'"
  },
  {
    "'3HAD100'": "'ACCOAC'"
  },
  {
    "'3HAD100'": "'ACGK'"
  },
  {
    "'3HAD100'": "'ACGS'"
  },
  {
    "'3HAD100'": "'ACLS'"
  },
  {
    "'3HAD100'": "'ACODA'"
  },
  {
    "'3HAD100'": "'ACOTA'"
  },
  {
    "'3HAD100'": "'ADSK'"
  },
  {
    "'3HAD100'": "'ADSL1r'"
  },
  {
    "'3HAD100'": "'ADSL2r'"
  },
  {
    "'3HAD100'": "'ADSS'"
  },
  {
    "'3HAD100'": "'AGMHE'"
  },
  {
    "'3HAD100'": "'AGPAT160'"
  },
  {
    "'3HAD100'": "'AGPAT161'"
  },
  {
    "'3HAD100'": "'AGPAT181'"
  },
  {
    "'3HAD100'": "'AGPR'"
  },
  {
    "'3HAD100'": "'AICART'"
  },
  {
    "'3HAD100'": "'AIRC2'"
  },
  {
    "'3HAD100'": "'AIRC3'"
  },
  {
    "'3HAD100'": "'ALAALAr'"
  },
  {
    "'3HAD100'": "'ALAR'"
  },
  {
    "'3HAD100'": "'ALATA_L'"
  },
  {
    "'3HAD100'": "'ANPRT'"
  },
  {
    "'3HAD100'": "'ANS'"
  },
  {
    "'3HAD100'": "'ARGSL'"
  },
  {
    "'3HAD100'": "'ARGSS'"
  },
  {
    "'3HAD100'": "'ASAD'"
  },
  {
    "'3HAD100'": "'ASPCT'"
  },
  {
    "'3HAD100'": "'ASPK'"
  },
  {
    "'3HAD100'": "'ASPTA'"
  },
  {
    "'3HAD100'": "'ATPPRT'"
  },
  {
    "'3HAD100'": "'BPNT'"
  },
  {
    "'3HAD100'": "'CBPS'"
  },
  {
    "'3HAD100'": "'CHORM'"
  },
  {
    "'3HAD100'": "'CHORS'"
  },
  {
    "'3HAD100'": "'CLPNS160pp'"
  },
  {
    "'3HAD100'": "'CLPNS161pp'"
  },
  {
    "'3HAD100'": "'CLPNS181pp'"
  },
  {
    "'3HAD100'": "'CTPS2'"
  },
  {
    "'3HAD100'": "'CYSTL'"
  },
  {
    "'3HAD100'": "'DAPDC'"
  },
  {
    "'3HAD100'": "'DAPE'"
  },
  {
    "'3HAD100'": "'DASYN160'"
  },
  {
    "'3HAD100'": "'DASYN161'"
  },
  {
    "'3HAD100'": "'DASYN181'"
  },
  {
    "'3HAD100'": "'DDPA'"
  },
  {
    "'3HAD100'": "'DHAD1'"
  },
  {
    "'3HAD100'": "'DHAD2'"
  },
  {
    "'3HAD100'": "'DHDPRy'"
  },
  {
    "'3HAD100'": "'DHDPS'"
  },
  {
    "'3HAD100'": "'DHFR'"
  },
  {
    "'3HAD100'": "'DHORTS'"
  },
  {
    "'3HAD100'": "'DHQS'"
  },
  {
    "'3HAD100'": "'DHQTi'"
  },
  {
    "'3HAD100'": "'DTMPK'"
  },
  {
    "'3HAD100'": "'G1PACT'"
  },
  {
    "'3HAD100'": "'G1PTT'"
  },
  {
    "'3HAD100'": "'G3PAT160'"
  },
  {
    "'3HAD100'": "'G3PAT161'"
  },
  {
    "'3HAD100'": "'G3PAT181'"
  },
  {
    "'3HAD100'": "'G3PD2'"
  },
  {
    "'3HAD100'": "'G5SADs'"
  },
  {
    "'3HAD100'": "'GALUi'"
  },
  {
    "'3HAD100'": "'GF6PTA'"
  },
  {
    "'3HAD100'": "'GK1'"
  },
  {
    "'3HAD100'": "'GLA'"
  },
  {
    "'3HAD100'": "'GLNS'"
  },
  {
    "'3HAD100'": "'GLUPRT'"
  },
  {
    "'3HAD100'": "'GLUR'"
  },
  {
    "'3HAD100'": "'GMHEPAT'"
  },
  {
    "'3HAD100'": "'GMHEPK'"
  },
  {
    "'3HAD100'": "'GMHEPPA'"
  },
  {
    "'3HAD100'": "'GMPS2'"
  },
  {
    "'3HAD100'": "'HCO3E'"
  },
  {
    "'3HAD100'": "'HISTD'"
  },
  {
    "'3HAD100'": "'HISTP'"
  },
  {
    "'3HAD100'": "'HSDy'"
  },
  {
    "'3HAD100'": "'HSK'"
  },
  {
    "'3HAD100'": "'HSST'"
  },
  {
    "'3HAD100'": "'HSTPT'"
  },
  {
    "'3HAD100'": "'IG3PS'"
  },
  {
    "'3HAD100'": "'IGPDH'"
  },
  {
    "'3HAD100'": "'IGPS'"
  },
  {
    "'3HAD100'": "'ILETA'"
  },
  {
    "'3HAD100'": "'IMPC'"
  },
  {
    "'3HAD100'": "'IMPD'"
  },
  {
    "'3HAD100'": "'IPMD'"
  },
  {
    "'3HAD100'": "'IPPMIa'"
  },
  {
    "'3HAD100'": "'IPPMIb'"
  },
  {
    "'3HAD100'": "'IPPS'"
  },
  {
    "'3HAD100'": "'KARA1'"
  },
  {
    "'3HAD100'": "'KARA2'"
  },
  {
    "'3HAD100'": "'KDOPP'"
  },
  {
    "'3HAD100'": "'KDOPS'"
  },
  {
    "'3HAD100'": "'LEUTAi'"
  },
  {
    "'3HAD100'": "'LPADSS'"
  },
  {
    "'3HAD100'": "'MAN6PI'"
  },
  {
    "'3HAD100'": "'MCOATA'"
  },
  {
    "'3HAD100'": "'MCTP1App'"
  },
  {
    "'3HAD100'": "'MPTG'"
  },
  {
    "'3HAD100'": "'NDPK2'"
  },
  {
    "'3HAD100'": "'NDPK4'"
  },
  {
    "'3HAD100'": "'NH4tex'"
  },
  {
    "'3HAD100'": "'NH4tpp'"
  },
  {
    "'3HAD100'": "'OCBT'"
  },
  {
    "'3HAD100'": "'OMCDC'"
  },
  {
    "'3HAD100'": "'OMPDC'"
  },
  {
    "'3HAD100'": "'ORPT'"
  },
  {
    "'3HAD100'": "'P5CR'"
  },
  {
    "'3HAD100'": "'PAPPT3'"
  },
  {
    "'3HAD100'": "'PE160abcpp'"
  },
  {
    "'3HAD100'": "'PE161abcpp'"
  },
  {
    "'3HAD100'": "'PE181abcpp'"
  },
  {
    "'3HAD100'": "'PGAMT'"
  },
  {
    "'3HAD100'": "'PGMT'"
  },
  {
    "'3HAD100'": "'PGSA160'"
  },
  {
    "'3HAD100'": "'PGSA161'"
  },
  {
    "'3HAD100'": "'PGSA181'"
  },
  {
    "'3HAD100'": "'PHETA1'"
  },
  {
    "'3HAD100'": "'PItex'"
  },
  {
    "'3HAD100'": "'PMANM'"
  },
  {
    "'3HAD100'": "'PPND'"
  },
  {
    "'3HAD100'": "'PPNDH'"
  },
  {
    "'3HAD100'": "'PRAGSr'"
  },
  {
    "'3HAD100'": "'PRAIS'"
  },
  {
    "'3HAD100'": "'PRAIi'"
  },
  {
    "'3HAD100'": "'PRAMPC'"
  },
  {
    "'3HAD100'": "'PRASCSi'"
  },
  {
    "'3HAD100'": "'PRATPP'"
  },
  {
    "'3HAD100'": "'PRFGS'"
  },
  {
    "'3HAD100'": "'PRMICI'"
  },
  {
    "'3HAD100'": "'PSCVT'"
  },
  {
    "'3HAD100'": "'PSD160'"
  },
  {
    "'3HAD100'": "'PSD161'"
  },
  {
    "'3HAD100'": "'PSD181'"
  },
  {
    "'3HAD100'": "'PSSA160'"
  },
  {
    "'3HAD100'": "'PSSA161'"
  },
  {
    "'3HAD100'": "'PSSA181'"
  },
  {
    "'3HAD100'": "'S7PI'"
  },
  {
    "'3HAD100'": "'SADT2'"
  },
  {
    "'3HAD100'": "'SDPDS'"
  },
  {
    "'3HAD100'": "'SDPTA'"
  },
  {
    "'3HAD100'": "'SHK3Dr'"
  },
  {
    "'3HAD100'": "'SHKK'"
  },
  {
    "'3HAD100'": "'SHSL1'"
  },
  {
    "'3HAD100'": "'SO4tex'"
  },
  {
    "'3HAD100'": "'SULR'"
  },
  {
    "'3HAD100'": "'SULabcpp'"
  },
  {
    "'3HAD100'": "'T2DECAI'"
  },
  {
    "'3HAD100'": "'TDPDRE'"
  },
  {
    "'3HAD100'": "'TDPDRR'"
  },
  {
    "'3HAD100'": "'TDPGDH'"
  },
  {
    "'3HAD100'": "'TDSK'"
  },
  {
    "'3HAD100'": "'THDPS'"
  },
  {
    "'3HAD100'": "'THRS'"
  },
  {
    "'3HAD100'": "'TMDS'"
  },
  {
    "'3HAD100'": "'TYRTA'"
  },
  {
    "'3HAD100'": "'U23GAAT'"
  },
  {
    "'3HAD100'": "'UAAGDS'"
  },
  {
    "'3HAD100'": "'UAGAAT'"
  },
  {
    "'3HAD100'": "'UAGCVT'"
  },
  {
    "'3HAD100'": "'UAGDP'"
  },
  {
    "'3HAD100'": "'UAGPT3'"
  },
  {
    "'3HAD100'": "'UAMAGS'"
  },
  {
    "'3HAD100'": "'UAMAS'"
  },
  {
    "'3HAD100'": "'UAPGR'"
  },
  {
    "'3HAD100'": "'UDCPDP'"
  },
  {
    "'3HAD100'": "'UDPG4E'"
  },
  {
    "'3HAD100'": "'UDPGD'"
  },
  {
    "'3HAD100'": "'UGMDDS'"
  },
  {
    "'3HAD100'": "'UHGADA'"
  },
  {
    "'3HAD100'": "'UMPK'"
  },
  {
    "'3HAD100'": "'USHD'"
  },
  {
    "'3HAD100'": "'EX_glc__D_e'"
  },
  {
    "'3HAD100'": "'EX_nh4_e'"
  },
  {
    "'3HAD100'": "'EX_pi_e'"
  },
  {
    "'3HAD100'": "'EX_so4_e'"
  },
  {
    "'3HAD100'": "'BIOMASS_'"
  }
]