[
  {
    "'KPN_03244'": "'KPN_03244'",
    "'KPN_00355'": "'KPN_00355'",
    "'KPN_00415'": "'KPN_00472'"
  },
  {
    "'KPN_03244'": "'KPN_02762'",
    "'KPN_00355'": "'KPN_02738'",
    "'KPN_00415'": "'KPN_04413'"
  },
  {
    "'KPN_03244'": "'KPN_02763'",
    "'KPN_00355'": "'KPN_02738'",
    "'KPN_00415'": "'KPN_04413'"
  },
  {
    "'KPN_03244'": "'KPN_04074'",
    "'KPN_00355'": "'KPN_00083'",
    "'KPN_00415'": "'KPN_04268'"
  },
  {
    "'KPN_03244'": "'KPN_04074'",
    "'KPN_00355'": "'KPN_00083'",
    "'KPN_00415'": "'KPN_04267'"
  },
  {
    "'KPN_03244'": "'KPN_04074'",
    "'KPN_00355'": "'KPN_00082'",
    "'KPN_00415'": "'KPN_04268'"
  },
  {
    "'KPN_03244'": "'KPN_04074'",
    "'KPN_00355'": "'KPN_00082'",
    "'KPN_00415'": "'KPN_04267'"
  },
  {
    "'KPN_03244'": "'KPN_00083'",
    "'KPN_00355'": "'KPN_04073'",
    "'KPN_00415'": "'KPN_04268'"
  },
  {
    "'KPN_03244'": "'KPN_00083'",
    "'KPN_00355'": "'KPN_04073'",
    "'KPN_00415'": "'KPN_04267'"
  },
  {
    "'KPN_03244'": "'KPN_00082'",
    "'KPN_00355'": "'KPN_04073'",
    "'KPN_00415'": "'KPN_04268'"
  },
  {
    "'KPN_03244'": "'KPN_00082'",
    "'KPN_00355'": "'KPN_04073'",
    "'KPN_00415'": "'KPN_04267'"
  },
  {
    "'KPN_03244'": "'KPN_02364'",
    "'KPN_00355'": "'KPN_00120'",
    "'KPN_00415'": "'KPN_02876'"
  },
  {
    "'KPN_03244'": "'KPN_02364'",
    "'KPN_00355'": "'KPN_00120'",
    "'KPN_00415'": "'KPN_00935'"
  },
  {
    "'KPN_03244'": "'KPN_02364'",
    "'KPN_00355'": "'KPN_00120'",
    "'KPN_00415'": "'KPN_03348'"
  },
  {
    "'KPN_03244'": "'KPN_02364'",
    "'KPN_00355'": "'KPN_00120'",
    "'KPN_00415'": "'KPN_04843'"
  },
  {
    "'KPN_03244'": "'KPN_02364'",
    "'KPN_00355'": "'KPN_02876'",
    "'KPN_00415'": "'KPN_03341'"
  },
  {
    "'KPN_03244'": "'KPN_02364'",
    "'KPN_00355'": "'KPN_02876'",
    "'KPN_00415'": "'KPN_03340'"
  },
  {
    "'KPN_03244'": "'KPN_02364'",
    "'KPN_00355'": "'KPN_02876'",
    "'KPN_00415'": "'KPN_03339'"
  },
  {
    "'KPN_03244'": "'KPN_02364'",
    "'KPN_00355'": "'KPN_03341'",
    "'KPN_00415'": "'KPN_00935'"
  },
  {
    "'KPN_03244'": "'KPN_02364'",
    "'KPN_00355'": "'KPN_03341'",
    "'KPN_00415'": "'KPN_03348'"
  },
  {
    "'KPN_03244'": "'KPN_02364'",
    "'KPN_00355'": "'KPN_03341'",
    "'KPN_00415'": "'KPN_04843'"
  },
  {
    "'KPN_03244'": "'KPN_02364'",
    "'KPN_00355'": "'KPN_03340'",
    "'KPN_00415'": "'KPN_00935'"
  },
  {
    "'KPN_03244'": "'KPN_02364'",
    "'KPN_00355'": "'KPN_03340'",
    "'KPN_00415'": "'KPN_03348'"
  },
  {
    "'KPN_03244'": "'KPN_02364'",
    "'KPN_00355'": "'KPN_03340'",
    "'KPN_00415'": "'KPN_04843'"
  },
  {
    "'KPN_03244'": "'KPN_02364'",
    "'KPN_00355'": "'KPN_03339'",
    "'KPN_00415'": "'KPN_00935'"
  },
  {
    "'KPN_03244'": "'KPN_02364'",
    "'KPN_00355'": "'KPN_03339'",
    "'KPN_00415'": "'KPN_03348'"
  },
  {
    "'KPN_03244'": "'KPN_02364'",
    "'KPN_00355'": "'KPN_03339'",
    "'KPN_00415'": "'KPN_04843'"
  },
  {
    "'KPN_03244'": "'KPN_00235'",
    "'KPN_00355'": "'KPN_00355'",
    "'KPN_00415'": "'KPN_00415'"
  },
  {
    "'KPN_03244'": "'KPN_00124'",
    "'KPN_00355'": "'KPN_01272'",
    "'KPN_00415'": "'KPN_00793'"
  },
  {
    "'KPN_03244'": "'KPN_00124'",
    "'KPN_00355'": "'KPN_01272'",
    "'KPN_00415'": "'KPN_01770'"
  },
  {
    "'KPN_03244'": "'KPN_00124'",
    "'KPN_00355'": "'KPN_01272'",
    "'KPN_00415'": "'KPN_00796'"
  },
  {
    "'KPN_03244'": "'KPN_00124'",
    "'KPN_00355'": "'KPN_01272'",
    "'KPN_00415'": "'KPN_00792'"
  },
  {
    "'KPN_03244'": "'KPN_00124'",
    "'KPN_00355'": "'KPN_01272'",
    "'KPN_00415'": "'KPN_00795'"
  },
  {
    "'KPN_03244'": "'KPN_03745'",
    "'KPN_00355'": "'KPN_01221'",
    "'KPN_00415'": "'KPN_01493'"
  },
  {
    "'KPN_03244'": "'KPN_00120'",
    "'KPN_00355'": "'KPN_02876'",
    "'KPN_00415'": "'KPN_02825'"
  },
  {
    "'KPN_03244'": "'KPN_00120'",
    "'KPN_00355'": "'KPN_02876'",
    "'KPN_00415'": "'KPN_00484'"
  },
  {
    "'KPN_03244'": "'KPN_00120'",
    "'KPN_00355'": "'KPN_02876'",
    "'KPN_00415'": "'KPN_00930'"
  },
  {
    "'KPN_03244'": "'KPN_00120'",
    "'KPN_00355'": "'KPN_02825'",
    "'KPN_00415'": "'KPN_00935'"
  },
  {
    "'KPN_03244'": "'KPN_00120'",
    "'KPN_00355'": "'KPN_02825'",
    "'KPN_00415'": "'KPN_03348'"
  },
  {
    "'KPN_03244'": "'KPN_00120'",
    "'KPN_00355'": "'KPN_02825'",
    "'KPN_00415'": "'KPN_04843'"
  },
  {
    "'KPN_03244'": "'KPN_00120'",
    "'KPN_00355'": "'KPN_00484'",
    "'KPN_00415'": "'KPN_00935'"
  },
  {
    "'KPN_03244'": "'KPN_00120'",
    "'KPN_00355'": "'KPN_00484'",
    "'KPN_00415'": "'KPN_03348'"
  },
  {
    "'KPN_03244'": "'KPN_00120'",
    "'KPN_00355'": "'KPN_00484'",
    "'KPN_00415'": "'KPN_04843'"
  },
  {
    "'KPN_03244'": "'KPN_00120'",
    "'KPN_00355'": "'KPN_00930'",
    "'KPN_00415'": "'KPN_00935'"
  },
  {
    "'KPN_03244'": "'KPN_00120'",
    "'KPN_00355'": "'KPN_00930'",
    "'KPN_00415'": "'KPN_03348'"
  },
  {
    "'KPN_03244'": "'KPN_00120'",
    "'KPN_00355'": "'KPN_00930'",
    "'KPN_00415'": "'KPN_04843'"
  },
  {
    "'KPN_03244'": "'KPN_02876'",
    "'KPN_00355'": "'KPN_00903'",
    "'KPN_00415'": "'KPN_03961'"
  },
  {
    "'KPN_03244'": "'KPN_02876'",
    "'KPN_00355'": "'KPN_03123'",
    "'KPN_00415'": "'KPN_01197'"
  },
  {
    "'KPN_03244'": "'KPN_02876'",
    "'KPN_00355'": "'KPN_03123'",
    "'KPN_00415'": "'KPN_03355'"
  },
  {
    "'KPN_03244'": "'KPN_02876'",
    "'KPN_00355'": "'KPN_02825'",
    "'KPN_00415'": "'KPN_03341'"
  },
  {
    "'KPN_03244'": "'KPN_02876'",
    "'KPN_00355'": "'KPN_02825'",
    "'KPN_00415'": "'KPN_03340'"
  },
  {
    "'KPN_03244'": "'KPN_02876'",
    "'KPN_00355'": "'KPN_02825'",
    "'KPN_00415'": "'KPN_03339'"
  },
  {
    "'KPN_03244'": "'KPN_02876'",
    "'KPN_00355'": "'KPN_03341'",
    "'KPN_00415'": "'KPN_00484'"
  },
  {
    "'KPN_03244'": "'KPN_02876'",
    "'KPN_00355'": "'KPN_03341'",
    "'KPN_00415'": "'KPN_00930'"
  },
  {
    "'KPN_03244'": "'KPN_02876'",
    "'KPN_00355'": "'KPN_03340'",
    "'KPN_00415'": "'KPN_00484'"
  },
  {
    "'KPN_03244'": "'KPN_02876'",
    "'KPN_00355'": "'KPN_03340'",
    "'KPN_00415'": "'KPN_00930'"
  },
  {
    "'KPN_03244'": "'KPN_02876'",
    "'KPN_00355'": "'KPN_03339'",
    "'KPN_00415'": "'KPN_00484'"
  },
  {
    "'KPN_03244'": "'KPN_02876'",
    "'KPN_00355'": "'KPN_03339'",
    "'KPN_00415'": "'KPN_00930'"
  },
  {
    "'KPN_03244'": "'KPN_01125'",
    "'KPN_00355'": "'KPN_00945'",
    "'KPN_00415'": "'KPN_03349'"
  },
  {
    "'KPN_03244'": "'KPN_01125'",
    "'KPN_00355'": "'KPN_03972'",
    "'KPN_00415'": "'KPN_03349'"
  },
  {
    "'KPN_03244'": "'KPN_01125'",
    "'KPN_00355'": "'KPN_03757'",
    "'KPN_00415'": "'KPN_03349'"
  },
  {
    "'KPN_03244'": "'KPN_04139'",
    "'KPN_00355'": "'KPN_02365'",
    "'KPN_00415'": "'KPN_01197'"
  },
  {
    "'KPN_03244'": "'KPN_04139'",
    "'KPN_00355'": "'KPN_02365'",
    "'KPN_00415'": "'KPN_03355'"
  },
  {
    "'KPN_03244'": "'KPN_04139'",
    "'KPN_00355'": "'KPN_02366'",
    "'KPN_00415'": "'KPN_01197'"
  },
  {
    "'KPN_03244'": "'KPN_04139'",
    "'KPN_00355'": "'KPN_02366'",
    "'KPN_00415'": "'KPN_03355'"
  },
  {
    "'KPN_03244'": "'KPN_04137'",
    "'KPN_00355'": "'KPN_02365'",
    "'KPN_00415'": "'KPN_01197'"
  },
  {
    "'KPN_03244'": "'KPN_04137'",
    "'KPN_00355'": "'KPN_02365'",
    "'KPN_00415'": "'KPN_03355'"
  },
  {
    "'KPN_03244'": "'KPN_04137'",
    "'KPN_00355'": "'KPN_02366'",
    "'KPN_00415'": "'KPN_01197'"
  },
  {
    "'KPN_03244'": "'KPN_04137'",
    "'KPN_00355'": "'KPN_02366'",
    "'KPN_00415'": "'KPN_03355'"
  },
  {
    "'KPN_03244'": "'KPN_04136'",
    "'KPN_00355'": "'KPN_02365'",
    "'KPN_00415'": "'KPN_01197'"
  },
  {
    "'KPN_03244'": "'KPN_04136'",
    "'KPN_00355'": "'KPN_02365'",
    "'KPN_00415'": "'KPN_03355'"
  },
  {
    "'KPN_03244'": "'KPN_04136'",
    "'KPN_00355'": "'KPN_02366'",
    "'KPN_00415'": "'KPN_01197'"
  },
  {
    "'KPN_03244'": "'KPN_04136'",
    "'KPN_00355'": "'KPN_02366'",
    "'KPN_00415'": "'KPN_03355'"
  },
  {
    "'KPN_03244'": "'KPN_04143'",
    "'KPN_00355'": "'KPN_02365'",
    "'KPN_00415'": "'KPN_01197'"
  },
  {
    "'KPN_03244'": "'KPN_04143'",
    "'KPN_00355'": "'KPN_02365'",
    "'KPN_00415'": "'KPN_03355'"
  },
  {
    "'KPN_03244'": "'KPN_04143'",
    "'KPN_00355'": "'KPN_02366'",
    "'KPN_00415'": "'KPN_01197'"
  },
  {
    "'KPN_03244'": "'KPN_04143'",
    "'KPN_00355'": "'KPN_02366'",
    "'KPN_00415'": "'KPN_03355'"
  },
  {
    "'KPN_03244'": "'KPN_04142'",
    "'KPN_00355'": "'KPN_02365'",
    "'KPN_00415'": "'KPN_01197'"
  },
  {
    "'KPN_03244'": "'KPN_04142'",
    "'KPN_00355'": "'KPN_02365'",
    "'KPN_00415'": "'KPN_03355'"
  },
  {
    "'KPN_03244'": "'KPN_04142'",
    "'KPN_00355'": "'KPN_02366'",
    "'KPN_00415'": "'KPN_01197'"
  },
  {
    "'KPN_03244'": "'KPN_04142'",
    "'KPN_00355'": "'KPN_02366'",
    "'KPN_00415'": "'KPN_03355'"
  },
  {
    "'KPN_03244'": "'KPN_04141'",
    "'KPN_00355'": "'KPN_02365'",
    "'KPN_00415'": "'KPN_01197'"
  },
  {
    "'KPN_03244'": "'KPN_04141'",
    "'KPN_00355'": "'KPN_02365'",
    "'KPN_00415'": "'KPN_03355'"
  },
  {
    "'KPN_03244'": "'KPN_04141'",
    "'KPN_00355'": "'KPN_02366'",
    "'KPN_00415'": "'KPN_01197'"
  },
  {
    "'KPN_03244'": "'KPN_04141'",
    "'KPN_00355'": "'KPN_02366'",
    "'KPN_00415'": "'KPN_03355'"
  },
  {
    "'KPN_03244'": "'KPN_04138'",
    "'KPN_00355'": "'KPN_02365'",
    "'KPN_00415'": "'KPN_01197'"
  },
  {
    "'KPN_03244'": "'KPN_04138'",
    "'KPN_00355'": "'KPN_02365'",
    "'KPN_00415'": "'KPN_03355'"
  },
  {
    "'KPN_03244'": "'KPN_04138'",
    "'KPN_00355'": "'KPN_02366'",
    "'KPN_00415'": "'KPN_01197'"
  },
  {
    "'KPN_03244'": "'KPN_04138'",
    "'KPN_00355'": "'KPN_02366'",
    "'KPN_00415'": "'KPN_03355'"
  },
  {
    "'KPN_03244'": "'KPN_04140'",
    "'KPN_00355'": "'KPN_02365'",
    "'KPN_00415'": "'KPN_01197'"
  },
  {
    "'KPN_03244'": "'KPN_04140'",
    "'KPN_00355'": "'KPN_02365'",
    "'KPN_00415'": "'KPN_03355'"
  },
  {
    "'KPN_03244'": "'KPN_04140'",
    "'KPN_00355'": "'KPN_02366'",
    "'KPN_00415'": "'KPN_01197'"
  },
  {
    "'KPN_03244'": "'KPN_04140'",
    "'KPN_00355'": "'KPN_02366'",
    "'KPN_00415'": "'KPN_03355'"
  },
  {
    "'KPN_03244'": "'KPN_02584'",
    "'KPN_00355'": "'KPN_00937'",
    "'KPN_00415'": "'KPN_04157'"
  },
  {
    "'KPN_03244'": "'KPN_02162'",
    "'KPN_00355'": "'KPN_02923'",
    "'KPN_00415'": "'KPN_00758'"
  },
  {
    "'KPN_03244'": "'KPN_04707'",
    "'KPN_00355'": "'KPN_02428'",
    "'KPN_00415'": "'KPN_04239'"
  },
  {
    "'KPN_03244'": "'KPN_02905'",
    "'KPN_00355'": "'KPN_04282'",
    "'KPN_00415'": "'KPN_03866'"
  },
  {
    "'KPN_03244'": "'KPN_02905'",
    "'KPN_00355'": "'KPN_03866'",
    "'KPN_00415'": "'KPN_00920'"
  },
  {
    "'KPN_03244'": "'KPN_03123'",
    "'KPN_00355'": "'KPN_03773'",
    "'KPN_00415'": "'KPN_02160'"
  },
  {
    "'KPN_03244'": "'KPN_00355'",
    "'KPN_00355'": "'KPN_00415'",
    "'KPN_00415'": "'KPN_04338'"
  },
  {
    "'KPN_03244'": "'KPN_00355'",
    "'KPN_00355'": "'KPN_00415'",
    "'KPN_00415'": "'KPN_04321'"
  },
  {
    "'KPN_03244'": "'KPN_00355'",
    "'KPN_00355'": "'KPN_00472'",
    "'KPN_00415'": "'KPN_04321'"
  },
  {
    "'KPN_03244'": "'KPN_00793'",
    "'KPN_00355'": "'KPN_04395'",
    "'KPN_00415'": "'KPN_04245'"
  },
  {
    "'KPN_03244'": "'KPN_04002'",
    "'KPN_00355'": "'KPN_03866'",
    "'KPN_00415'": "'KPN_02643'"
  },
  {
    "'KPN_03244'": "'KPN_04002'",
    "'KPN_00355'": "'KPN_03866'",
    "'KPN_00415'": "'KPN_02642'"
  },
  {
    "'KPN_03244'": "'KPN_04002'",
    "'KPN_00355'": "'KPN_02643'",
    "'KPN_00415'": "'KPN_03007'"
  },
  {
    "'KPN_03244'": "'KPN_04002'",
    "'KPN_00355'": "'KPN_02643'",
    "'KPN_00415'": "'KPN_03006'"
  },
  {
    "'KPN_03244'": "'KPN_04002'",
    "'KPN_00355'": "'KPN_02642'",
    "'KPN_00415'": "'KPN_03007'"
  },
  {
    "'KPN_03244'": "'KPN_04002'",
    "'KPN_00355'": "'KPN_02642'",
    "'KPN_00415'": "'KPN_03006'"
  },
  {
    "'KPN_03244'": "'KPN_01770'",
    "'KPN_00355'": "'KPN_04395'",
    "'KPN_00415'": "'KPN_04245'"
  },
  {
    "'KPN_03244'": "'KPN_01517'",
    "'KPN_00355'": "'KPN_01516'",
    "'KPN_00415'": "'KPN_04245'"
  },
  {
    "'KPN_03244'": "'KPN_02496'",
    "'KPN_00355'": "'KPN_02490'",
    "'KPN_00415'": "'KPN_04289'"
  },
  {
    "'KPN_03244'": "'KPN_02367'",
    "'KPN_00355'": "'KPN_03801'",
    "'KPN_00415'": "'KPN_03757'"
  },
  {
    "'KPN_03244'": "'KPN_01197'",
    "'KPN_00355'": "'KPN_03773'",
    "'KPN_00415'": "'KPN_02160'"
  },
  {
    "'KPN_03244'": "'KPN_02825'",
    "'KPN_00355'": "'KPN_03341'",
    "'KPN_00415'": "'KPN_00935'"
  },
  {
    "'KPN_03244'": "'KPN_02825'",
    "'KPN_00355'": "'KPN_03341'",
    "'KPN_00415'": "'KPN_03348'"
  },
  {
    "'KPN_03244'": "'KPN_02825'",
    "'KPN_00355'": "'KPN_03341'",
    "'KPN_00415'": "'KPN_04843'"
  },
  {
    "'KPN_03244'": "'KPN_02825'",
    "'KPN_00355'": "'KPN_03340'",
    "'KPN_00415'": "'KPN_00935'"
  },
  {
    "'KPN_03244'": "'KPN_02825'",
    "'KPN_00355'": "'KPN_03340'",
    "'KPN_00415'": "'KPN_03348'"
  },
  {
    "'KPN_03244'": "'KPN_02825'",
    "'KPN_00355'": "'KPN_03340'",
    "'KPN_00415'": "'KPN_04843'"
  },
  {
    "'KPN_03244'": "'KPN_02825'",
    "'KPN_00355'": "'KPN_03339'",
    "'KPN_00415'": "'KPN_00935'"
  },
  {
    "'KPN_03244'": "'KPN_02825'",
    "'KPN_00355'": "'KPN_03339'",
    "'KPN_00415'": "'KPN_03348'"
  },
  {
    "'KPN_03244'": "'KPN_02825'",
    "'KPN_00355'": "'KPN_03339'",
    "'KPN_00415'": "'KPN_04843'"
  },
  {
    "'KPN_03244'": "'KPN_01492'",
    "'KPN_00355'": "'KPN_01210'",
    "'KPN_00415'": "'KPN_03624'"
  },
  {
    "'KPN_03244'": "'KPN_01492'",
    "'KPN_00355'": "'KPN_01210'",
    "'KPN_00415'": "'KPN_03625'"
  },
  {
    "'KPN_03244'": "'KPN_03341'",
    "'KPN_00355'": "'KPN_00484'",
    "'KPN_00415'": "'KPN_00935'"
  },
  {
    "'KPN_03244'": "'KPN_03341'",
    "'KPN_00355'": "'KPN_00484'",
    "'KPN_00415'": "'KPN_03348'"
  },
  {
    "'KPN_03244'": "'KPN_03341'",
    "'KPN_00355'": "'KPN_00484'",
    "'KPN_00415'": "'KPN_04843'"
  },
  {
    "'KPN_03244'": "'KPN_03341'",
    "'KPN_00355'": "'KPN_00930'",
    "'KPN_00415'": "'KPN_00935'"
  },
  {
    "'KPN_03244'": "'KPN_03341'",
    "'KPN_00355'": "'KPN_00930'",
    "'KPN_00415'": "'KPN_03348'"
  },
  {
    "'KPN_03244'": "'KPN_03341'",
    "'KPN_00355'": "'KPN_00930'",
    "'KPN_00415'": "'KPN_04843'"
  },
  {
    "'KPN_03244'": "'KPN_03340'",
    "'KPN_00355'": "'KPN_00484'",
    "'KPN_00415'": "'KPN_00935'"
  },
  {
    "'KPN_03244'": "'KPN_03340'",
    "'KPN_00355'": "'KPN_00484'",
    "'KPN_00415'": "'KPN_03348'"
  },
  {
    "'KPN_03244'": "'KPN_03340'",
    "'KPN_00355'": "'KPN_00484'",
    "'KPN_00415'": "'KPN_04843'"
  },
  {
    "'KPN_03244'": "'KPN_03340'",
    "'KPN_00355'": "'KPN_00930'",
    "'KPN_00415'": "'KPN_00935'"
  },
  {
    "'KPN_03244'": "'KPN_03340'",
    "'KPN_00355'": "'KPN_00930'",
    "'KPN_00415'": "'KPN_03348'"
  },
  {
    "'KPN_03244'": "'KPN_03340'",
    "'KPN_00355'": "'KPN_00930'",
    "'KPN_00415'": "'KPN_04843'"
  },
  {
    "'KPN_03244'": "'KPN_03339'",
    "'KPN_00355'": "'KPN_00484'",
    "'KPN_00415'": "'KPN_00935'"
  },
  {
    "'KPN_03244'": "'KPN_03339'",
    "'KPN_00355'": "'KPN_00484'",
    "'KPN_00415'": "'KPN_03348'"
  },
  {
    "'KPN_03244'": "'KPN_03339'",
    "'KPN_00355'": "'KPN_00484'",
    "'KPN_00415'": "'KPN_04843'"
  },
  {
    "'KPN_03244'": "'KPN_03339'",
    "'KPN_00355'": "'KPN_00930'",
    "'KPN_00415'": "'KPN_00935'"
  },
  {
    "'KPN_03244'": "'KPN_03339'",
    "'KPN_00355'": "'KPN_00930'",
    "'KPN_00415'": "'KPN_03348'"
  },
  {
    "'KPN_03244'": "'KPN_03339'",
    "'KPN_00355'": "'KPN_00930'",
    "'KPN_00415'": "'KPN_04843'"
  },
  {
    "'KPN_03244'": "'KPN_03801'",
    "'KPN_00355'": "'KPN_00781'",
    "'KPN_00415'": "'KPN_03757'"
  },
  {
    "'KPN_03244'": "'KPN_03866'",
    "'KPN_00355'": "'KPN_02643'",
    "'KPN_00415'": "'KPN_04646'"
  },
  {
    "'KPN_03244'": "'KPN_03866'",
    "'KPN_00355'": "'KPN_02642'",
    "'KPN_00415'": "'KPN_04646'"
  },
  {
    "'KPN_03244'": "'KPN_00310'",
    "'KPN_00355'": "'KPN_04399'",
    "'KPN_00415'": "'KPN_04325'"
  },
  {
    "'KPN_03244'": "'KPN_00796'",
    "'KPN_00355'": "'KPN_04395'",
    "'KPN_00415'": "'KPN_04245'"
  },
  {
    "'KPN_03244'": "'KPN_00792'",
    "'KPN_00355'": "'KPN_04395'",
    "'KPN_00415'": "'KPN_04245'"
  },
  {
    "'KPN_03244'": "'KPN_04395'",
    "'KPN_00355'": "'KPN_04245'",
    "'KPN_00415'": "'KPN_00795'"
  },
  {
    "'KPN_03244'": "'KPN_03767'",
    "'KPN_00355'": "'KPN_00164'",
    "'KPN_00415'": "'KPN_02849'"
  },
  {
    "'KPN_03244'": "'KPN_03644'",
    "'KPN_00355'": "'KPN_02629'",
    "'KPN_00415'": "'KPN_04245'"
  },
  {
    "'KPN_03244'": "'KPN_02773'",
    "'KPN_00355'": "'KPN_04008'",
    "'KPN_00415'": "'KPN_00778'"
  },
  {
    "'KPN_03244'": "'KPN_02773'",
    "'KPN_00355'": "'KPN_04008'",
    "'KPN_00415'": "'KPN_00779'"
  },
  {
    "'KPN_03244'": "'KPN_02773'",
    "'KPN_00355'": "'KPN_04008'",
    "'KPN_00415'": "'KPN_00777'"
  },
  {
    "'KPN_03244'": "'KPN_00484'",
    "'KPN_00355'": "'KPN_02902'",
    "'KPN_00415'": "'KPN_00931'"
  },
  {
    "'KPN_03244'": "'KPN_01274'",
    "'KPN_00355'": "'KPN_00873'",
    "'KPN_00415'": "'KPN_03461'"
  },
  {
    "'KPN_03244'": "'KPN_03355'",
    "'KPN_00355'": "'KPN_03773'",
    "'KPN_00415'": "'KPN_02160'"
  },
  {
    "'KPN_03244'": "'KPN_02643'",
    "'KPN_00355'": "'KPN_03007'",
    "'KPN_00415'": "'KPN_04646'"
  },
  {
    "'KPN_03244'": "'KPN_02643'",
    "'KPN_00355'": "'KPN_03006'",
    "'KPN_00415'": "'KPN_04646'"
  },
  {
    "'KPN_03244'": "'KPN_02642'",
    "'KPN_00355'": "'KPN_03007'",
    "'KPN_00415'": "'KPN_04646'"
  },
  {
    "'KPN_03244'": "'KPN_02642'",
    "'KPN_00355'": "'KPN_03006'",
    "'KPN_00415'": "'KPN_04646'"
  },
  {
    "'KPN_03244'": "'KPN_04288'",
    "'KPN_00355'": "'KPN_02491'",
    "'KPN_00415'": "'KPN_02497'"
  },
  {
    "'KPN_03244'": "'KPN_03357'",
    "'KPN_00355'": "'KPN_02799'",
    "'KPN_00415'": "'KPN_01127'"
  }
]