[
  {
    "'g.32451.CDS.1152'": "'g.32451.CDS.124'",
    "'g.32451.CDS.889'": "'997872.3.peg.1499'"
  },
  {
    "'g.32451.CDS.1152'": "'g.32451.CDS.1496'",
    "'g.32451.CDS.889'": "'g.32451.CDS.617'"
  },
  {
    "'g.32451.CDS.1152'": "'997872.3.peg.144'",
    "'g.32451.CDS.889'": "'g.32451.CDS.386'"
  },
  {
    "'g.32451.CDS.1152'": "'997872.3.peg.121'",
    "'g.32451.CDS.889'": "'g.32451.CDS.386'"
  },
  {
    "'g.32451.CDS.1152'": "'997872.3.peg.279'",
    "'g.32451.CDS.889'": "'g.32451.CDS.386'"
  },
  {
    "'g.32451.CDS.1152'": "'g.32451.CDS.1335'",
    "'g.32451.CDS.889'": "'g.32451.CDS.320'"
  },
  {
    "'g.32451.CDS.1152'": "'g.32451.CDS.702'",
    "'g.32451.CDS.889'": "'g.32451.CDS.461'"
  },
  {
    "'g.32451.CDS.1152'": "'g.32451.CDS.1163'",
    "'g.32451.CDS.889'": "'g.32451.CDS.224'"
  },
  {
    "'g.32451.CDS.1152'": "'g.32451.CDS.353'",
    "'g.32451.CDS.889'": "'g.32451.CDS.461'"
  },
  {
    "'g.32451.CDS.1152'": "'g.32451.CDS.229'",
    "'g.32451.CDS.889'": "'g.32451.CDS.696'"
  },
  {
    "'g.32451.CDS.1152'": "'997872.3.peg.284'",
    "'g.32451.CDS.889'": "'g.32451.CDS.386'"
  },
  {
    "'g.32451.CDS.1152'": "'997872.3.peg.282'",
    "'g.32451.CDS.889'": "'g.32451.CDS.386'"
  },
  {
    "'g.32451.CDS.1152'": "'997872.3.peg.1438'",
    "'g.32451.CDS.889'": "'g.32451.CDS.386'"
  },
  {
    "'g.32451.CDS.1152'": "'g.32451.CDS.386'",
    "'g.32451.CDS.889'": "'997872.3.peg.783'"
  },
  {
    "'g.32451.CDS.1152'": "'g.32451.CDS.386'",
    "'g.32451.CDS.889'": "'997872.3.peg.275'"
  },
  {
    "'g.32451.CDS.1152'": "'g.32451.CDS.386'",
    "'g.32451.CDS.889'": "'997872.3.peg.283'"
  },
  {
    "'g.32451.CDS.1152'": "'g.32451.CDS.386'",
    "'g.32451.CDS.889'": "'997872.3.peg.140'"
  },
  {
    "'g.32451.CDS.1152'": "'g.32451.CDS.386'",
    "'g.32451.CDS.889'": "'997872.3.peg.1289'"
  },
  {
    "'g.32451.CDS.1152'": "'g.32451.CDS.644'",
    "'g.32451.CDS.889'": "'g.32451.CDS.652'"
  },
  {
    "'g.32451.CDS.1152'": "'g.32451.CDS.1352'",
    "'g.32451.CDS.889'": "'g.32451.CDS.1370'"
  },
  {
    "'g.32451.CDS.1152'": "'g.32451.CDS.1366'",
    "'g.32451.CDS.889'": "'g.32451.CDS.1436'"
  },
  {
    "'g.32451.CDS.1152'": "'g.32451.CDS.445'",
    "'g.32451.CDS.889'": "'g.32451.CDS.47'"
  },
  {
    "'g.32451.CDS.1152'": "'g.32451.CDS.1004'",
    "'g.32451.CDS.889'": "'g.32451.CDS.878'"
  },
  {
    "'g.32451.CDS.1152'": "'g.32451.CDS.1056'",
    "'g.32451.CDS.889'": "'g.32451.CDS.821'"
  }
]