[
  {
    "'Unknown'": "'g.32451.CDS.1497'"
  },
  {
    "'Unknown'": "'997872.3.peg.398'"
  },
  {
    "'Unknown'": "'997872.3.peg.1496'"
  },
  {
    "'Unknown'": "'g.32451.CDS.671'"
  },
  {
    "'Unknown'": "'g.32451.CDS.531'"
  },
  {
    "'Unknown'": "'g.32451.CDS.710'"
  },
  {
    "'Unknown'": "'g.32451.CDS.77'"
  },
  {
    "'Unknown'": "'g.32451.CDS.918'"
  },
  {
    "'Unknown'": "'g.32451.CDS.129'"
  },
  {
    "'Unknown'": "'997872.3.peg.676'"
  },
  {
    "'Unknown'": "'g.32451.CDS.476'"
  },
  {
    "'Unknown'": "'g.32451.CDS.247'"
  },
  {
    "'Unknown'": "'g.32451.CDS.1000'"
  },
  {
    "'Unknown'": "'g.32451.CDS.832'"
  },
  {
    "'Unknown'": "'g.32451.CDS.209'"
  },
  {
    "'Unknown'": "'997872.3.peg.666'"
  },
  {
    "'Unknown'": "'997872.3.peg.792'"
  },
  {
    "'Unknown'": "'997872.3.peg.451'"
  },
  {
    "'Unknown'": "'g.32451.CDS.412'"
  },
  {
    "'Unknown'": "'g.32451.CDS.562'"
  },
  {
    "'Unknown'": "'g.32451.CDS.331'"
  },
  {
    "'Unknown'": "'g.32451.CDS.711'"
  },
  {
    "'Unknown'": "'997872.3.peg.328'"
  },
  {
    "'Unknown'": "'g.32451.CDS.148'"
  },
  {
    "'Unknown'": "'g.32451.CDS.896'"
  },
  {
    "'Unknown'": "'g.32451.CDS.384'"
  },
  {
    "'Unknown'": "'g.32451.CDS.469'"
  },
  {
    "'Unknown'": "'g.32451.CDS.678'"
  },
  {
    "'Unknown'": "'g.32451.CDS.641'"
  },
  {
    "'Unknown'": "'g.32451.CDS.1003'"
  },
  {
    "'Unknown'": "'g.32451.CDS.1094'"
  },
  {
    "'Unknown'": "'g.32451.CDS.1445'"
  },
  {
    "'Unknown'": "'g.32451.CDS.721'"
  },
  {
    "'Unknown'": "'g.32451.CDS.7'"
  },
  {
    "'Unknown'": "'997872.3.peg.965'"
  },
  {
    "'Unknown'": "'g.32451.CDS.3'"
  },
  {
    "'Unknown'": "'997872.3.peg.323'"
  },
  {
    "'Unknown'": "'997872.3.peg.867'"
  },
  {
    "'Unknown'": "'g.32451.CDS.196'"
  },
  {
    "'Unknown'": "'997872.3.peg.762'"
  },
  {
    "'Unknown'": "'997872.3.peg.278'"
  },
  {
    "'Unknown'": "'g.32451.CDS.956'"
  },
  {
    "'Unknown'": "'g.32451.CDS.890'"
  },
  {
    "'Unknown'": "'g.32451.CDS.929'"
  },
  {
    "'Unknown'": "'g.32451.CDS.825'"
  },
  {
    "'Unknown'": "'g.32451.CDS.1512'"
  },
  {
    "'Unknown'": "'g.32451.CDS.985'"
  },
  {
    "'Unknown'": "'g.32451.CDS.606'"
  },
  {
    "'Unknown'": "'g.32451.CDS.996'"
  },
  {
    "'Unknown'": "'g.32451.CDS.856'"
  },
  {
    "'Unknown'": "'g.32451.CDS.548'"
  },
  {
    "'Unknown'": "'g.32451.CDS.905'"
  },
  {
    "'Unknown'": "'g.32451.CDS.361'"
  },
  {
    "'Unknown'": "'g.32451.CDS.107'"
  },
  {
    "'Unknown'": "'997872.3.peg.891'"
  },
  {
    "'Unknown'": "'g.32451.CDS.1284'"
  },
  {
    "'Unknown'": "'g.32451.CDS.1108'"
  },
  {
    "'Unknown'": "'g.32451.CDS.1291'"
  },
  {
    "'Unknown'": "'g.32451.CDS.1341'"
  },
  {
    "'Unknown'": "'g.32451.CDS.1532'"
  },
  {
    "'Unknown'": "'g.32451.CDS.232'"
  },
  {
    "'Unknown'": "'g.32451.CDS.397'"
  },
  {
    "'Unknown'": "'g.32451.CDS.468'"
  },
  {
    "'Unknown'": "'g.32451.CDS.49'"
  },
  {
    "'Unknown'": "'g.32451.CDS.514'"
  },
  {
    "'Unknown'": "'g.32451.CDS.622'"
  },
  {
    "'Unknown'": "'g.32451.CDS.642'"
  },
  {
    "'Unknown'": "'g.32451.CDS.699'"
  },
  {
    "'Unknown'": "'g.32451.CDS.714'"
  },
  {
    "'Unknown'": "'g.32451.CDS.777'"
  },
  {
    "'Unknown'": "'g.32451.CDS.94'"
  },
  {
    "'Unknown'": "'g.32451.CDS.966'"
  },
  {
    "'Unknown'": "'g.32451.CDS.1001'"
  },
  {
    "'Unknown'": "'g.32451.CDS.105'"
  },
  {
    "'Unknown'": "'g.32451.CDS.106'"
  },
  {
    "'Unknown'": "'g.32451.CDS.1063'"
  },
  {
    "'Unknown'": "'g.32451.CDS.1158'"
  },
  {
    "'Unknown'": "'g.32451.CDS.1214'"
  },
  {
    "'Unknown'": "'g.32451.CDS.1274'"
  },
  {
    "'Unknown'": "'g.32451.CDS.130'"
  },
  {
    "'Unknown'": "'g.32451.CDS.1350'"
  },
  {
    "'Unknown'": "'g.32451.CDS.1437'"
  },
  {
    "'Unknown'": "'g.32451.CDS.144'"
  },
  {
    "'Unknown'": "'g.32451.CDS.1485'"
  },
  {
    "'Unknown'": "'g.32451.CDS.1500'"
  },
  {
    "'Unknown'": "'g.32451.CDS.1518'"
  },
  {
    "'Unknown'": "'g.32451.CDS.176'"
  },
  {
    "'Unknown'": "'g.32451.CDS.178'"
  },
  {
    "'Unknown'": "'g.32451.CDS.181'"
  },
  {
    "'Unknown'": "'g.32451.CDS.184'"
  },
  {
    "'Unknown'": "'g.32451.CDS.200'"
  },
  {
    "'Unknown'": "'g.32451.CDS.220'"
  },
  {
    "'Unknown'": "'g.32451.CDS.238'"
  },
  {
    "'Unknown'": "'g.32451.CDS.269'"
  },
  {
    "'Unknown'": "'g.32451.CDS.276'"
  },
  {
    "'Unknown'": "'g.32451.CDS.301'"
  },
  {
    "'Unknown'": "'g.32451.CDS.310'"
  },
  {
    "'Unknown'": "'g.32451.CDS.314'"
  },
  {
    "'Unknown'": "'g.32451.CDS.323'"
  },
  {
    "'Unknown'": "'g.32451.CDS.341'"
  },
  {
    "'Unknown'": "'g.32451.CDS.343'"
  },
  {
    "'Unknown'": "'g.32451.CDS.394'"
  },
  {
    "'Unknown'": "'g.32451.CDS.395'"
  },
  {
    "'Unknown'": "'g.32451.CDS.4'"
  },
  {
    "'Unknown'": "'g.32451.CDS.400'"
  },
  {
    "'Unknown'": "'g.32451.CDS.406'"
  },
  {
    "'Unknown'": "'g.32451.CDS.425'"
  },
  {
    "'Unknown'": "'g.32451.CDS.437'"
  },
  {
    "'Unknown'": "'g.32451.CDS.44'"
  },
  {
    "'Unknown'": "'g.32451.CDS.448'"
  },
  {
    "'Unknown'": "'g.32451.CDS.470'"
  },
  {
    "'Unknown'": "'g.32451.CDS.539'"
  },
  {
    "'Unknown'": "'g.32451.CDS.550'"
  },
  {
    "'Unknown'": "'g.32451.CDS.555'"
  },
  {
    "'Unknown'": "'g.32451.CDS.559'"
  },
  {
    "'Unknown'": "'g.32451.CDS.566'"
  },
  {
    "'Unknown'": "'g.32451.CDS.574'"
  },
  {
    "'Unknown'": "'g.32451.CDS.575'"
  },
  {
    "'Unknown'": "'g.32451.CDS.591'"
  },
  {
    "'Unknown'": "'g.32451.CDS.603'"
  },
  {
    "'Unknown'": "'g.32451.CDS.609'"
  },
  {
    "'Unknown'": "'g.32451.CDS.615'"
  },
  {
    "'Unknown'": "'g.32451.CDS.631'"
  },
  {
    "'Unknown'": "'g.32451.CDS.636'"
  },
  {
    "'Unknown'": "'g.32451.CDS.654'"
  },
  {
    "'Unknown'": "'g.32451.CDS.655'"
  },
  {
    "'Unknown'": "'g.32451.CDS.656'"
  },
  {
    "'Unknown'": "'g.32451.CDS.66'"
  },
  {
    "'Unknown'": "'g.32451.CDS.685'"
  },
  {
    "'Unknown'": "'g.32451.CDS.716'"
  },
  {
    "'Unknown'": "'g.32451.CDS.740'"
  },
  {
    "'Unknown'": "'g.32451.CDS.745'"
  },
  {
    "'Unknown'": "'g.32451.CDS.755'"
  },
  {
    "'Unknown'": "'g.32451.CDS.775'"
  },
  {
    "'Unknown'": "'g.32451.CDS.808'"
  },
  {
    "'Unknown'": "'g.32451.CDS.881'"
  },
  {
    "'Unknown'": "'g.32451.CDS.887'"
  },
  {
    "'Unknown'": "'g.32451.CDS.899'"
  },
  {
    "'Unknown'": "'g.32451.CDS.915'"
  },
  {
    "'Unknown'": "'g.32451.CDS.928'"
  },
  {
    "'Unknown'": "'g.32451.CDS.936'"
  },
  {
    "'Unknown'": "'g.32451.CDS.960'"
  },
  {
    "'Unknown'": "'g.32451.CDS.973'"
  },
  {
    "'Unknown'": "'g.32451.CDS.978'"
  },
  {
    "'Unknown'": "'g.32451.CDS.147'"
  },
  {
    "'Unknown'": "'g.32451.CDS.141'"
  },
  {
    "'Unknown'": "'g.32451.CDS.164'"
  },
  {
    "'Unknown'": "'g.32451.CDS.410'"
  },
  {
    "'Unknown'": "'g.32451.CDS.428'"
  },
  {
    "'Unknown'": "'g.32451.CDS.512'"
  },
  {
    "'Unknown'": "'g.32451.CDS.55'"
  },
  {
    "'Unknown'": "'g.32451.CDS.854'"
  },
  {
    "'Unknown'": "'g.32451.CDS.920'"
  },
  {
    "'Unknown'": "'g.32451.CDS.987'"
  }
]