Rv3784,Rv3468c,Rv3464
Rv1448c,Rv0489,Rv1438
Rv1448c,Rv1437,Rv1438
Rv1448c,Rv0946c,Rv1099c
Rv1448c,Rv0946c,Rv0363c
Rv1448c,Rv1438,Rv1436
Rv1448c,Rv1438,Rv1023
Rv3316,Rv1623c,Rv1552
Rv3316,Rv1623c,Rv1555
Rv3316,Rv1623c,Rv1554
Rv3316,Rv1623c,Rv1553
Rv3316,Rv1621c,Rv1552
Rv3316,Rv1621c,Rv1555
Rv3316,Rv1621c,Rv1554
Rv3316,Rv1621c,Rv1553
Rv3316,Rv1620c,Rv1552
Rv3316,Rv1620c,Rv1555
Rv3316,Rv1620c,Rv1554
Rv3316,Rv1620c,Rv1553
Rv3316,Rv1622c,Rv1552
Rv3316,Rv1622c,Rv1555
Rv3316,Rv1622c,Rv1554
Rv3316,Rv1622c,Rv1553
Rv3317,Rv1623c,Rv1552
Rv3317,Rv1623c,Rv1555
Rv3317,Rv1623c,Rv1554
Rv3317,Rv1623c,Rv1553
Rv3317,Rv1621c,Rv1552
Rv3317,Rv1621c,Rv1555
Rv3317,Rv1621c,Rv1554
Rv3317,Rv1621c,Rv1553
Rv3317,Rv1620c,Rv1552
Rv3317,Rv1620c,Rv1555
Rv3317,Rv1620c,Rv1554
Rv3317,Rv1620c,Rv1553
Rv3317,Rv1622c,Rv1552
Rv3317,Rv1622c,Rv1555
Rv3317,Rv1622c,Rv1554
Rv3317,Rv1622c,Rv1553
Rv3318,Rv1623c,Rv1552
Rv3318,Rv1623c,Rv1555
Rv3318,Rv1623c,Rv1554
Rv3318,Rv1623c,Rv1553
Rv3318,Rv1621c,Rv1552
Rv3318,Rv1621c,Rv1555
Rv3318,Rv1621c,Rv1554
Rv3318,Rv1621c,Rv1553
Rv3318,Rv1620c,Rv1552
Rv3318,Rv1620c,Rv1555
Rv3318,Rv1620c,Rv1554
Rv3318,Rv1620c,Rv1553
Rv3318,Rv1622c,Rv1552
Rv3318,Rv1622c,Rv1555
Rv3318,Rv1622c,Rv1554
Rv3318,Rv1622c,Rv1553
Rv0234c,Rv1731,Rv2920c
Rv1408,Rv0489,Rv1438
Rv1408,Rv0946c,Rv1099c
Rv1408,Rv0946c,Rv0363c
Rv1408,Rv1438,Rv1023
Rv1408,Rv1122,Rv1844c
Rv1408,Rv1121,Rv1447c
Rv1236,Rv2702,Rv2471
Rv1236,Rv2702,Rv0126
Rv1236,Rv0489,Rv1438
Rv1236,Rv0489,Rv3696c
Rv1236,Rv1437,Rv1438
Rv1236,Rv1437,Rv3696c
Rv1236,Rv1438,Rv3696c
Rv1236,Rv1438,Rv1436
Rv1236,Rv1438,Rv1023
Rv1236,Rv3696c,Rv1436
Rv1236,Rv3696c,Rv1023
Rv1238,Rv2702,Rv2471
Rv1238,Rv2702,Rv0126
Rv1238,Rv0489,Rv1438
Rv1238,Rv0489,Rv3696c
Rv1238,Rv1437,Rv1438
Rv1238,Rv1437,Rv3696c
Rv1238,Rv1438,Rv3696c
Rv1238,Rv1438,Rv1436
Rv1238,Rv1438,Rv1023
Rv1238,Rv3696c,Rv1436
Rv1238,Rv3696c,Rv1023
Rv1237,Rv2702,Rv2471
Rv1237,Rv2702,Rv0126
Rv1237,Rv0489,Rv1438
Rv1237,Rv0489,Rv3696c
Rv1237,Rv1437,Rv1438
Rv1237,Rv1437,Rv3696c
Rv1237,Rv1438,Rv3696c
Rv1237,Rv1438,Rv1436
Rv1237,Rv1438,Rv1023
Rv1237,Rv3696c,Rv1436
Rv1237,Rv3696c,Rv1023
Rv1902c,Rv1437,Rv1306
Rv1902c,Rv1437,Rv1311
Rv1902c,Rv1437,Rv1310
Rv1902c,Rv1437,Rv1309
Rv1902c,Rv1437,Rv1307
Rv1902c,Rv1437,Rv1308
Rv1902c,Rv1437,Rv1305
Rv1902c,Rv1437,Rv1304
Rv1902c,Rv1436,Rv1306
Rv1902c,Rv1436,Rv1311
Rv1902c,Rv1436,Rv1310
Rv1902c,Rv1436,Rv1309
Rv1902c,Rv1436,Rv1307
Rv1902c,Rv1436,Rv1308
Rv1902c,Rv1436,Rv1305
Rv1902c,Rv1436,Rv1304
Rv3307,Rv2202c,Rv3313c
Rv0408,Rv3667,Rv1475c
Rv2702,Rv0946c,Rv0650
Rv2702,Rv0650,Rv1099c
Rv2702,Rv0650,Rv0363c
Rv1127c,Rv0211,Rv0489
Rv1127c,Rv0211,Rv1437
Rv1127c,Rv0211,Rv1436
Rv1127c,Rv0211,Rv1023
Rv0211,Rv1437,Rv2332
Rv0211,Rv2332,Rv1436
Rv3308,Rv3257c,Rv3441c
Rv0545c,Rv0820,Rv0936
Rv2281,Rv0820,Rv0936
Rv0489,Rv1445c,Rv1438
Rv0489,Rv0946c,Rv1438
Rv1445c,Rv1437,Rv1438
Rv1445c,Rv0946c,Rv1099c
Rv1445c,Rv0946c,Rv0363c
Rv1445c,Rv1438,Rv1436
Rv1445c,Rv1438,Rv1023
Rv1437,Rv1240,Rv1306
Rv1437,Rv1240,Rv1311
Rv1437,Rv1240,Rv1310
Rv1437,Rv1240,Rv1309
Rv1437,Rv1240,Rv1307
Rv1437,Rv1240,Rv1308
Rv1437,Rv1240,Rv1305
Rv1437,Rv1240,Rv1304
Rv1437,Rv0191,Rv1306
Rv1437,Rv0191,Rv1311
Rv1437,Rv0191,Rv1310
Rv1437,Rv0191,Rv1309
Rv1437,Rv0191,Rv1307
Rv1437,Rv0191,Rv1308
Rv1437,Rv0191,Rv1305
Rv1437,Rv0191,Rv1304
Rv1437,Rv1098c,Rv1306
Rv1437,Rv1098c,Rv1311
Rv1437,Rv1098c,Rv1310
Rv1437,Rv1098c,Rv1309
Rv1437,Rv1098c,Rv1307
Rv1437,Rv1098c,Rv1308
Rv1437,Rv1098c,Rv1305
Rv1437,Rv1098c,Rv1304
Rv1437,Rv2920c,Rv1306
Rv1437,Rv2920c,Rv1311
Rv1437,Rv2920c,Rv1310
Rv1437,Rv2920c,Rv1309
Rv1437,Rv2920c,Rv1307
Rv1437,Rv2920c,Rv1308
Rv1437,Rv2920c,Rv1305
Rv1437,Rv2920c,Rv1304
Rv1437,Rv1623c,Rv1306
Rv1437,Rv1623c,Rv1311
Rv1437,Rv1623c,Rv1310
Rv1437,Rv1623c,Rv1309
Rv1437,Rv1623c,Rv1307
Rv1437,Rv1623c,Rv1308
Rv1437,Rv1623c,Rv1305
Rv1437,Rv1623c,Rv1304
Rv1437,Rv1621c,Rv1306
Rv1437,Rv1621c,Rv1311
Rv1437,Rv1621c,Rv1310
Rv1437,Rv1621c,Rv1309
Rv1437,Rv1621c,Rv1307
Rv1437,Rv1621c,Rv1308
Rv1437,Rv1621c,Rv1305
Rv1437,Rv1621c,Rv1304
Rv1437,Rv1620c,Rv1306
Rv1437,Rv1620c,Rv1311
Rv1437,Rv1620c,Rv1310
Rv1437,Rv1620c,Rv1309
Rv1437,Rv1620c,Rv1307
Rv1437,Rv1620c,Rv1308
Rv1437,Rv1620c,Rv1305
Rv1437,Rv1620c,Rv1304
Rv1437,Rv1622c,Rv1306
Rv1437,Rv1622c,Rv1311
Rv1437,Rv1622c,Rv1310
Rv1437,Rv1622c,Rv1309
Rv1437,Rv1622c,Rv1307
Rv1437,Rv1622c,Rv1308
Rv1437,Rv1622c,Rv1305
Rv1437,Rv1622c,Rv1304
Rv1437,Rv1306,Rv1552
Rv1437,Rv1306,Rv1555
Rv1437,Rv1306,Rv1554
Rv1437,Rv1306,Rv1553
Rv1437,Rv1311,Rv1552
Rv1437,Rv1311,Rv1555
Rv1437,Rv1311,Rv1554
Rv1437,Rv1311,Rv1553
Rv1437,Rv1310,Rv1552
Rv1437,Rv1310,Rv1555
Rv1437,Rv1310,Rv1554
Rv1437,Rv1310,Rv1553
Rv1437,Rv1309,Rv1552
Rv1437,Rv1309,Rv1555
Rv1437,Rv1309,Rv1554
Rv1437,Rv1309,Rv1553
Rv1437,Rv1307,Rv1552
Rv1437,Rv1307,Rv1555
Rv1437,Rv1307,Rv1554
Rv1437,Rv1307,Rv1553
Rv1437,Rv1308,Rv1552
Rv1437,Rv1308,Rv1555
Rv1437,Rv1308,Rv1554
Rv1437,Rv1308,Rv1553
Rv1437,Rv1305,Rv1552
Rv1437,Rv1305,Rv1555
Rv1437,Rv1305,Rv1554
Rv1437,Rv1305,Rv1553
Rv1437,Rv1304,Rv1552
Rv1437,Rv1304,Rv1555
Rv1437,Rv1304,Rv1554
Rv1437,Rv1304,Rv1553
Rv0946c,Rv1438,Rv1023
Rv2029c,Rv1438,Rv3696c
Rv3010c,Rv1438,Rv3696c
Rv1240,Rv1436,Rv1306
Rv1240,Rv1436,Rv1311
Rv1240,Rv1436,Rv1310
Rv1240,Rv1436,Rv1309
Rv1240,Rv1436,Rv1307
Rv1240,Rv1436,Rv1308
Rv1240,Rv1436,Rv1305
Rv1240,Rv1436,Rv1304
Rv0501,Rv0536,Rv3634c
Rv1438,Rv3696c,Rv0363c
Rv0191,Rv1436,Rv1306
Rv0191,Rv1436,Rv1311
Rv0191,Rv1436,Rv1310
Rv0191,Rv1436,Rv1309
Rv0191,Rv1436,Rv1307
Rv0191,Rv1436,Rv1308
Rv0191,Rv1436,Rv1305
Rv0191,Rv1436,Rv1304
Rv1600,Rv3772,Rv2231c
Rv3432c,Rv1248c,Rv2920c
Rv1436,Rv1098c,Rv1306
Rv1436,Rv1098c,Rv1311
Rv1436,Rv1098c,Rv1310
Rv1436,Rv1098c,Rv1309
Rv1436,Rv1098c,Rv1307
Rv1436,Rv1098c,Rv1308
Rv1436,Rv1098c,Rv1305
Rv1436,Rv1098c,Rv1304
Rv1436,Rv2920c,Rv1306
Rv1436,Rv2920c,Rv1311
Rv1436,Rv2920c,Rv1310
Rv1436,Rv2920c,Rv1309
Rv1436,Rv2920c,Rv1307
Rv1436,Rv2920c,Rv1308
Rv1436,Rv2920c,Rv1305
Rv1436,Rv2920c,Rv1304
Rv1436,Rv1623c,Rv1306
Rv1436,Rv1623c,Rv1311
Rv1436,Rv1623c,Rv1310
Rv1436,Rv1623c,Rv1309
Rv1436,Rv1623c,Rv1307
Rv1436,Rv1623c,Rv1308
Rv1436,Rv1623c,Rv1305
Rv1436,Rv1623c,Rv1304
Rv1436,Rv1621c,Rv1306
Rv1436,Rv1621c,Rv1311
Rv1436,Rv1621c,Rv1310
Rv1436,Rv1621c,Rv1309
Rv1436,Rv1621c,Rv1307
Rv1436,Rv1621c,Rv1308
Rv1436,Rv1621c,Rv1305
Rv1436,Rv1621c,Rv1304
Rv1436,Rv1620c,Rv1306
Rv1436,Rv1620c,Rv1311
Rv1436,Rv1620c,Rv1310
Rv1436,Rv1620c,Rv1309
Rv1436,Rv1620c,Rv1307
Rv1436,Rv1620c,Rv1308
Rv1436,Rv1620c,Rv1305
Rv1436,Rv1620c,Rv1304
Rv1436,Rv1622c,Rv1306
Rv1436,Rv1622c,Rv1311
Rv1436,Rv1622c,Rv1310
Rv1436,Rv1622c,Rv1309
Rv1436,Rv1622c,Rv1307
Rv1436,Rv1622c,Rv1308
Rv1436,Rv1622c,Rv1305
Rv1436,Rv1622c,Rv1304
Rv1436,Rv1306,Rv1552
Rv1436,Rv1306,Rv1555
Rv1436,Rv1306,Rv1554
Rv1436,Rv1306,Rv1553
Rv1436,Rv1311,Rv1552
Rv1436,Rv1311,Rv1555
Rv1436,Rv1311,Rv1554
Rv1436,Rv1311,Rv1553
Rv1436,Rv1310,Rv1552
Rv1436,Rv1310,Rv1555
Rv1436,Rv1310,Rv1554
Rv1436,Rv1310,Rv1553
Rv1436,Rv1309,Rv1552
Rv1436,Rv1309,Rv1555
Rv1436,Rv1309,Rv1554
Rv1436,Rv1309,Rv1553
Rv1436,Rv1307,Rv1552
Rv1436,Rv1307,Rv1555
Rv1436,Rv1307,Rv1554
Rv1436,Rv1307,Rv1553
Rv1436,Rv1308,Rv1552
Rv1436,Rv1308,Rv1555
Rv1436,Rv1308,Rv1554
Rv1436,Rv1308,Rv1553
Rv1436,Rv1305,Rv1552
Rv1436,Rv1305,Rv1555
Rv1436,Rv1305,Rv1554
Rv1436,Rv1305,Rv1553
Rv1436,Rv1304,Rv1552
Rv1436,Rv1304,Rv1555
Rv1436,Rv1304,Rv1554
Rv1436,Rv1304,Rv1553
Rv2334,Rv1336,Rv0848
Rv3667,Rv1475c,Rv0409
