[
  {
    "'23DHMPO'": "'23DHMPO'",
    "'EX_ile_L(e)'": "'ILETA'",
    "'KARA2'": "'KARA2'"
  },
  {
    "'23DHMPO'": "'2AHBUTI'",
    "'EX_ile_L(e)'": "'EX_ile_L(e)'",
    "'KARA2'": "'KARA2'"
  },
  {
    "'23DHMPO'": "'2AHBUTI'",
    "'EX_ile_L(e)'": "'ILETA'",
    "'KARA2'": "'KARA2'"
  },
  {
    "'23DHMPO'": "'3HAD140'",
    "'EX_ile_L(e)'": "'TTDCAt2'",
    "'KARA2'": "'TTDCAtr'"
  },
  {
    "'23DHMPO'": "'3HAD160'",
    "'EX_ile_L(e)'": "'EX_ocdca(e)'",
    "'KARA2'": "'FACOAL160'"
  },
  {
    "'23DHMPO'": "'3HAD160'",
    "'EX_ile_L(e)'": "'EX_ocdca(e)'",
    "'KARA2'": "'PMTCOATA'"
  },
  {
    "'23DHMPO'": "'3HAD160'",
    "'EX_ile_L(e)'": "'FACOAL160'",
    "'KARA2'": "'FACOAL180'"
  },
  {
    "'23DHMPO'": "'3HAD160'",
    "'EX_ile_L(e)'": "'FACOAL180'",
    "'KARA2'": "'PMTCOATA'"
  },
  {
    "'23DHMPO'": "'3HAD180'",
    "'EX_ile_L(e)'": "'ACOAAGPAT180'",
    "'KARA2'": "'STCOATA'"
  },
  {
    "'23DHMPO'": "'3HAD180'",
    "'EX_ile_L(e)'": "'OCDCAt2'",
    "'KARA2'": "'OCDCAtr'"
  },
  {
    "'23DHMPO'": "'3HAD180'",
    "'EX_ile_L(e)'": "'SGAT'",
    "'KARA2'": "'STCOATA'"
  },
  {
    "'23DHMPO'": "'3OAR180'",
    "'EX_ile_L(e)'": "'ACOAAGPAT180'",
    "'KARA2'": "'STCOATA'"
  },
  {
    "'23DHMPO'": "'3OAR180'",
    "'EX_ile_L(e)'": "'OCDCAt2'",
    "'KARA2'": "'OCDCAtr'"
  },
  {
    "'23DHMPO'": "'3OAR180'",
    "'EX_ile_L(e)'": "'SGAT'",
    "'KARA2'": "'STCOATA'"
  },
  {
    "'23DHMPO'": "'3OAS180'",
    "'EX_ile_L(e)'": "'ACOAAGPAT180'",
    "'KARA2'": "'STCOATA'"
  },
  {
    "'23DHMPO'": "'3OAS180'",
    "'EX_ile_L(e)'": "'OCDCAt2'",
    "'KARA2'": "'OCDCAtr'"
  },
  {
    "'23DHMPO'": "'3OAS180'",
    "'EX_ile_L(e)'": "'SGAT'",
    "'KARA2'": "'STCOATA'"
  },
  {
    "'23DHMPO'": "'5DOAN'",
    "'EX_ile_L(e)'": "'CPPPGO'",
    "'KARA2'": "'DM_dad_5'"
  },
  {
    "'23DHMPO'": "'5DOAN'",
    "'EX_ile_L(e)'": "'DM_dad_5'",
    "'KARA2'": "'EX_o2(e)'"
  },
  {
    "'23DHMPO'": "'5DOAN'",
    "'EX_ile_L(e)'": "'DM_dad_5'",
    "'KARA2'": "'O2t'"
  },
  {
    "'23DHMPO'": "'5MTAte'",
    "'EX_ile_L(e)'": "'EX_spmd(e)'",
    "'KARA2'": "'MTAN'"
  },
  {
    "'23DHMPO'": "'5MTAte'",
    "'EX_ile_L(e)'": "'MTAN'",
    "'KARA2'": "'SPMDabc'"
  },
  {
    "'23DHMPO'": "'ACGK'",
    "'EX_ile_L(e)'": "'EX_arg_L(e)'",
    "'KARA2'": "'EX_orn(e)'"
  },
  {
    "'23DHMPO'": "'ACHBPL'",
    "'EX_ile_L(e)'": "'ILEabc'",
    "'KARA2'": "'ILEt2r'"
  },
  {
    "'23DHMPO'": "'ACHBPL'",
    "'EX_ile_L(e)'": "'METS'",
    "'KARA2'": "'OBTFL'"
  },
  {
    "'23DHMPO'": "'ACLS_b'",
    "'EX_ile_L(e)'": "'VALabc'",
    "'KARA2'": "'VALt2r'"
  },
  {
    "'23DHMPO'": "'ACOAAGPAT180'",
    "'EX_ile_L(e)'": "'EAR180x'",
    "'KARA2'": "'STCOATA'"
  },
  {
    "'23DHMPO'": "'ACOTA'",
    "'EX_ile_L(e)'": "'EX_arg_L(e)'",
    "'KARA2'": "'EX_orn(e)'"
  },
  {
    "'23DHMPO'": "'ADK5'",
    "'EX_ile_L(e)'": "'NDPK3'",
    "'KARA2'": "'UMPK'"
  },
  {
    "'23DHMPO'": "'ADK8'",
    "'EX_ile_L(e)'": "'NDPK7'",
    "'KARA2'": "'RNTR3'"
  },
  {
    "'23DHMPO'": "'ADK9'",
    "'EX_ile_L(e)'": "'NDPK5'",
    "'KARA2'": "'RNTR2'"
  },
  {
    "'23DHMPO'": "'ADPT'",
    "'EX_ile_L(e)'": "'PUNP1'",
    "'KARA2'": "'PUNP2'"
  },
  {
    "'23DHMPO'": "'AGDC'",
    "'EX_ile_L(e)'": "'EX_gam(e)'",
    "'KARA2'": "'GF6PTA'"
  },
  {
    "'23DHMPO'": "'AGMT'",
    "'EX_ile_L(e)'": "'EX_ptrc(e)'",
    "'KARA2'": "'ORNDC'"
  },
  {
    "'23DHMPO'": "'AGPAT180'",
    "'EX_ile_L(e)'": "'FACOAL180'",
    "'KARA2'": "'STCOATA'"
  },
  {
    "'23DHMPO'": "'AGPR'",
    "'EX_ile_L(e)'": "'EX_arg_L(e)'",
    "'KARA2'": "'EX_orn(e)'"
  },
  {
    "'23DHMPO'": "'AHMMPS'",
    "'EX_ile_L(e)'": "'AMPMS2'",
    "'KARA2'": "'EX_thm(e)'"
  },
  {
    "'23DHMPO'": "'AHMMPS'",
    "'EX_ile_L(e)'": "'AMPMS2'",
    "'KARA2'": "'THMabc'"
  },
  {
    "'23DHMPO'": "'AHMMPS'",
    "'EX_ile_L(e)'": "'EX_fe3(e)'",
    "'KARA2'": "'EX_o2(e)'"
  },
  {
    "'23DHMPO'": "'AHMMPS'",
    "'EX_ile_L(e)'": "'EX_fe3(e)'",
    "'KARA2'": "'O2t'"
  },
  {
    "'23DHMPO'": "'AICART'",
    "'EX_ile_L(e)'": "'ALAHIS1c'",
    "'KARA2'": "'EX_his_L(e)'"
  },
  {
    "'23DHMPO'": "'AICART'",
    "'EX_ile_L(e)'": "'ALAHIS1c'",
    "'KARA2'": "'HISabc'"
  },
  {
    "'23DHMPO'": "'AICART'",
    "'EX_ile_L(e)'": "'ALAHISabc'",
    "'KARA2'": "'EX_his_L(e)'"
  },
  {
    "'23DHMPO'": "'AICART'",
    "'EX_ile_L(e)'": "'ALAHISabc'",
    "'KARA2'": "'HISabc'"
  },
  {
    "'23DHMPO'": "'AICART'",
    "'EX_ile_L(e)'": "'EX_alahis(e)'",
    "'KARA2'": "'EX_his_L(e)'"
  },
  {
    "'23DHMPO'": "'AICART'",
    "'EX_ile_L(e)'": "'EX_alahis(e)'",
    "'KARA2'": "'HISabc'"
  },
  {
    "'23DHMPO'": "'ALACI'",
    "'EX_ile_L(e)'": "'EX_val_L(e)'",
    "'KARA2'": "'KARA1'"
  },
  {
    "'23DHMPO'": "'ALAHIS1c'",
    "'EX_ile_L(e)'": "'ATPPRT'",
    "'KARA2'": "'EX_his_L(e)'"
  },
  {
    "'23DHMPO'": "'ALAHIS1c'",
    "'EX_ile_L(e)'": "'ATPPRT'",
    "'KARA2'": "'HISabc'"
  },
  {
    "'23DHMPO'": "'ALAHIS1c'",
    "'EX_ile_L(e)'": "'EX_his_L(e)'",
    "'KARA2'": "'HISTP'"
  },
  {
    "'23DHMPO'": "'ALAHIS1c'",
    "'EX_ile_L(e)'": "'EX_his_L(e)'",
    "'KARA2'": "'HSTPTr'"
  },
  {
    "'23DHMPO'": "'ALAHIS1c'",
    "'EX_ile_L(e)'": "'EX_his_L(e)'",
    "'KARA2'": "'IG3PS'"
  },
  {
    "'23DHMPO'": "'ALAHIS1c'",
    "'EX_ile_L(e)'": "'EX_his_L(e)'",
    "'KARA2'": "'IGPDH'"
  },
  {
    "'23DHMPO'": "'ALAHIS1c'",
    "'EX_ile_L(e)'": "'EX_his_L(e)'",
    "'KARA2'": "'IMPC'"
  },
  {
    "'23DHMPO'": "'ALAHIS1c'",
    "'EX_ile_L(e)'": "'EX_his_L(e)'",
    "'KARA2'": "'PRAMPC'"
  },
  {
    "'23DHMPO'": "'ALAHIS1c'",
    "'EX_ile_L(e)'": "'EX_his_L(e)'",
    "'KARA2'": "'PRATPP'"
  },
  {
    "'23DHMPO'": "'ALAHIS1c'",
    "'EX_ile_L(e)'": "'EX_his_L(e)'",
    "'KARA2'": "'PRMICI'"
  },
  {
    "'23DHMPO'": "'ALAHIS1c'",
    "'EX_ile_L(e)'": "'HISTP'",
    "'KARA2'": "'HISabc'"
  },
  {
    "'23DHMPO'": "'ALAHIS1c'",
    "'EX_ile_L(e)'": "'HISabc'",
    "'KARA2'": "'HSTPTr'"
  },
  {
    "'23DHMPO'": "'ALAHIS1c'",
    "'EX_ile_L(e)'": "'HISabc'",
    "'KARA2'": "'IG3PS'"
  },
  {
    "'23DHMPO'": "'ALAHIS1c'",
    "'EX_ile_L(e)'": "'HISabc'",
    "'KARA2'": "'IGPDH'"
  },
  {
    "'23DHMPO'": "'ALAHIS1c'",
    "'EX_ile_L(e)'": "'HISabc'",
    "'KARA2'": "'IMPC'"
  },
  {
    "'23DHMPO'": "'ALAHIS1c'",
    "'EX_ile_L(e)'": "'HISabc'",
    "'KARA2'": "'PRAMPC'"
  },
  {
    "'23DHMPO'": "'ALAHIS1c'",
    "'EX_ile_L(e)'": "'HISabc'",
    "'KARA2'": "'PRATPP'"
  },
  {
    "'23DHMPO'": "'ALAHIS1c'",
    "'EX_ile_L(e)'": "'HISabc'",
    "'KARA2'": "'PRMICI'"
  },
  {
    "'23DHMPO'": "'ALAHISabc'",
    "'EX_ile_L(e)'": "'ATPPRT'",
    "'KARA2'": "'EX_his_L(e)'"
  },
  {
    "'23DHMPO'": "'ALAHISabc'",
    "'EX_ile_L(e)'": "'ATPPRT'",
    "'KARA2'": "'HISabc'"
  },
  {
    "'23DHMPO'": "'ALAHISabc'",
    "'EX_ile_L(e)'": "'EX_his_L(e)'",
    "'KARA2'": "'HISTP'"
  },
  {
    "'23DHMPO'": "'ALAHISabc'",
    "'EX_ile_L(e)'": "'EX_his_L(e)'",
    "'KARA2'": "'HSTPTr'"
  },
  {
    "'23DHMPO'": "'ALAHISabc'",
    "'EX_ile_L(e)'": "'EX_his_L(e)'",
    "'KARA2'": "'IG3PS'"
  },
  {
    "'23DHMPO'": "'ALAHISabc'",
    "'EX_ile_L(e)'": "'EX_his_L(e)'",
    "'KARA2'": "'IGPDH'"
  },
  {
    "'23DHMPO'": "'ALAHISabc'",
    "'EX_ile_L(e)'": "'EX_his_L(e)'",
    "'KARA2'": "'IMPC'"
  },
  {
    "'23DHMPO'": "'ALAHISabc'",
    "'EX_ile_L(e)'": "'EX_his_L(e)'",
    "'KARA2'": "'PRAMPC'"
  },
  {
    "'23DHMPO'": "'ALAHISabc'",
    "'EX_ile_L(e)'": "'EX_his_L(e)'",
    "'KARA2'": "'PRATPP'"
  },
  {
    "'23DHMPO'": "'ALAHISabc'",
    "'EX_ile_L(e)'": "'EX_his_L(e)'",
    "'KARA2'": "'PRMICI'"
  },
  {
    "'23DHMPO'": "'ALAHISabc'",
    "'EX_ile_L(e)'": "'HISTP'",
    "'KARA2'": "'HISabc'"
  },
  {
    "'23DHMPO'": "'ALAHISabc'",
    "'EX_ile_L(e)'": "'HISabc'",
    "'KARA2'": "'HSTPTr'"
  },
  {
    "'23DHMPO'": "'ALAHISabc'",
    "'EX_ile_L(e)'": "'HISabc'",
    "'KARA2'": "'IG3PS'"
  },
  {
    "'23DHMPO'": "'ALAHISabc'",
    "'EX_ile_L(e)'": "'HISabc'",
    "'KARA2'": "'IGPDH'"
  },
  {
    "'23DHMPO'": "'ALAHISabc'",
    "'EX_ile_L(e)'": "'HISabc'",
    "'KARA2'": "'IMPC'"
  },
  {
    "'23DHMPO'": "'ALAHISabc'",
    "'EX_ile_L(e)'": "'HISabc'",
    "'KARA2'": "'PRAMPC'"
  },
  {
    "'23DHMPO'": "'ALAHISabc'",
    "'EX_ile_L(e)'": "'HISabc'",
    "'KARA2'": "'PRATPP'"
  },
  {
    "'23DHMPO'": "'ALAHISabc'",
    "'EX_ile_L(e)'": "'HISabc'",
    "'KARA2'": "'PRMICI'"
  },
  {
    "'23DHMPO'": "'ALATHR1c'",
    "'EX_ile_L(e)'": "'EX_thr_L(e)'",
    "'KARA2'": "'HSK'"
  },
  {
    "'23DHMPO'": "'ALATHR1c'",
    "'EX_ile_L(e)'": "'EX_thr_L(e)'",
    "'KARA2'": "'THRS'"
  },
  {
    "'23DHMPO'": "'ALATHR1c'",
    "'EX_ile_L(e)'": "'HSK'",
    "'KARA2'": "'THRt2r'"
  },
  {
    "'23DHMPO'": "'ALATHR1c'",
    "'EX_ile_L(e)'": "'THRS'",
    "'KARA2'": "'THRt2r'"
  },
  {
    "'23DHMPO'": "'ALATHRabc'",
    "'EX_ile_L(e)'": "'EX_thr_L(e)'",
    "'KARA2'": "'HSK'"
  },
  {
    "'23DHMPO'": "'ALATHRabc'",
    "'EX_ile_L(e)'": "'EX_thr_L(e)'",
    "'KARA2'": "'THRS'"
  },
  {
    "'23DHMPO'": "'ALATHRabc'",
    "'EX_ile_L(e)'": "'HSK'",
    "'KARA2'": "'THRt2r'"
  },
  {
    "'23DHMPO'": "'ALATHRabc'",
    "'EX_ile_L(e)'": "'THRS'",
    "'KARA2'": "'THRt2r'"
  },
  {
    "'23DHMPO'": "'AMPMS2'",
    "'EX_ile_L(e)'": "'EX_thm(e)'",
    "'KARA2'": "'HMPK1'"
  },
  {
    "'23DHMPO'": "'AMPMS2'",
    "'EX_ile_L(e)'": "'HMPK1'",
    "'KARA2'": "'THMabc'"
  },
  {
    "'23DHMPO'": "'ANPRT'",
    "'EX_ile_L(e)'": "'EX_indole(e)'",
    "'KARA2'": "'EX_trp_L(e)'"
  },
  {
    "'23DHMPO'": "'ANPRT'",
    "'EX_ile_L(e)'": "'EX_indole(e)'",
    "'KARA2'": "'TRPt2r'"
  },
  {
    "'23DHMPO'": "'ANPRT'",
    "'EX_ile_L(e)'": "'EX_trp_L(e)'",
    "'KARA2'": "'INDOLEt2r'"
  },
  {
    "'23DHMPO'": "'ANPRT'",
    "'EX_ile_L(e)'": "'EX_trp_L(e)'",
    "'KARA2'": "'TRPS2'"
  },
  {
    "'23DHMPO'": "'ANPRT'",
    "'EX_ile_L(e)'": "'INDOLEt2r'",
    "'KARA2'": "'TRPt2r'"
  },
  {
    "'23DHMPO'": "'ANPRT'",
    "'EX_ile_L(e)'": "'TRPS2'",
    "'KARA2'": "'TRPt2r'"
  },
  {
    "'23DHMPO'": "'ARGDC'",
    "'EX_ile_L(e)'": "'EX_ptrc(e)'",
    "'KARA2'": "'ORNDC'"
  },
  {
    "'23DHMPO'": "'ASPO5'",
    "'EX_ile_L(e)'": "'ASPO6'",
    "'KARA2'": "'NAPRT'"
  },
  {
    "'23DHMPO'": "'ATPPRT'",
    "'EX_ile_L(e)'": "'EX_alahis(e)'",
    "'KARA2'": "'EX_his_L(e)'"
  },
  {
    "'23DHMPO'": "'ATPPRT'",
    "'EX_ile_L(e)'": "'EX_alahis(e)'",
    "'KARA2'": "'HISabc'"
  },
  {
    "'23DHMPO'": "'CBMK'",
    "'EX_ile_L(e)'": "'CBPS'",
    "'KARA2'": "'EX_arg_L(e)'"
  },
  {
    "'23DHMPO'": "'CPPPGO'",
    "'EX_ile_L(e)'": "'DM_5DRIB'",
    "'KARA2'": "'DM_dad_5'"
  },
  {
    "'23DHMPO'": "'CTPS1'",
    "'EX_ile_L(e)'": "'CTPS2'",
    "'KARA2'": "'CYTDt2r'"
  },
  {
    "'23DHMPO'": "'CTPS1'",
    "'EX_ile_L(e)'": "'CTPS2'",
    "'KARA2'": "'CYTK1'"
  },
  {
    "'23DHMPO'": "'CTPS1'",
    "'EX_ile_L(e)'": "'CTPS2'",
    "'KARA2'": "'EX_cytd(e)'"
  },
  {
    "'23DHMPO'": "'CYSTGL'",
    "'EX_ile_L(e)'": "'METS'",
    "'KARA2'": "'SHSL1r'"
  },
  {
    "'23DHMPO'": "'CYSTGL'",
    "'EX_ile_L(e)'": "'METS'",
    "'KARA2'": "'SHSL4r'"
  },
  {
    "'23DHMPO'": "'CYTD'",
    "'EX_ile_L(e)'": "'CYTDt2r'",
    "'KARA2'": "'CYTK1'"
  },
  {
    "'23DHMPO'": "'CYTD'",
    "'EX_ile_L(e)'": "'CYTK1'",
    "'KARA2'": "'EX_cytd(e)'"
  },
  {
    "'23DHMPO'": "'CYTDt2r'",
    "'EX_ile_L(e)'": "'NDPK2'",
    "'KARA2'": "'UTPATPT'"
  },
  {
    "'23DHMPO'": "'CYTK1'",
    "'EX_ile_L(e)'": "'NDPK2'",
    "'KARA2'": "'UTPATPT'"
  },
  {
    "'23DHMPO'": "'DAPDC'",
    "'EX_ile_L(e)'": "'LYSabc'",
    "'KARA2'": "'LYSt2r'"
  },
  {
    "'23DHMPO'": "'DCTPD2'",
    "'EX_ile_L(e)'": "'NDPK2'",
    "'KARA2'": "'UTPATPT'"
  },
  {
    "'23DHMPO'": "'DGSNt2'",
    "'EX_ile_L(e)'": "'EX_gsn(e)'",
    "'KARA2'": "'GMPS2'"
  },
  {
    "'23DHMPO'": "'DGSNt2'",
    "'EX_ile_L(e)'": "'GMPS2'",
    "'KARA2'": "'GSNt2r'"
  },
  {
    "'23DHMPO'": "'DHAD1'",
    "'EX_ile_L(e)'": "'VALabc'",
    "'KARA2'": "'VALt2r'"
  },
  {
    "'23DHMPO'": "'DHAD2'",
    "'EX_ile_L(e)'": "'ILEabc'",
    "'KARA2'": "'ILEt2r'"
  },
  {
    "'23DHMPO'": "'DHAD2'",
    "'EX_ile_L(e)'": "'METS'",
    "'KARA2'": "'OBTFL'"
  },
  {
    "'23DHMPO'": "'DHNPA2'",
    "'EX_ile_L(e)'": "'DHPS'",
    "'KARA2'": "'FOLD3'"
  },
  {
    "'23DHMPO'": "'DHNPA2'",
    "'EX_ile_L(e)'": "'DHPS'",
    "'KARA2'": "'HPPK'"
  },
  {
    "'23DHMPO'": "'DHPS'",
    "'EX_ile_L(e)'": "'DHPS2'",
    "'KARA2'": "'FOLD3'"
  },
  {
    "'23DHMPO'": "'DHPS'",
    "'EX_ile_L(e)'": "'DHPS2'",
    "'KARA2'": "'HPPK'"
  },
  {
    "'23DHMPO'": "'DHPS'",
    "'EX_ile_L(e)'": "'FOLD3'",
    "'KARA2'": "'HPPK2'"
  },
  {
    "'23DHMPO'": "'DHPS'",
    "'EX_ile_L(e)'": "'HPPK'",
    "'KARA2'": "'HPPK2'"
  },
  {
    "'23DHMPO'": "'DMPPS'",
    "'EX_ile_L(e)'": "'DMPPS2r'",
    "'KARA2'": "'IPDDI'"
  },
  {
    "'23DHMPO'": "'DMSORdmq'",
    "'EX_ile_L(e)'": "'FRD3'",
    "'KARA2'": "'TMAOR2e'"
  },
  {
    "'23DHMPO'": "'DM_4HBA'",
    "'EX_ile_L(e)'": "'EX_fe3(e)'",
    "'KARA2'": "'EX_o2(e)'"
  },
  {
    "'23DHMPO'": "'DM_4HBA'",
    "'EX_ile_L(e)'": "'EX_fe3(e)'",
    "'KARA2'": "'O2t'"
  },
  {
    "'23DHMPO'": "'DM_5DRIB'",
    "'EX_ile_L(e)'": "'DM_dad_5'",
    "'KARA2'": "'EX_o2(e)'"
  },
  {
    "'23DHMPO'": "'DM_5DRIB'",
    "'EX_ile_L(e)'": "'DM_dad_5'",
    "'KARA2'": "'O2t'"
  },
  {
    "'23DHMPO'": "'DM_GCALD'",
    "'EX_ile_L(e)'": "'EX_gcald(e)'",
    "'KARA2'": "'EX_glyclt(e)'"
  },
  {
    "'23DHMPO'": "'DM_GCALD'",
    "'EX_ile_L(e)'": "'EX_gcald(e)'",
    "'KARA2'": "'GCALDDr'"
  },
  {
    "'23DHMPO'": "'DM_GCALD'",
    "'EX_ile_L(e)'": "'EX_gcald(e)'",
    "'KARA2'": "'GLYCLTt2r'"
  },
  {
    "'23DHMPO'": "'DM_GCALD'",
    "'EX_ile_L(e)'": "'EX_glyclt(e)'",
    "'KARA2'": "'GCALDt'"
  },
  {
    "'23DHMPO'": "'DM_GCALD'",
    "'EX_ile_L(e)'": "'GCALDDr'",
    "'KARA2'": "'GCALDt'"
  },
  {
    "'23DHMPO'": "'DM_GCALD'",
    "'EX_ile_L(e)'": "'GCALDt'",
    "'KARA2'": "'GLYCLTt2r'"
  },
  {
    "'23DHMPO'": "'DM_kdo2lipid4L(c)'",
    "'EX_ile_L(e)'": "'RPI'",
    "'KARA2'": "'TKT1'"
  },
  {
    "'23DHMPO'": "'DURIK1'",
    "'EX_ile_L(e)'": "'EX_uri(e)'",
    "'KARA2'": "'UMPK'"
  },
  {
    "'23DHMPO'": "'DURIK1'",
    "'EX_ile_L(e)'": "'UMPK'",
    "'KARA2'": "'URIt2r'"
  },
  {
    "'23DHMPO'": "'DURIPP'",
    "'EX_ile_L(e)'": "'EX_uri(e)'",
    "'KARA2'": "'UMPK'"
  },
  {
    "'23DHMPO'": "'DURIPP'",
    "'EX_ile_L(e)'": "'UMPK'",
    "'KARA2'": "'URIt2r'"
  },
  {
    "'23DHMPO'": "'EAR140x'",
    "'EX_ile_L(e)'": "'TTDCAt2'",
    "'KARA2'": "'TTDCAtr'"
  },
  {
    "'23DHMPO'": "'EAR160x'",
    "'EX_ile_L(e)'": "'EX_ocdca(e)'",
    "'KARA2'": "'FACOAL160'"
  },
  {
    "'23DHMPO'": "'EAR160x'",
    "'EX_ile_L(e)'": "'EX_ocdca(e)'",
    "'KARA2'": "'PMTCOATA'"
  },
  {
    "'23DHMPO'": "'EAR160x'",
    "'EX_ile_L(e)'": "'FACOAL160'",
    "'KARA2'": "'FACOAL180'"
  },
  {
    "'23DHMPO'": "'EAR160x'",
    "'EX_ile_L(e)'": "'FACOAL180'",
    "'KARA2'": "'PMTCOATA'"
  },
  {
    "'23DHMPO'": "'EAR180x'",
    "'EX_ile_L(e)'": "'OCDCAt2'",
    "'KARA2'": "'OCDCAtr'"
  },
  {
    "'23DHMPO'": "'EAR180x'",
    "'EX_ile_L(e)'": "'SGAT'",
    "'KARA2'": "'STCOATA'"
  },
  {
    "'23DHMPO'": "'EX_5mta(e)'",
    "'EX_ile_L(e)'": "'EX_spmd(e)'",
    "'KARA2'": "'MTAN'"
  },
  {
    "'23DHMPO'": "'EX_5mta(e)'",
    "'EX_ile_L(e)'": "'MTAN'",
    "'KARA2'": "'SPMDabc'"
  },
  {
    "'23DHMPO'": "'EX_acgam(e)'",
    "'EX_ile_L(e)'": "'EX_gam(e)'",
    "'KARA2'": "'GF6PTA'"
  },
  {
    "'23DHMPO'": "'EX_alahis(e)'",
    "'EX_ile_L(e)'": "'EX_his_L(e)'",
    "'KARA2'": "'HISTP'"
  },
  {
    "'23DHMPO'": "'EX_alahis(e)'",
    "'EX_ile_L(e)'": "'EX_his_L(e)'",
    "'KARA2'": "'HSTPTr'"
  },
  {
    "'23DHMPO'": "'EX_alahis(e)'",
    "'EX_ile_L(e)'": "'EX_his_L(e)'",
    "'KARA2'": "'IG3PS'"
  },
  {
    "'23DHMPO'": "'EX_alahis(e)'",
    "'EX_ile_L(e)'": "'EX_his_L(e)'",
    "'KARA2'": "'IGPDH'"
  },
  {
    "'23DHMPO'": "'EX_alahis(e)'",
    "'EX_ile_L(e)'": "'EX_his_L(e)'",
    "'KARA2'": "'IMPC'"
  },
  {
    "'23DHMPO'": "'EX_alahis(e)'",
    "'EX_ile_L(e)'": "'EX_his_L(e)'",
    "'KARA2'": "'PRAMPC'"
  },
  {
    "'23DHMPO'": "'EX_alahis(e)'",
    "'EX_ile_L(e)'": "'EX_his_L(e)'",
    "'KARA2'": "'PRATPP'"
  },
  {
    "'23DHMPO'": "'EX_alahis(e)'",
    "'EX_ile_L(e)'": "'EX_his_L(e)'",
    "'KARA2'": "'PRMICI'"
  },
  {
    "'23DHMPO'": "'EX_alahis(e)'",
    "'EX_ile_L(e)'": "'HISTP'",
    "'KARA2'": "'HISabc'"
  },
  {
    "'23DHMPO'": "'EX_alahis(e)'",
    "'EX_ile_L(e)'": "'HISabc'",
    "'KARA2'": "'HSTPTr'"
  },
  {
    "'23DHMPO'": "'EX_alahis(e)'",
    "'EX_ile_L(e)'": "'HISabc'",
    "'KARA2'": "'IG3PS'"
  },
  {
    "'23DHMPO'": "'EX_alahis(e)'",
    "'EX_ile_L(e)'": "'HISabc'",
    "'KARA2'": "'IGPDH'"
  },
  {
    "'23DHMPO'": "'EX_alahis(e)'",
    "'EX_ile_L(e)'": "'HISabc'",
    "'KARA2'": "'IMPC'"
  },
  {
    "'23DHMPO'": "'EX_alahis(e)'",
    "'EX_ile_L(e)'": "'HISabc'",
    "'KARA2'": "'PRAMPC'"
  },
  {
    "'23DHMPO'": "'EX_alahis(e)'",
    "'EX_ile_L(e)'": "'HISabc'",
    "'KARA2'": "'PRATPP'"
  },
  {
    "'23DHMPO'": "'EX_alahis(e)'",
    "'EX_ile_L(e)'": "'HISabc'",
    "'KARA2'": "'PRMICI'"
  },
  {
    "'23DHMPO'": "'EX_alathr(e)'",
    "'EX_ile_L(e)'": "'EX_thr_L(e)'",
    "'KARA2'": "'HSK'"
  },
  {
    "'23DHMPO'": "'EX_alathr(e)'",
    "'EX_ile_L(e)'": "'EX_thr_L(e)'",
    "'KARA2'": "'THRS'"
  },
  {
    "'23DHMPO'": "'EX_alathr(e)'",
    "'EX_ile_L(e)'": "'HSK'",
    "'KARA2'": "'THRt2r'"
  },
  {
    "'23DHMPO'": "'EX_alathr(e)'",
    "'EX_ile_L(e)'": "'THRS'",
    "'KARA2'": "'THRt2r'"
  },
  {
    "'23DHMPO'": "'EX_cytd(e)'",
    "'EX_ile_L(e)'": "'NDPK2'",
    "'KARA2'": "'UTPATPT'"
  },
  {
    "'23DHMPO'": "'EX_dgsn(e)'",
    "'EX_ile_L(e)'": "'EX_gsn(e)'",
    "'KARA2'": "'GMPS2'"
  },
  {
    "'23DHMPO'": "'EX_dgsn(e)'",
    "'EX_ile_L(e)'": "'GMPS2'",
    "'KARA2'": "'GSNt2r'"
  },
  {
    "'23DHMPO'": "'EX_dms(e)'",
    "'EX_ile_L(e)'": "'FRD3'",
    "'KARA2'": "'TMAOR2e'"
  },
  {
    "'23DHMPO'": "'EX_dmso(e)'",
    "'EX_ile_L(e)'": "'FRD3'",
    "'KARA2'": "'TMAOR2e'"
  },
  {
    "'23DHMPO'": "'EX_fe3(e)'",
    "'EX_ile_L(e)'": "'EX_o2(e)'",
    "'KARA2'": "'GLUPRT'"
  },
  {
    "'23DHMPO'": "'EX_fe3(e)'",
    "'EX_ile_L(e)'": "'EX_o2(e)'",
    "'KARA2'": "'HMPK1'"
  },
  {
    "'23DHMPO'": "'EX_fe3(e)'",
    "'EX_ile_L(e)'": "'EX_o2(e)'",
    "'KARA2'": "'PMPK'"
  },
  {
    "'23DHMPO'": "'EX_fe3(e)'",
    "'EX_ile_L(e)'": "'EX_o2(e)'",
    "'KARA2'": "'PRAGS'"
  },
  {
    "'23DHMPO'": "'EX_fe3(e)'",
    "'EX_ile_L(e)'": "'EX_o2(e)'",
    "'KARA2'": "'PRAIS'"
  },
  {
    "'23DHMPO'": "'EX_fe3(e)'",
    "'EX_ile_L(e)'": "'EX_o2(e)'",
    "'KARA2'": "'PRFGS'"
  },
  {
    "'23DHMPO'": "'EX_fe3(e)'",
    "'EX_ile_L(e)'": "'EX_o2(e)'",
    "'KARA2'": "'THZPSN'"
  },
  {
    "'23DHMPO'": "'EX_fe3(e)'",
    "'EX_ile_L(e)'": "'EX_o2(e)'",
    "'KARA2'": "'TMPK'"
  },
  {
    "'23DHMPO'": "'EX_fe3(e)'",
    "'EX_ile_L(e)'": "'EX_o2(e)'",
    "'KARA2'": "'TMPPP'"
  },
  {
    "'23DHMPO'": "'EX_fe3(e)'",
    "'EX_ile_L(e)'": "'GLUPRT'",
    "'KARA2'": "'O2t'"
  },
  {
    "'23DHMPO'": "'EX_fe3(e)'",
    "'EX_ile_L(e)'": "'HMPK1'",
    "'KARA2'": "'O2t'"
  },
  {
    "'23DHMPO'": "'EX_fe3(e)'",
    "'EX_ile_L(e)'": "'O2t'",
    "'KARA2'": "'PMPK'"
  },
  {
    "'23DHMPO'": "'EX_fe3(e)'",
    "'EX_ile_L(e)'": "'O2t'",
    "'KARA2'": "'PRAGS'"
  },
  {
    "'23DHMPO'": "'EX_fe3(e)'",
    "'EX_ile_L(e)'": "'O2t'",
    "'KARA2'": "'PRAIS'"
  },
  {
    "'23DHMPO'": "'EX_fe3(e)'",
    "'EX_ile_L(e)'": "'O2t'",
    "'KARA2'": "'PRFGS'"
  },
  {
    "'23DHMPO'": "'EX_fe3(e)'",
    "'EX_ile_L(e)'": "'O2t'",
    "'KARA2'": "'THZPSN'"
  },
  {
    "'23DHMPO'": "'EX_fe3(e)'",
    "'EX_ile_L(e)'": "'O2t'",
    "'KARA2'": "'TMPK'"
  },
  {
    "'23DHMPO'": "'EX_fe3(e)'",
    "'EX_ile_L(e)'": "'O2t'",
    "'KARA2'": "'TMPPP'"
  },
  {
    "'23DHMPO'": "'EX_gal(e)'",
    "'EX_ile_L(e)'": "'GALU'",
    "'KARA2'": "'UGLT'"
  },
  {
    "'23DHMPO'": "'EX_glyphe(e)'",
    "'EX_ile_L(e)'": "'EX_phe_L(e)'",
    "'KARA2'": "'PHETA1'"
  },
  {
    "'23DHMPO'": "'EX_glyphe(e)'",
    "'EX_ile_L(e)'": "'EX_phe_L(e)'",
    "'KARA2'": "'PPNDH'"
  },
  {
    "'23DHMPO'": "'EX_glyphe(e)'",
    "'EX_ile_L(e)'": "'PHETA1'",
    "'KARA2'": "'PHEt2r'"
  },
  {
    "'23DHMPO'": "'EX_glyphe(e)'",
    "'EX_ile_L(e)'": "'PHEt2r'",
    "'KARA2'": "'PPNDH'"
  },
  {
    "'23DHMPO'": "'EX_gsn(e)'",
    "'EX_ile_L(e)'": "'GMPS2'",
    "'KARA2'": "'PUNP4'"
  },
  {
    "'23DHMPO'": "'EX_indole(e)'",
    "'EX_ile_L(e)'": "'EX_trp_L(e)'",
    "'KARA2'": "'IGPS'"
  },
  {
    "'23DHMPO'": "'EX_indole(e)'",
    "'EX_ile_L(e)'": "'EX_trp_L(e)'",
    "'KARA2'": "'PRAI'"
  },
  {
    "'23DHMPO'": "'EX_indole(e)'",
    "'EX_ile_L(e)'": "'IGPS'",
    "'KARA2'": "'TRPt2r'"
  },
  {
    "'23DHMPO'": "'EX_indole(e)'",
    "'EX_ile_L(e)'": "'PRAI'",
    "'KARA2'": "'TRPt2r'"
  },
  {
    "'23DHMPO'": "'EX_nac(e)'",
    "'EX_ile_L(e)'": "'EX_nmn(e)'",
    "'KARA2'": "'NNDPR'"
  },
  {
    "'23DHMPO'": "'EX_nac(e)'",
    "'EX_ile_L(e)'": "'EX_nmn(e)'",
    "'KARA2'": "'QULNS'"
  },
  {
    "'23DHMPO'": "'EX_nac(e)'",
    "'EX_ile_L(e)'": "'NMNP'",
    "'KARA2'": "'NNDPR'"
  },
  {
    "'23DHMPO'": "'EX_nac(e)'",
    "'EX_ile_L(e)'": "'NMNP'",
    "'KARA2'": "'QULNS'"
  },
  {
    "'23DHMPO'": "'EX_nmn(e)'",
    "'EX_ile_L(e)'": "'NACt2r'",
    "'KARA2'": "'NNDPR'"
  },
  {
    "'23DHMPO'": "'EX_nmn(e)'",
    "'EX_ile_L(e)'": "'NACt2r'",
    "'KARA2'": "'QULNS'"
  },
  {
    "'23DHMPO'": "'EX_nmn(e)'",
    "'EX_ile_L(e)'": "'NADS1'",
    "'KARA2'": "'NADS2'"
  },
  {
    "'23DHMPO'": "'EX_phe_L(e)'",
    "'EX_ile_L(e)'": "'GLYPHEHYc'",
    "'KARA2'": "'PHETA1'"
  },
  {
    "'23DHMPO'": "'EX_phe_L(e)'",
    "'EX_ile_L(e)'": "'GLYPHEHYc'",
    "'KARA2'": "'PPNDH'"
  },
  {
    "'23DHMPO'": "'EX_phe_L(e)'",
    "'EX_ile_L(e)'": "'GLYPHEabc'",
    "'KARA2'": "'PHETA1'"
  },
  {
    "'23DHMPO'": "'EX_phe_L(e)'",
    "'EX_ile_L(e)'": "'GLYPHEabc'",
    "'KARA2'": "'PPNDH'"
  },
  {
    "'23DHMPO'": "'EX_ser_L(e)'",
    "'EX_ile_L(e)'": "'GCCa'",
    "'KARA2'": "'PGCDr'"
  },
  {
    "'23DHMPO'": "'EX_ser_L(e)'",
    "'EX_ile_L(e)'": "'GCCa'",
    "'KARA2'": "'PSERT'"
  },
  {
    "'23DHMPO'": "'EX_ser_L(e)'",
    "'EX_ile_L(e)'": "'GCCa'",
    "'KARA2'": "'PSP_L'"
  },
  {
    "'23DHMPO'": "'EX_ser_L(e)'",
    "'EX_ile_L(e)'": "'GCCb'",
    "'KARA2'": "'PGCDr'"
  },
  {
    "'23DHMPO'": "'EX_ser_L(e)'",
    "'EX_ile_L(e)'": "'GCCb'",
    "'KARA2'": "'PSERT'"
  },
  {
    "'23DHMPO'": "'EX_ser_L(e)'",
    "'EX_ile_L(e)'": "'GCCb'",
    "'KARA2'": "'PSP_L'"
  },
  {
    "'23DHMPO'": "'EX_ser_L(e)'",
    "'EX_ile_L(e)'": "'GCCc'",
    "'KARA2'": "'PGCDr'"
  },
  {
    "'23DHMPO'": "'EX_ser_L(e)'",
    "'EX_ile_L(e)'": "'GCCc'",
    "'KARA2'": "'PSERT'"
  },
  {
    "'23DHMPO'": "'EX_ser_L(e)'",
    "'EX_ile_L(e)'": "'GCCc'",
    "'KARA2'": "'PSP_L'"
  },
  {
    "'23DHMPO'": "'EX_ser_L(e)'",
    "'EX_ile_L(e)'": "'GHMT2r'",
    "'KARA2'": "'PGCDr'"
  },
  {
    "'23DHMPO'": "'EX_ser_L(e)'",
    "'EX_ile_L(e)'": "'GHMT2r'",
    "'KARA2'": "'PSERT'"
  },
  {
    "'23DHMPO'": "'EX_ser_L(e)'",
    "'EX_ile_L(e)'": "'GHMT2r'",
    "'KARA2'": "'PSP_L'"
  },
  {
    "'23DHMPO'": "'EX_thm(e)'",
    "'EX_ile_L(e)'": "'GARFTi'",
    "'KARA2'": "'GART'"
  },
  {
    "'23DHMPO'": "'EX_thymd(e)'",
    "'EX_ile_L(e)'": "'EX_uri(e)'",
    "'KARA2'": "'UMPK'"
  },
  {
    "'23DHMPO'": "'EX_thymd(e)'",
    "'EX_ile_L(e)'": "'UMPK'",
    "'KARA2'": "'URIt2r'"
  },
  {
    "'23DHMPO'": "'EX_trp_L(e)'",
    "'EX_ile_L(e)'": "'IGPS'",
    "'KARA2'": "'INDOLEt2r'"
  },
  {
    "'23DHMPO'": "'EX_trp_L(e)'",
    "'EX_ile_L(e)'": "'IGPS'",
    "'KARA2'": "'TRPS2'"
  },
  {
    "'23DHMPO'": "'EX_trp_L(e)'",
    "'EX_ile_L(e)'": "'INDOLEt2r'",
    "'KARA2'": "'PRAI'"
  },
  {
    "'23DHMPO'": "'EX_trp_L(e)'",
    "'EX_ile_L(e)'": "'PRAI'",
    "'KARA2'": "'TRPS2'"
  },
  {
    "'23DHMPO'": "'EX_trp_L(e)'",
    "'EX_ile_L(e)'": "'TRPS1'",
    "'KARA2'": "'TRPS2'"
  },
  {
    "'23DHMPO'": "'EX_uri(e)'",
    "'EX_ile_L(e)'": "'NTD5'",
    "'KARA2'": "'UMPK'"
  },
  {
    "'23DHMPO'": "'EX_uri(e)'",
    "'EX_ile_L(e)'": "'PYNP2r'",
    "'KARA2'": "'UMPK'"
  },
  {
    "'23DHMPO'": "'EX_uri(e)'",
    "'EX_ile_L(e)'": "'THMDt2r'",
    "'KARA2'": "'UMPK'"
  },
  {
    "'23DHMPO'": "'EX_uri(e)'",
    "'EX_ile_L(e)'": "'TMDS'",
    "'KARA2'": "'UMPK'"
  },
  {
    "'23DHMPO'": "'EX_val_L(e)'",
    "'EX_ile_L(e)'": "'KARA1'",
    "'KARA2'": "'KARA3'"
  },
  {
    "'23DHMPO'": "'EX_val_L(e)'",
    "'EX_ile_L(e)'": "'VALTA'",
    "'KARA2'": "'VPAMTr'"
  },
  {
    "'23DHMPO'": "'FACOAL180'",
    "'EX_ile_L(e)'": "'G3PAT180'",
    "'KARA2'": "'STCOATA'"
  },
  {
    "'23DHMPO'": "'FBA3'",
    "'EX_ile_L(e)'": "'TALA'",
    "'KARA2'": "'TKT2'"
  },
  {
    "'23DHMPO'": "'FE3abc'",
    "'EX_ile_L(e)'": "'FEDCabc'",
    "'KARA2'": "'FERO'"
  },
  {
    "'23DHMPO'": "'GALK'",
    "'EX_ile_L(e)'": "'GALU'",
    "'KARA2'": "'UGLT'"
  },
  {
    "'23DHMPO'": "'GALU'",
    "'EX_ile_L(e)'": "'UDPG4E'",
    "'KARA2'": "'UGLT'"
  },
  {
    "'23DHMPO'": "'GARFTi'",
    "'EX_ile_L(e)'": "'GART'",
    "'KARA2'": "'THMabc'"
  },
  {
    "'23DHMPO'": "'GCCa'",
    "'EX_ile_L(e)'": "'PGCDr'",
    "'KARA2'": "'SERt2r'"
  },
  {
    "'23DHMPO'": "'GCCa'",
    "'EX_ile_L(e)'": "'PSERT'",
    "'KARA2'": "'SERt2r'"
  },
  {
    "'23DHMPO'": "'GCCa'",
    "'EX_ile_L(e)'": "'PSP_L'",
    "'KARA2'": "'SERt2r'"
  },
  {
    "'23DHMPO'": "'GCCb'",
    "'EX_ile_L(e)'": "'PGCDr'",
    "'KARA2'": "'SERt2r'"
  },
  {
    "'23DHMPO'": "'GCCb'",
    "'EX_ile_L(e)'": "'PSERT'",
    "'KARA2'": "'SERt2r'"
  },
  {
    "'23DHMPO'": "'GCCb'",
    "'EX_ile_L(e)'": "'PSP_L'",
    "'KARA2'": "'SERt2r'"
  },
  {
    "'23DHMPO'": "'GCCc'",
    "'EX_ile_L(e)'": "'PGCDr'",
    "'KARA2'": "'SERt2r'"
  },
  {
    "'23DHMPO'": "'GCCc'",
    "'EX_ile_L(e)'": "'PSERT'",
    "'KARA2'": "'SERt2r'"
  },
  {
    "'23DHMPO'": "'GCCc'",
    "'EX_ile_L(e)'": "'PSP_L'",
    "'KARA2'": "'SERt2r'"
  },
  {
    "'23DHMPO'": "'GHMT2r'",
    "'EX_ile_L(e)'": "'PGCDr'",
    "'KARA2'": "'SERt2r'"
  },
  {
    "'23DHMPO'": "'GHMT2r'",
    "'EX_ile_L(e)'": "'PSERT'",
    "'KARA2'": "'SERt2r'"
  },
  {
    "'23DHMPO'": "'GHMT2r'",
    "'EX_ile_L(e)'": "'PSP_L'",
    "'KARA2'": "'SERt2r'"
  },
  {
    "'23DHMPO'": "'GLYPHEHYc'",
    "'EX_ile_L(e)'": "'PHETA1'",
    "'KARA2'": "'PHEt2r'"
  },
  {
    "'23DHMPO'": "'GLYPHEHYc'",
    "'EX_ile_L(e)'": "'PHEt2r'",
    "'KARA2'": "'PPNDH'"
  },
  {
    "'23DHMPO'": "'GLYPHEabc'",
    "'EX_ile_L(e)'": "'PHETA1'",
    "'KARA2'": "'PHEt2r'"
  },
  {
    "'23DHMPO'": "'GLYPHEabc'",
    "'EX_ile_L(e)'": "'PHEt2r'",
    "'KARA2'": "'PPNDH'"
  },
  {
    "'23DHMPO'": "'GMPS2'",
    "'EX_ile_L(e)'": "'GSNK'",
    "'KARA2'": "'GUAPRT'"
  },
  {
    "'23DHMPO'": "'GMPS2'",
    "'EX_ile_L(e)'": "'GSNt2r'",
    "'KARA2'": "'PUNP4'"
  },
  {
    "'23DHMPO'": "'GND'",
    "'EX_ile_L(e)'": "'RPE'",
    "'KARA2'": "'RPI'"
  },
  {
    "'23DHMPO'": "'IGPS'",
    "'EX_ile_L(e)'": "'INDOLEt2r'",
    "'KARA2'": "'TRPt2r'"
  },
  {
    "'23DHMPO'": "'IGPS'",
    "'EX_ile_L(e)'": "'TRPS2'",
    "'KARA2'": "'TRPt2r'"
  },
  {
    "'23DHMPO'": "'ILETA'",
    "'EX_ile_L(e)'": "'ILEabc'",
    "'KARA2'": "'ILEt2r'"
  },
  {
    "'23DHMPO'": "'INDOLEt2r'",
    "'EX_ile_L(e)'": "'PRAI'",
    "'KARA2'": "'TRPt2r'"
  },
  {
    "'23DHMPO'": "'IPDDI'",
    "'EX_ile_L(e)'": "'IPDPS'",
    "'KARA2'": "'IPDPS2'"
  },
  {
    "'23DHMPO'": "'NACt2r'",
    "'EX_ile_L(e)'": "'NMNP'",
    "'KARA2'": "'NNDPR'"
  },
  {
    "'23DHMPO'": "'NACt2r'",
    "'EX_ile_L(e)'": "'NMNP'",
    "'KARA2'": "'QULNS'"
  },
  {
    "'23DHMPO'": "'NADS1'",
    "'EX_ile_L(e)'": "'NADS2'",
    "'KARA2'": "'NMNAT'"
  },
  {
    "'23DHMPO'": "'NADS1'",
    "'EX_ile_L(e)'": "'NADS2'",
    "'KARA2'": "'NMNP'"
  },
  {
    "'23DHMPO'": "'NTD5'",
    "'EX_ile_L(e)'": "'UMPK'",
    "'KARA2'": "'URIt2r'"
  },
  {
    "'23DHMPO'": "'PFK_3'",
    "'EX_ile_L(e)'": "'TALA'",
    "'KARA2'": "'TKT2'"
  },
  {
    "'23DHMPO'": "'PMPK'",
    "'EX_ile_L(e)'": "'TMDPK'",
    "'KARA2'": "'TMK'"
  },
  {
    "'23DHMPO'": "'PRAI'",
    "'EX_ile_L(e)'": "'TRPS2'",
    "'KARA2'": "'TRPt2r'"
  },
  {
    "'23DHMPO'": "'PYNP2r'",
    "'EX_ile_L(e)'": "'UMPK'",
    "'KARA2'": "'URIt2r'"
  },
  {
    "'23DHMPO'": "'THMDt2r'",
    "'EX_ile_L(e)'": "'UMPK'",
    "'KARA2'": "'URIt2r'"
  },
  {
    "'23DHMPO'": "'TMDPK'",
    "'EX_ile_L(e)'": "'TMK'",
    "'KARA2'": "'TMPPP'"
  },
  {
    "'23DHMPO'": "'TMDS'",
    "'EX_ile_L(e)'": "'UMPK'",
    "'KARA2'": "'URIt2r'"
  },
  {
    "'23DHMPO'": "'TRPS1'",
    "'EX_ile_L(e)'": "'TRPS2'",
    "'KARA2'": "'TRPt2r'"
  }
]