ECUMN_3163,ECUMN_1143
ECUMN_1143,ECUMN_4370
ECUMN_1143,ECUMN_0492
ECUMN_3677,ECUMN_3029
ECUMN_0078,ECUMN_4202
ECUMN_0078,ECUMN_4201
ECUMN_4202,ECUMN_0079
ECUMN_0079,ECUMN_4201
ECUMN_2146,ECUMN_2814
ECUMN_1578,ECUMN_0115
ECUMN_1265,ECUMN_4575
ECUMN_0513,ECUMN_2838
ECUMN_0513,ECUMN_1504
ECUMN_0513,ECUMN_4626
ECUMN_0092,ECUMN_0418
ECUMN_1479,ECUMN_4587
ECUMN_2871,ECUMN_3254
ECUMN_2871,ECUMN_5012
ECUMN_3542,ECUMN_4575
ECUMN_0759,ECUMN_4274
ECUMN_4470,ECUMN_0002
ECUMN_0152,ECUMN_1877
ECUMN_2757,ECUMN_4390
ECUMN_3492,ECUMN_1912
ECUMN_2736,ECUMN_2742
ECUMN_1103,ECUMN_0168
ECUMN_3450,ECUMN_3455
ECUMN_3450,ECUMN_3454
ECUMN_3450,ECUMN_3453
ECUMN_0050,ECUMN_1894
ECUMN_0099,ECUMN_2163
ECUMN_2068,ECUMN_3272
ECUMN_1603,ECUMN_4393
ECUMN_2049,ECUMN_3693
ECUMN_2049,ECUMN_3692
ECUMN_3985,ECUMN_1083
ECUMN_0304,ECUMN_2824
ECUMN_0123,ECUMN_0382
ECUMN_3209,ECUMN_2824
ECUMN_3211,ECUMN_2824
ECUMN_3210,ECUMN_2824
ECUMN_2849,ECUMN_1968
ECUMN_2849,ECUMN_1972
ECUMN_2849,ECUMN_1969
ECUMN_2849,ECUMN_1970
ECUMN_2849,ECUMN_1971
ECUMN_2849,ECUMN_1973
ECUMN_2848,ECUMN_1968
ECUMN_2848,ECUMN_1972
ECUMN_2848,ECUMN_1969
ECUMN_2848,ECUMN_1970
ECUMN_2848,ECUMN_1971
ECUMN_2848,ECUMN_1973
ECUMN_4545,ECUMN_4355
ECUMN_0849,ECUMN_2745
ECUMN_0849,ECUMN_2743
ECUMN_0849,ECUMN_2744
ECUMN_0848,ECUMN_2745
ECUMN_0848,ECUMN_2743
ECUMN_0848,ECUMN_2744
ECUMN_2745,ECUMN_0850
ECUMN_2743,ECUMN_0850
ECUMN_2744,ECUMN_0850
ECUMN_3471,ECUMN_4251
ECUMN_3471,ECUMN_4254
ECUMN_3471,ECUMN_4252
ECUMN_3471,ECUMN_4253
ECUMN_1504,ECUMN_4626
ECUMN_1981,ECUMN_3755
ECUMN_0426,ECUMN_3848
ECUMN_3601,ECUMN_4298
