ECUMN_1143,ECUMN_0242,ECUMN_4347
ECUMN_4605,ECUMN_0803,ECUMN_0806
ECUMN_4605,ECUMN_0803,ECUMN_0805
ECUMN_4605,ECUMN_0113,ECUMN_0806
ECUMN_4605,ECUMN_0113,ECUMN_0805
ECUMN_4605,ECUMN_0804,ECUMN_0806
ECUMN_4605,ECUMN_0804,ECUMN_0805
ECUMN_0513,ECUMN_3837,ECUMN_5007
ECUMN_0803,ECUMN_3264,ECUMN_0806
ECUMN_0803,ECUMN_3264,ECUMN_0805
ECUMN_0113,ECUMN_2871,ECUMN_0569
ECUMN_0113,ECUMN_0569,ECUMN_3254
ECUMN_0113,ECUMN_0569,ECUMN_5012
ECUMN_0113,ECUMN_3264,ECUMN_0806
ECUMN_0113,ECUMN_3264,ECUMN_0805
ECUMN_0804,ECUMN_3264,ECUMN_0806
ECUMN_0804,ECUMN_3264,ECUMN_0805
ECUMN_1065,ECUMN_2871,ECUMN_4134
ECUMN_1065,ECUMN_2871,ECUMN_4133
ECUMN_2871,ECUMN_3245,ECUMN_0569
ECUMN_2871,ECUMN_3244,ECUMN_0569
ECUMN_2871,ECUMN_3246,ECUMN_0569
ECUMN_2871,ECUMN_4541,ECUMN_4487
ECUMN_2871,ECUMN_4487,ECUMN_0799
ECUMN_2871,ECUMN_4487,ECUMN_0802
ECUMN_2871,ECUMN_4487,ECUMN_0801
ECUMN_2871,ECUMN_4487,ECUMN_0800
ECUMN_2709,ECUMN_2629,ECUMN_4085
ECUMN_0556,ECUMN_4541,ECUMN_4487
ECUMN_0556,ECUMN_4487,ECUMN_0799
ECUMN_0556,ECUMN_4487,ECUMN_0802
ECUMN_0556,ECUMN_4487,ECUMN_0801
ECUMN_0556,ECUMN_4487,ECUMN_0800
ECUMN_0552,ECUMN_4541,ECUMN_4487
ECUMN_0552,ECUMN_4487,ECUMN_0799
ECUMN_0552,ECUMN_4487,ECUMN_0802
ECUMN_0552,ECUMN_4487,ECUMN_0801
ECUMN_0552,ECUMN_4487,ECUMN_0800
ECUMN_4268,ECUMN_2068,ECUMN_2147
ECUMN_4268,ECUMN_2068,ECUMN_2148
ECUMN_4268,ECUMN_2068,ECUMN_4447
ECUMN_4268,ECUMN_2147,ECUMN_3271
ECUMN_4268,ECUMN_2148,ECUMN_3271
ECUMN_4268,ECUMN_3271,ECUMN_4447
ECUMN_4261,ECUMN_2068,ECUMN_2147
ECUMN_4261,ECUMN_2068,ECUMN_2148
ECUMN_4261,ECUMN_2068,ECUMN_4447
ECUMN_4261,ECUMN_2147,ECUMN_3271
ECUMN_4261,ECUMN_2148,ECUMN_3271
ECUMN_4261,ECUMN_3271,ECUMN_4447
ECUMN_4264,ECUMN_2068,ECUMN_2147
ECUMN_4264,ECUMN_2068,ECUMN_2148
ECUMN_4264,ECUMN_2068,ECUMN_4447
ECUMN_4264,ECUMN_2147,ECUMN_3271
ECUMN_4264,ECUMN_2148,ECUMN_3271
ECUMN_4264,ECUMN_3271,ECUMN_4447
ECUMN_4262,ECUMN_2068,ECUMN_2147
ECUMN_4262,ECUMN_2068,ECUMN_2148
ECUMN_4262,ECUMN_2068,ECUMN_4447
ECUMN_4262,ECUMN_2147,ECUMN_3271
ECUMN_4262,ECUMN_2148,ECUMN_3271
ECUMN_4262,ECUMN_3271,ECUMN_4447
ECUMN_4266,ECUMN_2068,ECUMN_2147
ECUMN_4266,ECUMN_2068,ECUMN_2148
ECUMN_4266,ECUMN_2068,ECUMN_4447
ECUMN_4266,ECUMN_2147,ECUMN_3271
ECUMN_4266,ECUMN_2148,ECUMN_3271
ECUMN_4266,ECUMN_3271,ECUMN_4447
ECUMN_4265,ECUMN_2068,ECUMN_2147
ECUMN_4265,ECUMN_2068,ECUMN_2148
ECUMN_4265,ECUMN_2068,ECUMN_4447
ECUMN_4265,ECUMN_2147,ECUMN_3271
ECUMN_4265,ECUMN_2148,ECUMN_3271
ECUMN_4265,ECUMN_3271,ECUMN_4447
ECUMN_4267,ECUMN_2068,ECUMN_2147
ECUMN_4267,ECUMN_2068,ECUMN_2148
ECUMN_4267,ECUMN_2068,ECUMN_4447
ECUMN_4267,ECUMN_2147,ECUMN_3271
ECUMN_4267,ECUMN_2148,ECUMN_3271
ECUMN_4267,ECUMN_3271,ECUMN_4447
ECUMN_4263,ECUMN_2068,ECUMN_2147
ECUMN_4263,ECUMN_2068,ECUMN_2148
ECUMN_4263,ECUMN_2068,ECUMN_4447
ECUMN_4263,ECUMN_2147,ECUMN_3271
ECUMN_4263,ECUMN_2148,ECUMN_3271
ECUMN_4263,ECUMN_3271,ECUMN_4447
ECUMN_4342,ECUMN_4775,ECUMN_3960
ECUMN_4342,ECUMN_4775,ECUMN_3959
ECUMN_4342,ECUMN_4775,ECUMN_3958
ECUMN_4342,ECUMN_4775,ECUMN_3957
ECUMN_4342,ECUMN_4775,ECUMN_3961
ECUMN_0380,ECUMN_1103,ECUMN_3068
ECUMN_1995,ECUMN_2926,ECUMN_0838
ECUMN_4305,ECUMN_2908,ECUMN_3985
ECUMN_2068,ECUMN_4541,ECUMN_1992
ECUMN_2068,ECUMN_1992,ECUMN_0799
ECUMN_2068,ECUMN_1992,ECUMN_0802
ECUMN_2068,ECUMN_1992,ECUMN_0801
ECUMN_2068,ECUMN_1992,ECUMN_0800
ECUMN_3110,ECUMN_3862,ECUMN_1992
ECUMN_1900,ECUMN_1901,ECUMN_4487
ECUMN_3245,ECUMN_0569,ECUMN_3254
ECUMN_3245,ECUMN_0569,ECUMN_5012
ECUMN_3244,ECUMN_0569,ECUMN_3254
ECUMN_3244,ECUMN_0569,ECUMN_5012
ECUMN_3246,ECUMN_0569,ECUMN_3254
ECUMN_3246,ECUMN_0569,ECUMN_5012
ECUMN_2371,ECUMN_4900,ECUMN_3844
ECUMN_3985,ECUMN_2571,ECUMN_4771
ECUMN_3985,ECUMN_2572,ECUMN_4771
ECUMN_3209,ECUMN_4541,ECUMN_4487
ECUMN_3209,ECUMN_4487,ECUMN_0799
ECUMN_3209,ECUMN_4487,ECUMN_0802
ECUMN_3209,ECUMN_4487,ECUMN_0801
ECUMN_3209,ECUMN_4487,ECUMN_0800
ECUMN_3211,ECUMN_4541,ECUMN_4487
ECUMN_3211,ECUMN_4487,ECUMN_0799
ECUMN_3211,ECUMN_4487,ECUMN_0802
ECUMN_3211,ECUMN_4487,ECUMN_0801
ECUMN_3211,ECUMN_4487,ECUMN_0800
ECUMN_3210,ECUMN_4541,ECUMN_4487
ECUMN_3210,ECUMN_4487,ECUMN_0799
ECUMN_3210,ECUMN_4487,ECUMN_0802
ECUMN_3210,ECUMN_4487,ECUMN_0801
ECUMN_3210,ECUMN_4487,ECUMN_0800
ECUMN_4541,ECUMN_0569,ECUMN_4487
ECUMN_4541,ECUMN_3254,ECUMN_4487
ECUMN_4541,ECUMN_3271,ECUMN_1992
ECUMN_4541,ECUMN_4487,ECUMN_5012
ECUMN_4541,ECUMN_4487,ECUMN_0546
ECUMN_3451,ECUMN_4540,ECUMN_4487
ECUMN_0146,ECUMN_3854,ECUMN_2839
ECUMN_0849,ECUMN_4445,ECUMN_2746
ECUMN_0848,ECUMN_4445,ECUMN_2746
ECUMN_0850,ECUMN_4445,ECUMN_2746
ECUMN_0569,ECUMN_1095,ECUMN_4482
ECUMN_0569,ECUMN_1095,ECUMN_4483
ECUMN_0569,ECUMN_4487,ECUMN_0799
ECUMN_0569,ECUMN_4487,ECUMN_0802
ECUMN_0569,ECUMN_4487,ECUMN_0801
ECUMN_0569,ECUMN_4487,ECUMN_0800
ECUMN_1580,ECUMN_1031,ECUMN_3540
ECUMN_3254,ECUMN_4487,ECUMN_0799
ECUMN_3254,ECUMN_4487,ECUMN_0802
ECUMN_3254,ECUMN_4487,ECUMN_0801
ECUMN_3254,ECUMN_4487,ECUMN_0800
ECUMN_3271,ECUMN_1992,ECUMN_0799
ECUMN_3271,ECUMN_1992,ECUMN_0802
ECUMN_3271,ECUMN_1992,ECUMN_0801
ECUMN_3271,ECUMN_1992,ECUMN_0800
ECUMN_4487,ECUMN_5012,ECUMN_0799
ECUMN_4487,ECUMN_5012,ECUMN_0802
ECUMN_4487,ECUMN_5012,ECUMN_0801
ECUMN_4487,ECUMN_5012,ECUMN_0800
ECUMN_4487,ECUMN_0799,ECUMN_0546
ECUMN_4487,ECUMN_0802,ECUMN_0546
ECUMN_4487,ECUMN_0801,ECUMN_0546
ECUMN_4487,ECUMN_0800,ECUMN_0546
ECUMN_3837,ECUMN_5007,ECUMN_1504
ECUMN_2571,ECUMN_3002,ECUMN_4771
ECUMN_2571,ECUMN_3001,ECUMN_4771
ECUMN_2572,ECUMN_3002,ECUMN_4771
ECUMN_2572,ECUMN_3001,ECUMN_4771
ECUMN_3002,ECUMN_4771,ECUMN_1083
ECUMN_3001,ECUMN_4771,ECUMN_1083
ECUMN_4900,ECUMN_3844,ECUMN_3255
ECUMN_3255,ECUMN_0009,ECUMN_2776
