'12PPDt','GAPD','LCADi'
'12PPDt','LCADi','PGK'
'12PPDt','LCADi','TPI'
'23DHMPO','EX_ile_L(e)','KARA2'
'23DHMPO','ILEabc','KARA2'
'2AHBUTI','EX_ile_L(e)','KARA2'
'2AHBUTI','ILEabc','KARA2'
'3HACPR1','ASAD','THRD_L'
'3HACPR1','ASPKi','THRD_L'
'3HACPR2','ASAD','THRD_L'
'3HACPR2','ASPKi','THRD_L'
'3HAD100','EX_ppi(e)','PPA'
'3HAD100','PPA','PPIt2e'
'3HAD120','EX_ppi(e)','PPA'
'3HAD120','PPA','PPIt2e'
'3HAD140','EX_ppi(e)','PPA'
'3HAD140','PPA','PPIt2e'
'3HAD40','EX_ppi(e)','PPA'
'3HAD40','PPA','PPIt2e'
'3HAD60','EX_ppi(e)','PPA'
'3HAD60','PPA','PPIt2e'
'3HAD80','EX_ppi(e)','PPA'
'3HAD80','PPA','PPIt2e'
'3OAACPR1','ASAD','THRD_L'
'3OAACPR1','ASPKi','THRD_L'
'3OAACPR2','ASAD','THRD_L'
'3OAACPR2','ASPKi','THRD_L'
'3OAR100','EX_ppi(e)','PPA'
'3OAR100','PPA','PPIt2e'
'3OAR120','EX_ppi(e)','PPA'
'3OAR120','PPA','PPIt2e'
'3OAR140','EX_ppi(e)','PPA'
'3OAR140','PPA','PPIt2e'
'3OAR40','EX_ppi(e)','PPA'
'3OAR40','PPA','PPIt2e'
'3OAR60','EX_ppi(e)','PPA'
'3OAR60','PPA','PPIt2e'
'3OAR80','EX_ppi(e)','PPA'
'3OAR80','PPA','PPIt2e'
'3OAS100','EX_ppi(e)','PPA'
'3OAS100','PPA','PPIt2e'
'3OAS120','EX_ppi(e)','PPA'
'3OAS120','PPA','PPIt2e'
'3OAS140','EX_ppi(e)','PPA'
'3OAS140','PPA','PPIt2e'
'3OAS60','EX_ppi(e)','PPA'
'3OAS60','PPA','PPIt2e'
'3OAS80','EX_ppi(e)','PPA'
'3OAS80','PPA','PPIt2e'
'ACLS_a','EX_ile_L(e)','LPAMS'
'ACLS_a','EX_ile_L(e)','PDHa'
'ACLS_a','EX_val_L(e)','LPAMS'
'ACLS_a','EX_val_L(e)','PDHa'
'ACLS_a','ILEabc','LPAMS'
'ACLS_a','ILEabc','PDHa'
'ACLS_a','LPAMS','VALTA'
'ACLS_a','LPAMS','VALabc'
'ACLS_a','PDHa','VALTA'
'ACLS_a','PDHa','VALabc'
'ACOATA','EX_ppi(e)','PPA'
'ACOATA','PPA','PPIt2e'
'ACt2r','OOR2r','PDHa'
'ACt2r','OOR2r','PDHbr'
'ACt2r','OOR2r','PDHc'
'ACt2r','PDHa','POR4'
'ACt2r','PDHa','SUCOAS'
'ACt2r','PDHbr','POR4'
'ACt2r','PDHbr','SUCOAS'
'ACt2r','PDHc','POR4'
'ACt2r','PDHc','SUCOAS'
'ADK11','NDPK6','RNDR4'
'ADK7','GK1','NDPK8'
'ADK7','GK2','NDPK8'
'ADPT','ASAD','THRD_L'
'ADPT','ASPKi','THRD_L'
'AHCYSNS','ASAD','THRD_L'
'AHCYSNS','ASPKi','THRD_L'
'ALACI','EX_val_L(e)','KARA1'
'ALACI','KARA1','VALTA'
'ALACI','KARA1','VALabc'
'ALAHIS1c','ATPPRT','EX_his_L(e)'
'ALAHIS1c','ATPPRT','HISt2r'
'ALAHIS1c','EX_his_L(e)','HISTP'
'ALAHIS1c','EX_his_L(e)','HSTPTr'
'ALAHIS1c','EX_his_L(e)','IG3PS'
'ALAHIS1c','EX_his_L(e)','IGPDH'
'ALAHIS1c','EX_his_L(e)','PRAMPC'
'ALAHIS1c','EX_his_L(e)','PRATPP'
'ALAHIS1c','EX_his_L(e)','PRMICI'
'ALAHIS1c','HISTP','HISt2r'
'ALAHIS1c','HISt2r','HSTPTr'
'ALAHIS1c','HISt2r','IG3PS'
'ALAHIS1c','HISt2r','IGPDH'
'ALAHIS1c','HISt2r','PRAMPC'
'ALAHIS1c','HISt2r','PRATPP'
'ALAHIS1c','HISt2r','PRMICI'
'ALAHISabc','ATPPRT','EX_his_L(e)'
'ALAHISabc','ATPPRT','HISt2r'
'ALAHISabc','EX_his_L(e)','HISTP'
'ALAHISabc','EX_his_L(e)','HSTPTr'
'ALAHISabc','EX_his_L(e)','IG3PS'
'ALAHISabc','EX_his_L(e)','IGPDH'
'ALAHISabc','EX_his_L(e)','PRAMPC'
'ALAHISabc','EX_his_L(e)','PRATPP'
'ALAHISabc','EX_his_L(e)','PRMICI'
'ALAHISabc','HISTP','HISt2r'
'ALAHISabc','HISt2r','HSTPTr'
'ALAHISabc','HISt2r','IG3PS'
'ALAHISabc','HISt2r','IGPDH'
'ALAHISabc','HISt2r','PRAMPC'
'ALAHISabc','HISt2r','PRATPP'
'ALAHISabc','HISt2r','PRMICI'
'ALATHR1c','EX_thr_L(e)','HSK'
'ALATHR1c','EX_thr_L(e)','THRS'
'ALATHR1c','HSK','THRt2r'
'ALATHR1c','THRS','THRt2r'
'ALATHRabc','EX_thr_L(e)','HSK'
'ALATHRabc','EX_thr_L(e)','THRS'
'ALATHRabc','HSK','THRt2r'
'ALATHRabc','THRS','THRt2r'
'ALCD1','ASAD','THRD_L'
'ALCD1','ASPKi','THRD_L'
'ALDD1','ASAD','THRD_L'
'ALDD1','ASPKi','THRD_L'
'AMAOTr','ASAD','THRD_L'
'AMAOTr','ASPKi','THRD_L'
'AOXSr2','ASAD','THRD_L'
'AOXSr2','ASPKi','THRD_L'
'ASAD','BTS4','THRD_L'
'ASAD','DBTS','THRD_L'
'ASAD','DM_AMOB','THRD_L'
'ASAD','DM_btn','THRD_L'
'ASAD','EACPR1','THRD_L'
'ASAD','EACPR2','THRD_L'
'ASAD','GACPCD','THRD_L'
'ASAD','HSDx','HSDy'
'ASAD','MALCOACD','THRD_L'
'ASAD','MALCOAMT','THRD_L'
'ASAD','MCOATA','THRD_L'
'ASAD','PMACPME','THRD_L'
'ASAD','THRD_L','sink_s'
'ASPKi','BTS4','THRD_L'
'ASPKi','DBTS','THRD_L'
'ASPKi','DM_AMOB','THRD_L'
'ASPKi','DM_btn','THRD_L'
'ASPKi','EACPR1','THRD_L'
'ASPKi','EACPR2','THRD_L'
'ASPKi','GACPCD','THRD_L'
'ASPKi','HSDx','HSDy'
'ASPKi','MALCOACD','THRD_L'
'ASPKi','MALCOAMT','THRD_L'
'ASPKi','MCOATA','THRD_L'
'ASPKi','PMACPME','THRD_L'
'ASPKi','THRD_L','sink_s'
'ATPPRT','EX_alahis(e)','EX_his_L(e)'
'ATPPRT','EX_alahis(e)','HISt2r'
'ATPS4','CO2t','ENO'
'ATPS4','CO2t','EX_fuc_L(e)'
'ATPS4','CO2t','FCI'
'ATPS4','CO2t','FCLK'
'ATPS4','CO2t','FCLPA'
'ATPS4','CO2t','FUCt2_1'
'ATPS4','CO2t','GAPD'
'ATPS4','CO2t','PGK'
'ATPS4','CO2t','PGM'
'ATPS4','CO2t','TPI'
'ATPS4','ENO','EX_co2(e)'
'ATPS4','ENO','PDHa'
'ATPS4','ENO','PDHbr'
'ATPS4','ENO','PDHc'
'ATPS4','EX_co2(e)','EX_fuc_L(e)'
'ATPS4','EX_co2(e)','FCI'
'ATPS4','EX_co2(e)','FCLK'
'ATPS4','EX_co2(e)','FCLPA'
'ATPS4','EX_co2(e)','FUCt2_1'
'ATPS4','EX_co2(e)','GAPD'
'ATPS4','EX_co2(e)','PGK'
'ATPS4','EX_co2(e)','PGM'
'ATPS4','EX_co2(e)','TPI'
'ATPS4','EX_fuc_L(e)','PDHa'
'ATPS4','EX_fuc_L(e)','PDHbr'
'ATPS4','EX_fuc_L(e)','PDHc'
'ATPS4','FCI','PDHa'
'ATPS4','FCI','PDHbr'
'ATPS4','FCI','PDHc'
'ATPS4','FCLK','PDHa'
'ATPS4','FCLK','PDHbr'
'ATPS4','FCLK','PDHc'
'ATPS4','FCLPA','PDHa'
'ATPS4','FCLPA','PDHbr'
'ATPS4','FCLPA','PDHc'
'ATPS4','FUCt2_1','PDHa'
'ATPS4','FUCt2_1','PDHbr'
'ATPS4','FUCt2_1','PDHc'
'ATPS4','GAPD','PDHa'
'ATPS4','GAPD','PDHbr'
'ATPS4','GAPD','PDHc'
'ATPS4','PDHa','PGK'
'ATPS4','PDHa','PGM'
'ATPS4','PDHa','TPI'
'ATPS4','PDHbr','PGK'
'ATPS4','PDHbr','PGM'
'ATPS4','PDHbr','TPI'
'ATPS4','PDHc','PGK'
'ATPS4','PDHc','PGM'
'ATPS4','PDHc','TPI'
'CHORM','EX_gly(e)','EX_tyr_L(e)'
'CHORM','EX_gly(e)','TYRt2r'
'CHORM','EX_glytyr(e)','EX_tyr_L(e)'
'CHORM','EX_glytyr(e)','TYRt2r'
'CHORM','EX_tyr_L(e)','GLYTYR1c'
'CHORM','EX_tyr_L(e)','GLYTYRabc'
'CHORM','EX_tyr_L(e)','GLYt2r'
'CHORM','GLYTYR1c','TYRt2r'
'CHORM','GLYTYRabc','TYRt2r'
'CHORM','GLYt2r','TYRt2r'
'CO2t','EX_fuc_L(e)','PC'
'CO2t','FCI','PC'
'CO2t','FCLK','PC'
'CO2t','FCLPA','PC'
'CO2t','FUCt2_1','PC'
'EAR100x','EX_ppi(e)','PPA'
'EAR100x','PPA','PPIt2e'
'EAR120x','EX_ppi(e)','PPA'
'EAR120x','PPA','PPIt2e'
'EAR140x','EX_ppi(e)','PPA'
'EAR140x','PPA','PPIt2e'
'EAR40x','EX_ppi(e)','PPA'
'EAR40x','PPA','PPIt2e'
'EAR60x','EX_ppi(e)','PPA'
'EAR60x','PPA','PPIt2e'
'EAR80x','EX_ppi(e)','PPA'
'EAR80x','PPA','PPIt2e'
'ENO','EX_fuc_L(e)','EX_gcald(e)'
'ENO','EX_fuc_L(e)','GCALDDr'
'ENO','EX_fuc_L(e)','GCALDt'
'ENO','EX_fuc_L(e)','GLXCL'
'ENO','EX_fuc_L(e)','GLYCLTDxr'
'ENO','EX_fuc_L(e)','TRSARr'
'ENO','EX_fuc_L(e)','r0339'
'ENO','EX_gcald(e)','FCI'
'ENO','EX_gcald(e)','FCLK'
'ENO','EX_gcald(e)','FCLPA'
'ENO','EX_gcald(e)','FUCt2_1'
'ENO','EX_gcald(e)','TPI'
'ENO','FCI','GCALDDr'
'ENO','FCI','GCALDt'
'ENO','FCI','GLXCL'
'ENO','FCI','GLYCLTDxr'
'ENO','FCI','TRSARr'
'ENO','FCI','r0339'
'ENO','FCLK','GCALDDr'
'ENO','FCLK','GCALDt'
'ENO','FCLK','GLXCL'
'ENO','FCLK','GLYCLTDxr'
'ENO','FCLK','TRSARr'
'ENO','FCLK','r0339'
'ENO','FCLPA','GCALDDr'
'ENO','FCLPA','GCALDt'
'ENO','FCLPA','GLXCL'
'ENO','FCLPA','GLYCLTDxr'
'ENO','FCLPA','TRSARr'
'ENO','FCLPA','r0339'
'ENO','FUCt2_1','GCALDDr'
'ENO','FUCt2_1','GCALDt'
'ENO','FUCt2_1','GLXCL'
'ENO','FUCt2_1','GLYCLTDxr'
'ENO','FUCt2_1','TRSARr'
'ENO','FUCt2_1','r0339'
'ENO','GCALDDr','TPI'
'ENO','GCALDt','TPI'
'ENO','GLXCL','TPI'
'ENO','GLYCLTDxr','TPI'
'ENO','TPI','TRSARr'
'ENO','TPI','r0339'
'EX_12ppd_S(e)','GAPD','LCADi'
'EX_12ppd_S(e)','LCADi','PGK'
'EX_12ppd_S(e)','LCADi','TPI'
'EX_ac(e)','OOR2r','PDHa'
'EX_ac(e)','OOR2r','PDHbr'
'EX_ac(e)','OOR2r','PDHc'
'EX_ac(e)','PDHa','POR4'
'EX_ac(e)','PDHa','SUCOAS'
'EX_ac(e)','PDHbr','POR4'
'EX_ac(e)','PDHbr','SUCOAS'
'EX_ac(e)','PDHc','POR4'
'EX_ac(e)','PDHc','SUCOAS'
'EX_alahis(e)','EX_his_L(e)','HISTP'
'EX_alahis(e)','EX_his_L(e)','HSTPTr'
'EX_alahis(e)','EX_his_L(e)','IG3PS'
'EX_alahis(e)','EX_his_L(e)','IGPDH'
'EX_alahis(e)','EX_his_L(e)','PRAMPC'
'EX_alahis(e)','EX_his_L(e)','PRATPP'
'EX_alahis(e)','EX_his_L(e)','PRMICI'
'EX_alahis(e)','HISTP','HISt2r'
'EX_alahis(e)','HISt2r','HSTPTr'
'EX_alahis(e)','HISt2r','IG3PS'
'EX_alahis(e)','HISt2r','IGPDH'
'EX_alahis(e)','HISt2r','PRAMPC'
'EX_alahis(e)','HISt2r','PRATPP'
'EX_alahis(e)','HISt2r','PRMICI'
'EX_alathr(e)','EX_thr_L(e)','HSK'
'EX_alathr(e)','EX_thr_L(e)','THRS'
'EX_alathr(e)','HSK','THRt2r'
'EX_alathr(e)','THRS','THRt2r'
'EX_co2(e)','EX_fuc_L(e)','PC'
'EX_co2(e)','FCI','PC'
'EX_co2(e)','FCLK','PC'
'EX_co2(e)','FCLPA','PC'
'EX_co2(e)','FUCt2_1','PC'
'EX_fuc_L(e)','EX_gcald(e)','PGM'
'EX_fuc_L(e)','EX_gcald(e)','PPCKr'
'EX_fuc_L(e)','GCALDDr','PGM'
'EX_fuc_L(e)','GCALDDr','PPCKr'
'EX_fuc_L(e)','GCALDt','PGM'
'EX_fuc_L(e)','GCALDt','PPCKr'
'EX_fuc_L(e)','GLXCL','PGM'
'EX_fuc_L(e)','GLXCL','PPCKr'
'EX_fuc_L(e)','GLYCLTDxr','PGM'
'EX_fuc_L(e)','GLYCLTDxr','PPCKr'
'EX_fuc_L(e)','PGM','TRSARr'
'EX_fuc_L(e)','PGM','r0339'
'EX_fuc_L(e)','PPCKr','TRSARr'
'EX_fuc_L(e)','PPCKr','r0339'
'EX_gcald(e)','FCI','PGM'
'EX_gcald(e)','FCI','PPCKr'
'EX_gcald(e)','FCLK','PGM'
'EX_gcald(e)','FCLK','PPCKr'
'EX_gcald(e)','FCLPA','PGM'
'EX_gcald(e)','FCLPA','PPCKr'
'EX_gcald(e)','FUCt2_1','PGM'
'EX_gcald(e)','FUCt2_1','PPCKr'
'EX_gcald(e)','GAPD','PPCKr'
'EX_gcald(e)','PGK','PPCKr'
'EX_gcald(e)','PGM','TPI'
'EX_gcald(e)','PPCKr','TPI'
'EX_gly(e)','EX_phe_L(e)','PHETA1'
'EX_gly(e)','EX_phe_L(e)','PPNDH'
'EX_gly(e)','EX_pro_L(e)','G5SADs'
'EX_gly(e)','EX_pro_L(e)','G5SDr'
'EX_gly(e)','EX_pro_L(e)','GLU5K'
'EX_gly(e)','EX_pro_L(e)','P5CRyr'
'EX_gly(e)','PHETA1','PHEt2r'
'EX_gly(e)','PHEt2r','PPNDH'
'EX_glyphe(e)','EX_phe_L(e)','PHETA1'
'EX_glyphe(e)','EX_phe_L(e)','PPNDH'
'EX_glyphe(e)','PHETA1','PHEt2r'
'EX_glyphe(e)','PHEt2r','PPNDH'
'EX_glypro(e)','EX_pro_L(e)','G5SADs'
'EX_glypro(e)','EX_pro_L(e)','G5SDr'
'EX_glypro(e)','EX_pro_L(e)','GLU5K'
'EX_glypro(e)','EX_pro_L(e)','P5CRyr'
'EX_phe_L(e)','EX_tyr_L(e)','TALA'
'EX_phe_L(e)','EX_tyr_L(e)','TKT1'
'EX_phe_L(e)','GLYPHEHYc','PHETA1'
'EX_phe_L(e)','GLYPHEHYc','PPNDH'
'EX_phe_L(e)','GLYPHEabc','PHETA1'
'EX_phe_L(e)','GLYPHEabc','PPNDH'
'EX_phe_L(e)','GLYt2r','PHETA1'
'EX_phe_L(e)','GLYt2r','PPNDH'
'EX_phe_L(e)','TALA','TYRt2r'
'EX_phe_L(e)','TKT1','TYRt2r'
'EX_ppi(e)','KAS14','PPA'
'EX_ppi(e)','MCOATA','PPA'
'EX_pro_L(e)','G5SADs','GLYPROPRO1c'
'EX_pro_L(e)','G5SADs','GLYPROabc'
'EX_pro_L(e)','G5SADs','GLYt2r'
'EX_pro_L(e)','G5SDr','GLYPROPRO1c'
'EX_pro_L(e)','G5SDr','GLYPROabc'
'EX_pro_L(e)','G5SDr','GLYt2r'
'EX_pro_L(e)','GLU5K','GLYPROPRO1c'
'EX_pro_L(e)','GLU5K','GLYPROabc'
'EX_pro_L(e)','GLU5K','GLYt2r'
'EX_pro_L(e)','GLYPROPRO1c','P5CRyr'
'EX_pro_L(e)','GLYPROabc','P5CRyr'
'EX_pro_L(e)','GLYt2r','P5CRyr'
'EX_tyr_L(e)','PHETA1','TALA'
'EX_tyr_L(e)','PHETA1','TKT1'
'EX_tyr_L(e)','PHEt2r','TALA'
'EX_tyr_L(e)','PHEt2r','TKT1'
'EX_tyr_L(e)','PPNDH','TALA'
'EX_tyr_L(e)','PPNDH','TKT1'
'EX_val_L(e)','KARA1','KARA3'
'FCI','GCALDDr','PGM'
'FCI','GCALDDr','PPCKr'
'FCI','GCALDt','PGM'
'FCI','GCALDt','PPCKr'
'FCI','GLXCL','PGM'
'FCI','GLXCL','PPCKr'
'FCI','GLYCLTDxr','PGM'
'FCI','GLYCLTDxr','PPCKr'
'FCI','PGM','TRSARr'
'FCI','PGM','r0339'
'FCI','PPCKr','TRSARr'
'FCI','PPCKr','r0339'
'FCLK','GCALDDr','PGM'
'FCLK','GCALDDr','PPCKr'
'FCLK','GCALDt','PGM'
'FCLK','GCALDt','PPCKr'
'FCLK','GLXCL','PGM'
'FCLK','GLXCL','PPCKr'
'FCLK','GLYCLTDxr','PGM'
'FCLK','GLYCLTDxr','PPCKr'
'FCLK','PGM','TRSARr'
'FCLK','PGM','r0339'
'FCLK','PPCKr','TRSARr'
'FCLK','PPCKr','r0339'
'FCLPA','GCALDDr','PGM'
'FCLPA','GCALDDr','PPCKr'
'FCLPA','GCALDt','PGM'
'FCLPA','GCALDt','PPCKr'
'FCLPA','GLXCL','PGM'
'FCLPA','GLXCL','PPCKr'
'FCLPA','GLYCLTDxr','PGM'
'FCLPA','GLYCLTDxr','PPCKr'
'FCLPA','PGM','TRSARr'
'FCLPA','PGM','r0339'
'FCLPA','PPCKr','TRSARr'
'FCLPA','PPCKr','r0339'
'FUCt2_1','GCALDDr','PGM'
'FUCt2_1','GCALDDr','PPCKr'
'FUCt2_1','GCALDt','PGM'
'FUCt2_1','GCALDt','PPCKr'
'FUCt2_1','GLXCL','PGM'
'FUCt2_1','GLXCL','PPCKr'
'FUCt2_1','GLYCLTDxr','PGM'
'FUCt2_1','GLYCLTDxr','PPCKr'
'FUCt2_1','PGM','TRSARr'
'FUCt2_1','PGM','r0339'
'FUCt2_1','PPCKr','TRSARr'
'FUCt2_1','PPCKr','r0339'
'GAPD','GCALDDr','PPCKr'
'GAPD','GCALDt','PPCKr'
'GAPD','GLXCL','PPCKr'
'GAPD','GLYCLTDxr','PPCKr'
'GAPD','LCADi','LCARS'
'GAPD','PPCKr','TRSARr'
'GAPD','PPCKr','r0339'
'GCALDDr','PGK','PPCKr'
'GCALDDr','PGM','TPI'
'GCALDDr','PPCKr','TPI'
'GCALDt','PGK','PPCKr'
'GCALDt','PGM','TPI'
'GCALDt','PPCKr','TPI'
'GLXCL','PGK','PPCKr'
'GLXCL','PGM','TPI'
'GLXCL','PPCKr','TPI'
'GLYCLTDxr','PGK','PPCKr'
'GLYCLTDxr','PGM','TPI'
'GLYCLTDxr','PPCKr','TPI'
'GLYPHEHYc','PHETA1','PHEt2r'
'GLYPHEHYc','PHEt2r','PPNDH'
'GLYPHEabc','PHETA1','PHEt2r'
'GLYPHEabc','PHEt2r','PPNDH'
'GLYt2r','PHETA1','PHEt2r'
'GLYt2r','PHEt2r','PPNDH'
'KARA1','KARA3','VALTA'
'KARA1','KARA3','VALabc'
'KAS14','PPA','PPIt2e'
'LCADi','LCARS','PGK'
'LCADi','LCARS','TPI'
'MCOATA','PPA','PPIt2e'
'PGK','PPCKr','TRSARr'
'PGK','PPCKr','r0339'
'PGM','TPI','TRSARr'
'PGM','TPI','r0339'
'PHETA1','TALA','TYRt2r'
'PHETA1','TKT1','TYRt2r'
'PHEt2r','TALA','TYRt2r'
'PHEt2r','TKT1','TYRt2r'
'PIabc','PIt6b','PIt7ir'
'PPCKr','TPI','TRSARr'
'PPCKr','TPI','r0339'
'PPNDH','TALA','TYRt2r'
'PPNDH','TKT1','TYRt2r'
