ECs1038,ECs0248,ECs4751
ECs5051,ECs0120,ECs0753
ECs5051,ECs0120,ECs0754
ECs5051,ECs0752,ECs0753
ECs5051,ECs0752,ECs0754
ECs5051,ECs0751,ECs0753
ECs5051,ECs0751,ECs0754
ECs0120,ECs3417,ECs0591
ECs0120,ECs0591,ECs3784
ECs0120,ECs0591,ECs5346
ECs0120,ECs3790,ECs0753
ECs0120,ECs3790,ECs0754
ECs0752,ECs3790,ECs0753
ECs0752,ECs3790,ECs0754
ECs0751,ECs3790,ECs0753
ECs0751,ECs3790,ECs0754
ECs0956,ECs3417,ECs4495
ECs0956,ECs3417,ECs4494
ECs3417,ECs3776,ECs0591
ECs3417,ECs3775,ECs0591
ECs3417,ECs3774,ECs0591
ECs3417,ECs4933,ECs4885
ECs3417,ECs4885,ECs0749
ECs3417,ECs4885,ECs0748
ECs3417,ECs4885,ECs0747
ECs3417,ECs4885,ECs0746
ECs3259,ECs3174,ECs4455
ECs0578,ECs4933,ECs4885
ECs0578,ECs4885,ECs0749
ECs0578,ECs4885,ECs0748
ECs0578,ECs4885,ECs0747
ECs0578,ECs4885,ECs0746
allB,ECs4933,ECs4885
allB,ECs4885,ECs0749
allB,ECs4885,ECs0748
allB,ECs4885,ECs0747
allB,ECs4885,ECs0746
ECs4680,ECs2488,ECs2560
ECs4680,ECs2488,ECs2561
ECs4680,ECs2488,ECs4844
ECs4680,ECs2560,ECs3797
ECs4680,ECs2561,ECs3797
ECs4680,ECs3797,ECs4844
ECs4674,ECs2488,ECs2560
ECs4674,ECs2488,ECs2561
ECs4674,ECs2488,ECs4844
ECs4674,ECs2560,ECs3797
ECs4674,ECs2561,ECs3797
ECs4674,ECs3797,ECs4844
ECs4678,ECs2488,ECs2560
ECs4678,ECs2488,ECs2561
ECs4678,ECs2488,ECs4844
ECs4678,ECs2560,ECs3797
ECs4678,ECs2561,ECs3797
ECs4678,ECs3797,ECs4844
ECs4677,ECs2488,ECs2560
ECs4677,ECs2488,ECs2561
ECs4677,ECs2488,ECs4844
ECs4677,ECs2560,ECs3797
ECs4677,ECs2561,ECs3797
ECs4677,ECs3797,ECs4844
ECs4675,ECs2488,ECs2560
ECs4675,ECs2488,ECs2561
ECs4675,ECs2488,ECs4844
ECs4675,ECs2560,ECs3797
ECs4675,ECs2561,ECs3797
ECs4675,ECs3797,ECs4844
ECs4679,ECs2488,ECs2560
ECs4679,ECs2488,ECs2561
ECs4679,ECs2488,ECs4844
ECs4679,ECs2560,ECs3797
ECs4679,ECs2561,ECs3797
ECs4679,ECs3797,ECs4844
ECs4673,ECs2488,ECs2560
ECs4673,ECs2488,ECs2561
ECs4673,ECs2488,ECs4844
ECs4673,ECs2560,ECs3797
ECs4673,ECs2561,ECs3797
ECs4673,ECs3797,ECs4844
ECs4676,ECs2488,ECs2560
ECs4676,ECs2488,ECs2561
ECs4676,ECs2488,ECs4844
ECs4676,ECs2560,ECs3797
ECs4676,ECs2561,ECs3797
ECs4676,ECs3797,ECs4844
ECs4746,ECs5219,ECs4344
ECs4746,ECs5219,ECs4343
ECs4746,ECs5219,ECs4346
ECs4746,ECs5219,ECs4347
ECs4746,ECs5219,ECs4345
ECs0390,ECs0993,ECs3598
ECs4481,ECs0568,ECs4932
ECs0782,ECs2411,ECs3464
ECs3448,ECs4714,ECs4372
ECs2318,ECs2317,ECs4885
ECs2488,ECs4933,ECs2409
ECs2488,ECs2409,ECs0749
ECs2488,ECs2409,ECs0748
ECs2488,ECs2409,ECs0747
ECs2488,ECs2409,ECs0746
ECs2488,ECs3785,ECs4844
ECs3639,ECs4932,ECs2409
ECs3639,ECs4245,ECs2409
ECs2562,ECs4286,ECs4228
ECs3776,ECs0591,ECs3784
ECs3776,ECs0591,ECs5346
ECs3775,ECs0591,ECs3784
ECs3775,ECs0591,ECs5346
ECs3774,ECs0591,ECs3784
ECs3774,ECs0591,ECs5346
ECs4286,ECs0795,ECs4228
ECs4372,ECs3117,ECs5215
ECs4372,ECs3118,ECs5215
ECs3741,ECs4933,ECs4885
ECs3741,ECs4885,ECs0749
ECs3741,ECs4885,ECs0748
ECs3741,ECs4885,ECs0747
ECs3741,ECs4885,ECs0746
ECs3740,ECs4933,ECs4885
ECs3740,ECs4885,ECs0749
ECs3740,ECs4885,ECs0748
ECs3740,ECs4885,ECs0747
ECs3740,ECs4885,ECs0746
ECs3739,ECs4933,ECs4885
ECs3739,ECs4885,ECs0749
ECs3739,ECs4885,ECs0748
ECs3739,ECs4885,ECs0747
ECs3739,ECs4885,ECs0746
ECs4933,ECs0591,ECs4885
ECs4933,ECs3784,ECs4885
ECs4933,ECs3797,ECs2409
ECs4933,ECs4885,ECs5346
ECs4933,ECs4885,ECs0566
ECs0153,ECs4238,ECs3385
ECs0792,ECs4842,ECs3296
ECs0793,ECs4842,ECs3296
ECs4842,ECs3296,ECs0791
ECs0591,ECs0985,ECs4880
ECs0591,ECs0985,ECs4881
ECs0591,ECs4885,ECs0749
ECs0591,ECs4885,ECs0748
ECs0591,ECs4885,ECs0747
ECs0591,ECs4885,ECs0746
ECs1851,ECs0921,ECs3940
ECs3784,ECs4885,ECs0749
ECs3784,ECs4885,ECs0748
ECs3784,ECs4885,ECs0747
ECs3784,ECs4885,ECs0746
ECs3797,ECs2409,ECs0749
ECs3797,ECs2409,ECs0748
ECs3797,ECs2409,ECs0747
ECs3797,ECs2409,ECs0746
ECs3797,ECs3785,ECs4844
ECs4365,ECs3872,ECs4664
ECs4365,ECs3872,ECs4661
ECs4365,ECs3872,ECs4663
ECs4365,ECs3872,ECs4662
ECs4885,ECs5346,ECs0749
ECs4885,ECs5346,ECs0748
ECs4885,ECs5346,ECs0747
ECs4885,ECs5346,ECs0746
ECs4885,ECs0749,ECs0566
ECs4885,ECs0748,ECs0566
ECs4885,ECs0747,ECs0566
ECs4885,ECs0746,ECs0566
ECs3117,ECs3539,ECs5215
ECs3117,ECs3538,ECs5215
ECs3118,ECs3539,ECs5215
ECs3118,ECs3538,ECs5215
ECs3539,ECs5215,ECs0973
ECs3538,ECs5215,ECs0973
ECs3785,ECs0008,ECs3326
