[
  {
    "'2DMMQ8abc'": "'2MBCOATA'"
  },
  {
    "'2DMMQ8abc'": "'2MEBCOADH'"
  },
  {
    "'2DMMQ8abc'": "'3HAD10M12'"
  },
  {
    "'2DMMQ8abc'": "'3HAD11M12'"
  },
  {
    "'2DMMQ8abc'": "'3HAD12M14'"
  },
  {
    "'2DMMQ8abc'": "'3HAD13M14'"
  },
  {
    "'2DMMQ8abc'": "'3HAD14M16'"
  },
  {
    "'2DMMQ8abc'": "'3HAD15M16'"
  },
  {
    "'2DMMQ8abc'": "'3HAD4M6'"
  },
  {
    "'2DMMQ8abc'": "'3HAD5M6'"
  },
  {
    "'2DMMQ8abc'": "'3HAD6M8'"
  },
  {
    "'2DMMQ8abc'": "'3HAD7M8'"
  },
  {
    "'2DMMQ8abc'": "'3HAD8M10'"
  },
  {
    "'2DMMQ8abc'": "'3HAD9M10'"
  },
  {
    "'2DMMQ8abc'": "'3MEBCOADH'"
  },
  {
    "'2DMMQ8abc'": "'3OAR10M12'"
  },
  {
    "'2DMMQ8abc'": "'3OAR11M12'"
  },
  {
    "'2DMMQ8abc'": "'3OAR12M14'"
  },
  {
    "'2DMMQ8abc'": "'3OAR13M14'"
  },
  {
    "'2DMMQ8abc'": "'3OAR14M16'"
  },
  {
    "'2DMMQ8abc'": "'3OAR15M16'"
  },
  {
    "'2DMMQ8abc'": "'3OAR4M6'"
  },
  {
    "'2DMMQ8abc'": "'3OAR5M6'"
  },
  {
    "'2DMMQ8abc'": "'3OAR6M8'"
  },
  {
    "'2DMMQ8abc'": "'3OAR7M8'"
  },
  {
    "'2DMMQ8abc'": "'3OAR8M10'"
  },
  {
    "'2DMMQ8abc'": "'3OAR9M10'"
  },
  {
    "'2DMMQ8abc'": "'3OAS10M12'"
  },
  {
    "'2DMMQ8abc'": "'3OAS11M12'"
  },
  {
    "'2DMMQ8abc'": "'3OAS12M14'"
  },
  {
    "'2DMMQ8abc'": "'3OAS13M14'"
  },
  {
    "'2DMMQ8abc'": "'3OAS3M4'"
  },
  {
    "'2DMMQ8abc'": "'3OAS4M3O6'"
  },
  {
    "'2DMMQ8abc'": "'3OAS4M6'"
  },
  {
    "'2DMMQ8abc'": "'3OAS5M6'"
  },
  {
    "'2DMMQ8abc'": "'3OAS6M8'"
  },
  {
    "'2DMMQ8abc'": "'3OAS7M8'"
  },
  {
    "'2DMMQ8abc'": "'3OAS8M10'"
  },
  {
    "'2DMMQ8abc'": "'3OAS9M10'"
  },
  {
    "'2DMMQ8abc'": "'ACBIPGT'"
  },
  {
    "'2DMMQ8abc'": "'ACGAMT'"
  },
  {
    "'2DMMQ8abc'": "'ACHBPL'"
  },
  {
    "'2DMMQ8abc'": "'ACOAAGPATAI17'"
  },
  {
    "'2DMMQ8abc'": "'ACOAAGPATI17'"
  },
  {
    "'2DMMQ8abc'": "'ACPS1'"
  },
  {
    "'2DMMQ8abc'": "'ADOCBLS'"
  },
  {
    "'2DMMQ8abc'": "'AIHDUDPMG'"
  },
  {
    "'2DMMQ8abc'": "'AIHDUPDG'"
  },
  {
    "'2DMMQ8abc'": "'AIHPDCOATA'"
  },
  {
    "'2DMMQ8abc'": "'ALAALA'"
  },
  {
    "'2DMMQ8abc'": "'ALAPGPL'"
  },
  {
    "'2DMMQ8abc'": "'ASP1DC'"
  },
  {
    "'2DMMQ8abc'": "'BPNT'"
  },
  {
    "'2DMMQ8abc'": "'CAt4i'"
  },
  {
    "'2DMMQ8abc'": "'CBIAT'"
  },
  {
    "'2DMMQ8abc'": "'CDPGLYCGPT'"
  },
  {
    "'2DMMQ8abc'": "'CDPMEK'"
  },
  {
    "'2DMMQ8abc'": "'CGLYabc'"
  },
  {
    "'2DMMQ8abc'": "'CLPNS180'"
  },
  {
    "'2DMMQ8abc'": "'CLPNSAI17'"
  },
  {
    "'2DMMQ8abc'": "'CLPNSI17'"
  },
  {
    "'2DMMQ8abc'": "'COBALTt5'"
  },
  {
    "'2DMMQ8abc'": "'Cuabc'"
  },
  {
    "'2DMMQ8abc'": "'DAPabc'"
  },
  {
    "'2DMMQ8abc'": "'DASYN180'"
  },
  {
    "'2DMMQ8abc'": "'DASYNAI17'"
  },
  {
    "'2DMMQ8abc'": "'DASYNI17'"
  },
  {
    "'2DMMQ8abc'": "'DHAD2'"
  },
  {
    "'2DMMQ8abc'": "'DHFOR2'"
  },
  {
    "'2DMMQ8abc'": "'DHFR'"
  },
  {
    "'2DMMQ8abc'": "'DMATT'"
  },
  {
    "'2DMMQ8abc'": "'DPCOAK'"
  },
  {
    "'2DMMQ8abc'": "'DPRr'"
  },
  {
    "'2DMMQ8abc'": "'DTMPK'"
  },
  {
    "'2DMMQ8abc'": "'DXPRIr'"
  },
  {
    "'2DMMQ8abc'": "'DXPS'"
  },
  {
    "'2DMMQ8abc'": "'EAR10M12'"
  },
  {
    "'2DMMQ8abc'": "'EAR11M12x'"
  },
  {
    "'2DMMQ8abc'": "'EAR12M14x'"
  },
  {
    "'2DMMQ8abc'": "'EAR13M14x'"
  },
  {
    "'2DMMQ8abc'": "'EAR14M16'"
  },
  {
    "'2DMMQ8abc'": "'EAR15M16'"
  },
  {
    "'2DMMQ8abc'": "'EAR4M6'"
  },
  {
    "'2DMMQ8abc'": "'EAR5M6'"
  },
  {
    "'2DMMQ8abc'": "'EAR6M8x'"
  },
  {
    "'2DMMQ8abc'": "'EAR7M8'"
  },
  {
    "'2DMMQ8abc'": "'EAR8M10x'"
  },
  {
    "'2DMMQ8abc'": "'EAR9M10x'"
  },
  {
    "'2DMMQ8abc'": "'EX_26dap_M(e)'"
  },
  {
    "'2DMMQ8abc'": "'EX_2dmmq8(e)'"
  },
  {
    "'2DMMQ8abc'": "'EX_biomass(e)'"
  },
  {
    "'2DMMQ8abc'": "'EX_ca2(e)'"
  },
  {
    "'2DMMQ8abc'": "'EX_cgly(e)'"
  },
  {
    "'2DMMQ8abc'": "'EX_cl(e)'"
  },
  {
    "'2DMMQ8abc'": "'EX_cobalt2(e)'"
  },
  {
    "'2DMMQ8abc'": "'EX_cu2(e)'"
  },
  {
    "'2DMMQ8abc'": "'EX_fe2(e)'"
  },
  {
    "'2DMMQ8abc'": "'EX_fe3(e)'"
  },
  {
    "'2DMMQ8abc'": "'EX_fol(e)'"
  },
  {
    "'2DMMQ8abc'": "'EX_k(e)'"
  },
  {
    "'2DMMQ8abc'": "'EX_mg2(e)'"
  },
  {
    "'2DMMQ8abc'": "'EX_mn2(e)'"
  },
  {
    "'2DMMQ8abc'": "'EX_nac(e)'"
  },
  {
    "'2DMMQ8abc'": "'EX_ocdca(e)'"
  },
  {
    "'2DMMQ8abc'": "'EX_pheme(e)'"
  },
  {
    "'2DMMQ8abc'": "'EX_q8(e)'"
  },
  {
    "'2DMMQ8abc'": "'EX_ribflv(e)'"
  },
  {
    "'2DMMQ8abc'": "'EX_sheme(e)'"
  },
  {
    "'2DMMQ8abc'": "'EX_so4(e)'"
  },
  {
    "'2DMMQ8abc'": "'EX_spmd(e)'"
  },
  {
    "'2DMMQ8abc'": "'EX_zn2(e)'"
  },
  {
    "'2DMMQ8abc'": "'FE2abc'"
  },
  {
    "'2DMMQ8abc'": "'FMNAT'"
  },
  {
    "'2DMMQ8abc'": "'FOLt'"
  },
  {
    "'2DMMQ8abc'": "'G1PACT'"
  },
  {
    "'2DMMQ8abc'": "'G3PAT180'"
  },
  {
    "'2DMMQ8abc'": "'G3PATAI17'"
  },
  {
    "'2DMMQ8abc'": "'G3PATI17'"
  },
  {
    "'2DMMQ8abc'": "'G3PCT'"
  },
  {
    "'2DMMQ8abc'": "'GALU'"
  },
  {
    "'2DMMQ8abc'": "'GGTA'"
  },
  {
    "'2DMMQ8abc'": "'GLUR'"
  },
  {
    "'2DMMQ8abc'": "'GRTT'"
  },
  {
    "'2DMMQ8abc'": "'HEMEti'"
  },
  {
    "'2DMMQ8abc'": "'IHDUDPG'"
  },
  {
    "'2DMMQ8abc'": "'IHDUDPMG'"
  },
  {
    "'2DMMQ8abc'": "'IHPDCOATA'"
  },
  {
    "'2DMMQ8abc'": "'ILETA'"
  },
  {
    "'2DMMQ8abc'": "'IVCOATA'"
  },
  {
    "'2DMMQ8abc'": "'MCOATA'"
  },
  {
    "'2DMMQ8abc'": "'MECDPDH2'"
  },
  {
    "'2DMMQ8abc'": "'MECDPS'"
  },
  {
    "'2DMMQ8abc'": "'MEPCT'"
  },
  {
    "'2DMMQ8abc'": "'METAT'"
  },
  {
    "'2DMMQ8abc'": "'METFR'"
  },
  {
    "'2DMMQ8abc'": "'MG2abc'"
  },
  {
    "'2DMMQ8abc'": "'MOHMT'"
  },
  {
    "'2DMMQ8abc'": "'NACt2r'"
  },
  {
    "'2DMMQ8abc'": "'NAPRT'"
  },
  {
    "'2DMMQ8abc'": "'NNATr'"
  },
  {
    "'2DMMQ8abc'": "'NNDMBRT'"
  },
  {
    "'2DMMQ8abc'": "'OCDCAt2'"
  },
  {
    "'2DMMQ8abc'": "'OIVD3'"
  },
  {
    "'2DMMQ8abc'": "'ORNDC'"
  },
  {
    "'2DMMQ8abc'": "'PAAI17P'"
  },
  {
    "'2DMMQ8abc'": "'PAI17P'"
  },
  {
    "'2DMMQ8abc'": "'PANTS'"
  },
  {
    "'2DMMQ8abc'": "'PAPPT3'"
  },
  {
    "'2DMMQ8abc'": "'PEPGLY'"
  },
  {
    "'2DMMQ8abc'": "'PGAMT'"
  },
  {
    "'2DMMQ8abc'": "'PGMT'"
  },
  {
    "'2DMMQ8abc'": "'PGPGT'"
  },
  {
    "'2DMMQ8abc'": "'PGPP180'"
  },
  {
    "'2DMMQ8abc'": "'PGPPAI17'"
  },
  {
    "'2DMMQ8abc'": "'PGPPI17'"
  },
  {
    "'2DMMQ8abc'": "'PGSA180'"
  },
  {
    "'2DMMQ8abc'": "'PGSAAI17'"
  },
  {
    "'2DMMQ8abc'": "'PGSAI17'"
  },
  {
    "'2DMMQ8abc'": "'PMPK'"
  },
  {
    "'2DMMQ8abc'": "'PNTK'"
  },
  {
    "'2DMMQ8abc'": "'PPCDC'"
  },
  {
    "'2DMMQ8abc'": "'PRPPS'"
  },
  {
    "'2DMMQ8abc'": "'PSD180'"
  },
  {
    "'2DMMQ8abc'": "'PSDAI17'"
  },
  {
    "'2DMMQ8abc'": "'PSDI17'"
  },
  {
    "'2DMMQ8abc'": "'PSSA180'"
  },
  {
    "'2DMMQ8abc'": "'PSSAAI17'"
  },
  {
    "'2DMMQ8abc'": "'PSSAI17'"
  },
  {
    "'2DMMQ8abc'": "'PTPAT'"
  },
  {
    "'2DMMQ8abc'": "'Q8abc'"
  },
  {
    "'2DMMQ8abc'": "'RBFK'"
  },
  {
    "'2DMMQ8abc'": "'RIBFLVt2r'"
  },
  {
    "'2DMMQ8abc'": "'RZ5PP'"
  },
  {
    "'2DMMQ8abc'": "'SHEMEabc'"
  },
  {
    "'2DMMQ8abc'": "'SO4t2'"
  },
  {
    "'2DMMQ8abc'": "'SPMDabc'"
  },
  {
    "'2DMMQ8abc'": "'SUDPDGT'"
  },
  {
    "'2DMMQ8abc'": "'SUDPMGT'"
  },
  {
    "'2DMMQ8abc'": "'TECA1S180'"
  },
  {
    "'2DMMQ8abc'": "'TECA1SAI17'"
  },
  {
    "'2DMMQ8abc'": "'TECA1SI17'"
  },
  {
    "'2DMMQ8abc'": "'TECA2S180'"
  },
  {
    "'2DMMQ8abc'": "'TECA2SAI17'"
  },
  {
    "'2DMMQ8abc'": "'TECA2SI17'"
  },
  {
    "'2DMMQ8abc'": "'TECA3S180'"
  },
  {
    "'2DMMQ8abc'": "'TECA3SAI17'"
  },
  {
    "'2DMMQ8abc'": "'TECA3SI17'"
  },
  {
    "'2DMMQ8abc'": "'TECA4S'"
  },
  {
    "'2DMMQ8abc'": "'TECA5S180'"
  },
  {
    "'2DMMQ8abc'": "'TECA5SAI17'"
  },
  {
    "'2DMMQ8abc'": "'TECA5SI17'"
  },
  {
    "'2DMMQ8abc'": "'TECAAE'"
  },
  {
    "'2DMMQ8abc'": "'TECAGE'"
  },
  {
    "'2DMMQ8abc'": "'TECAUE'"
  },
  {
    "'2DMMQ8abc'": "'TMPK'"
  },
  {
    "'2DMMQ8abc'": "'TMPPP'"
  },
  {
    "'2DMMQ8abc'": "'TRDRr'"
  },
  {
    "'2DMMQ8abc'": "'UAAGDS'"
  },
  {
    "'2DMMQ8abc'": "'UACMAMAT'"
  },
  {
    "'2DMMQ8abc'": "'UAG2E'"
  },
  {
    "'2DMMQ8abc'": "'UAG4E'"
  },
  {
    "'2DMMQ8abc'": "'UAGCVT_r'"
  },
  {
    "'2DMMQ8abc'": "'UAGDP'"
  },
  {
    "'2DMMQ8abc'": "'UAGPT3'"
  },
  {
    "'2DMMQ8abc'": "'UAMAGS'"
  },
  {
    "'2DMMQ8abc'": "'UAMAS'"
  },
  {
    "'2DMMQ8abc'": "'UAPGR'"
  },
  {
    "'2DMMQ8abc'": "'UDCPDP'"
  },
  {
    "'2DMMQ8abc'": "'UDCPDPS'"
  },
  {
    "'2DMMQ8abc'": "'UGMDDS'"
  },
  {
    "'2DMMQ8abc'": "'dreplication'"
  },
  {
    "'2DMMQ8abc'": "'pbiosynthesis'"
  },
  {
    "'2DMMQ8abc'": "'r2137'"
  },
  {
    "'2DMMQ8abc'": "'rtranscription'"
  },
  {
    "'2DMMQ8abc'": "'sink_PGPm1[c]'"
  },
  {
    "'2DMMQ8abc'": "'biomass225'"
  }
]