[
  {
    "'SF0170'": "'SF1097'"
  },
  {
    "'SF0170'": "'SF2399'"
  },
  {
    "'SF0170'": "'SF0004'"
  },
  {
    "'SF0170'": "'SF0151'"
  },
  {
    "'SF0170'": "'SF1098'"
  },
  {
    "'SF0170'": "'s0001'"
  },
  {
    "'SF0170'": "'SF3294'"
  },
  {
    "'SF0170'": "'SF0175'"
  },
  {
    "'SF0170'": "'SF3293'"
  },
  {
    "'SF0170'": "'SF2392'"
  },
  {
    "'SF0170'": "'SF4036'"
  },
  {
    "'SF0170'": "'SF2829'"
  },
  {
    "'SF0170'": "'SF1095'"
  },
  {
    "'SF0170'": "'SF4034'"
  },
  {
    "'SF0170'": "'SF3240'"
  },
  {
    "'SF0170'": "'SF3239'"
  },
  {
    "'SF0170'": "'SF4228'"
  },
  {
    "'SF0170'": "'SF4227'"
  },
  {
    "'SF0170'": "'SF3241'"
  },
  {
    "'SF0170'": "'SF3378'"
  },
  {
    "'SF0170'": "'SF0419'"
  },
  {
    "'SF0170'": "'SF2773'"
  },
  {
    "'SF0170'": "'SF1150'"
  },
  {
    "'SF0170'": "'SF4332'"
  },
  {
    "'SF0170'": "'SF3062'"
  },
  {
    "'SF0170'": "'SF4035'"
  },
  {
    "'SF0170'": "'SF4078'"
  },
  {
    "'SF0170'": "'SF0453'"
  },
  {
    "'SF0170'": "'SF0454'"
  },
  {
    "'SF0170'": "'SF0725'"
  },
  {
    "'SF0170'": "'SF4066'"
  },
  {
    "'SF0170'": "'SF1266'"
  },
  {
    "'SF0170'": "'SF1267'"
  },
  {
    "'SF0170'": "'SF0726'"
  },
  {
    "'SF0170'": "'SF0351'"
  },
  {
    "'SF0170'": "'SF4037'"
  },
  {
    "'SF0170'": "'SF3213'"
  },
  {
    "'SF0170'": "'SF3456'"
  },
  {
    "'SF0170'": "'SF0128'"
  },
  {
    "'SF0170'": "'SF4245'"
  },
  {
    "'SF0170'": "'SF0925'"
  },
  {
    "'SF0170'": "'SF2081'"
  },
  {
    "'SF0170'": "'SF0777'"
  },
  {
    "'SF0170'": "'SF3928'"
  },
  {
    "'SF0170'": "'SF4272'"
  },
  {
    "'SF0170'": "'SF0724'"
  },
  {
    "'SF0170'": "'SF3236'"
  },
  {
    "'SF0170'": "'SF3080'"
  },
  {
    "'SF0170'": "'SF1211'"
  },
  {
    "'SF0170'": "'SF2659'"
  },
  {
    "'SF0170'": "'SF2660'"
  },
  {
    "'SF0170'": "'SF2405'"
  },
  {
    "'SF0170'": "'SF4166'"
  },
  {
    "'SF0170'": "'SF0910'"
  },
  {
    "'SF0170'": "'SF0731'"
  },
  {
    "'SF0170'": "'SF0733'"
  },
  {
    "'SF0170'": "'SF0577'"
  },
  {
    "'SF0170'": "'SF2795'"
  },
  {
    "'SF0170'": "'SF2848'"
  },
  {
    "'SF0170'": "'SF3887'"
  },
  {
    "'SF0170'": "'SF0165'"
  },
  {
    "'SF0170'": "'SF3081'"
  },
  {
    "'SF0170'": "'SF0728'"
  },
  {
    "'SF0170'": "'SF3688'"
  },
  {
    "'SF0170'": "'SF3846'"
  },
  {
    "'SF0170'": "'SF0028'"
  },
  {
    "'SF0170'": "'SF2521'"
  },
  {
    "'SF0170'": "'SF1068'"
  },
  {
    "'SF0170'": "'SF3407'"
  },
  {
    "'SF0170'": "'SF1723'"
  },
  {
    "'SF0170'": "'SF0358'"
  },
  {
    "'SF0170'": "'SF0026'"
  },
  {
    "'SF0170'": "'SF0100'"
  },
  {
    "'SF0170'": "'SF3848'"
  },
  {
    "'SF0170'": "'SF1102'"
  },
  {
    "'SF0170'": "'SF0163'"
  },
  {
    "'SF0170'": "'SF0357'"
  },
  {
    "'SF0170'": "'SF1293'"
  },
  {
    "'SF0170'": "'SF2779'"
  },
  {
    "'SF0170'": "'SF2780'"
  },
  {
    "'SF0170'": "'SF0420'"
  },
  {
    "'SF0170'": "'SF0021'"
  },
  {
    "'SF0170'": "'SF3810'"
  },
  {
    "'SF0170'": "'SF0146'"
  },
  {
    "'SF0170'": "'SF3647'"
  },
  {
    "'SF0170'": "'SF3809'"
  },
  {
    "'SF0170'": "'SF2388'"
  },
  {
    "'SF0170'": "'SF4049'"
  },
  {
    "'SF0170'": "'SF1213'"
  },
  {
    "'SF0170'": "'SF2462'"
  },
  {
    "'SF0170'": "'SF2553'"
  },
  {
    "'SF0170'": "'SF1281'"
  },
  {
    "'SF0170'": "'SF4165'"
  },
  {
    "'SF0170'": "'SF0123'"
  },
  {
    "'SF0170'": "'SF2082'"
  },
  {
    "'SF0170'": "'SF2084'"
  },
  {
    "'SF0170'": "'SF3877'"
  },
  {
    "'SF0170'": "'SF2165'"
  },
  {
    "'SF0170'": "'SF0003'"
  },
  {
    "'SF0170'": "'SF2083'"
  },
  {
    "'SF0170'": "'SF2577'"
  },
  {
    "'SF0170'": "'SF3880'"
  },
  {
    "'SF0170'": "'SF1155'"
  },
  {
    "'SF0170'": "'SF2085'"
  },
  {
    "'SF0170'": "'SF2087'"
  },
  {
    "'SF0170'": "'SF1265'"
  },
  {
    "'SF0170'": "'SF3845'"
  },
  {
    "'SF0170'": "'SF0068'"
  },
  {
    "'SF0170'": "'SF0066'"
  },
  {
    "'SF0170'": "'SF0067'"
  },
  {
    "'SF0170'": "'SF0069'"
  },
  {
    "'SF0170'": "'SF0914'"
  },
  {
    "'SF0170'": "'SF3238'"
  },
  {
    "'SF0170'": "'SF1218'"
  },
  {
    "'SF0170'": "'SF0172'"
  },
  {
    "'SF0170'": "'SF0727'"
  },
  {
    "'SF0170'": "'SF1096'"
  },
  {
    "'SF0170'": "'SF2561'"
  },
  {
    "'SF0170'": "'SF2769'"
  },
  {
    "'SF0170'": "'SF2770'"
  },
  {
    "'SF0170'": "'SF2933'"
  },
  {
    "'SF0170'": "'SF0189'"
  },
  {
    "'SF0170'": "'SF0190'"
  },
  {
    "'SF0170'": "'SF0188'"
  },
  {
    "'SF0170'": "'SF0734'"
  },
  {
    "'SF0170'": "'SF3672'"
  },
  {
    "'SF0170'": "'SF0541'"
  },
  {
    "'SF0170'": "'SF0539'"
  },
  {
    "'SF0170'": "'SF0540'"
  },
  {
    "'SF0170'": "'SF0131'"
  },
  {
    "'SF0170'": "'SF0010'"
  },
  {
    "'SF0170'": "'SF1075'"
  },
  {
    "'SF0170'": "'SF0735'"
  },
  {
    "'SF0170'": "'SF0776'"
  },
  {
    "'SF0170'": "'SF4019'"
  },
  {
    "'SF0170'": "'SF2674'"
  },
  {
    "'SF0170'": "'SF1486'"
  },
  {
    "'SF0170'": "'SF0928'"
  },
  {
    "'SF0170'": "'SF0642'"
  },
  {
    "'SF0170'": "'SF4235'"
  },
  {
    "'SF0170'": "'SF3227'"
  },
  {
    "'SF0170'": "'SF0902'"
  },
  {
    "'SF0170'": "'SF1285'"
  },
  {
    "'SF0170'": "'SF2387'"
  },
  {
    "'SF0170'": "'SF3919'"
  },
  {
    "'SF0170'": "'SF3681'"
  },
  {
    "'SF0170'": "'SF0322'"
  },
  {
    "'SF0170'": "'SF0130'"
  },
  {
    "'SF0170'": "'SF0084'"
  },
  {
    "'SF0170'": "'SF2778'"
  },
  {
    "'SF0170'": "'SF2626'"
  },
  {
    "'SF0170'": "'SF0049'"
  },
  {
    "'SF0170'": "'SF2396'"
  },
  {
    "'SF0170'": "'SF3216'"
  },
  {
    "'SF0170'": "'SF3435'"
  },
  {
    "'SF0170'": "'SF4052'"
  },
  {
    "'SF0170'": "'SF0249'"
  },
  {
    "'SF0170'": "'SF3678'"
  },
  {
    "'SF0170'": "'SF3926'"
  },
  {
    "'SF0170'": "'SF4077'"
  },
  {
    "'SF0170'": "'SF2543'"
  },
  {
    "'SF0170'": "'SF2088'"
  },
  {
    "'SF0170'": "'SF2519'"
  },
  {
    "'SF0170'": "'SF2604'"
  },
  {
    "'SF0170'": "'SF2086'"
  },
  {
    "'SF0170'": "'SF1210'"
  },
  {
    "'SF0170'": "'SF0903'"
  },
  {
    "'SF0170'": "'SF4318'"
  },
  {
    "'SF0170'": "'SF2647'"
  },
  {
    "'SF0170'": "'SF3673'"
  },
  {
    "'SF0170'": "'SF1690'"
  },
  {
    "'SF0170'": "'SF0352'"
  },
  {
    "'SF0170'": "'SF2714'"
  },
  {
    "'SF0170'": "'SF2775'"
  },
  {
    "'SF0170'": "'SF2774'"
  },
  {
    "'SF0170'": "'SF2514'"
  },
  {
    "'SF0170'": "'SF3646'"
  },
  {
    "'SF0170'": "'SF3387'"
  },
  {
    "'SF0170'": "'SF0911'"
  },
  {
    "'SF0170'": "'SF0156'"
  },
  {
    "'SF0170'": "'thiS'"
  },
  {
    "'SF0170'": "'thiI'"
  },
  {
    "'SF0170'": "'SF4064'"
  },
  {
    "'SF0170'": "'SF4062'"
  },
  {
    "'SF0170'": "'SF2507'"
  },
  {
    "'SF0170'": "'SF2837'"
  },
  {
    "'SF0170'": "'SF0354'"
  },
  {
    "'SF0170'": "'SF4065'"
  },
  {
    "'SF0170'": "'SF1264'"
  },
  {
    "'SF0170'": "'SF1263'"
  },
  {
    "'SF0170'": "'SF4063'"
  },
  {
    "'SF0170'": "'SF0169'"
  },
  {
    "'SF0170'": "'SF0082'"
  },
  {
    "'SF0170'": "'SF0171'"
  },
  {
    "'SF0170'": "'SF3229'"
  },
  {
    "'SF0170'": "'SF0087'"
  },
  {
    "'SF0170'": "'SF0085'"
  },
  {
    "'SF0170'": "'SF0088'"
  },
  {
    "'SF0170'": "'SF4050'"
  },
  {
    "'SF0170'": "'SF0164'"
  },
  {
    "'SF0170'": "'SF0083'"
  },
  {
    "'SF0170'": "'SF0093'"
  },
  {
    "'SF0170'": "'SF3876'"
  },
  {
    "'SF0170'": "'SF4069'"
  },
  {
    "'SF0170'": "'SF0455'"
  }
]