'23DHMPO','EX_ile_L(e)','KARA2'
'23DHMPO','ILEt2r','KARA2'
'2AHBUTI','EX_ile_L(e)','KARA2'
'2AHBUTI','ILEt2r','KARA2'
'ACGAMK','AMANAPEr','GF6PTA'
'ACGAMK','AMANK','GF6PTA'
'ACGAabc','ACNML','GF6PTA'
'ACKr','ACt2r','GF6PTA'
'ACKr','ATPS4','ENO'
'ACKr','ATPS4','GAPD'
'ACKr','ATPS4','PGK'
'ACKr','ATPS4','PGM'
'ACKr','EX_ac(e)','GF6PTA'
'ACKr','PDHa','PFL'
'ACKr','PDHbr','PFL'
'ACKr','PDHc','PFL'
'ACLS_a','EX_ile_L(e)','LPAMS'
'ACLS_a','EX_ile_L(e)','PDHa'
'ACLS_a','EX_val_L(e)','LPAMS'
'ACLS_a','EX_val_L(e)','PDHa'
'ACLS_a','ILEt2r','LPAMS'
'ACLS_a','ILEt2r','PDHa'
'ACLS_a','LPAMS','VALTA'
'ACLS_a','LPAMS','VALt2r'
'ACLS_a','PDHa','VALTA'
'ACLS_a','PDHa','VALt2r'
'ACNML','EX_acgam(e)','GF6PTA'
'ACt2r','ATPS4','ENO'
'ACt2r','ATPS4','GAPD'
'ACt2r','ATPS4','PGK'
'ACt2r','ATPS4','PGM'
'ACt2r','GF6PTA','PTAr'
'ADK11','NDPK6','RNDR4'
'ADK5','CYTDt2r','NDPK3'
'ADK5','EX_cytd(e)','NDPK3'
'ADK5','NDPK3','NTD4'
'ADK7','GK1','NDPK8'
'ADK8','NDPK7','RNTR3'
'ADK9','NDPK5','RNTR2'
'AHC','EX_glyc3p(e)','EX_pi(e)'
'AHC','EX_glyc3p(e)','PIt6b'
'AHC','EX_pi(e)','GLYC3Pabc'
'AHC','EX_pi(e)','TPI'
'AHC','GLYC3Pabc','PIt6b'
'AHC','PIt6b','TPI'
'AHCYSNS_r','EX_glyc3p(e)','EX_pi(e)'
'AHCYSNS_r','EX_glyc3p(e)','PIt6b'
'AHCYSNS_r','EX_pi(e)','GLYC3Pabc'
'AHCYSNS_r','EX_pi(e)','TPI'
'AHCYSNS_r','GLYC3Pabc','PIt6b'
'AHCYSNS_r','PIt6b','TPI'
'AKGS','EX_succ(e)','FUM'
'AKGS','FUM','SUCCt2r'
'ALACI','EX_val_L(e)','KARA1'
'ALACI','KARA1','VALTA'
'ALACI','KARA1','VALt2r'
'ALATHR1c','EX_thr_L(e)','HSK'
'ALATHR1c','EX_thr_L(e)','THRS'
'ALATHR1c','HSK','THRt2r'
'ALATHR1c','THRS','THRt2r'
'ALATHRabc','EX_thr_L(e)','HSK'
'ALATHRabc','EX_thr_L(e)','THRS'
'ALATHRabc','HSK','THRt2r'
'ALATHRabc','THRS','THRt2r'
'AMPTASECG','AMPTASEGC','CYSt2r'
'AMPTASECG','AMPTASEGC','EX_cys_L(e)'
'AMPTASECG','CYSt2r','EX_glycys(e)'
'AMPTASECG','CYSt2r','GLYCYSabc'
'AMPTASECG','EX_cys_L(e)','EX_glycys(e)'
'AMPTASECG','EX_cys_L(e)','GLYCYSabc'
'AMPTASEGC','CGLYabc','CYSt2r'
'AMPTASEGC','CGLYabc','EX_cys_L(e)'
'AMPTASEGC','CYSt2r','EX_cgly(e)'
'AMPTASEGC','EX_cgly(e)','EX_cys_L(e)'
'ASPCT','CYTDK3','EX_ura(e)'
'ASPCT','CYTDK3','UPPRT'
'ASPCT','CYTDK3','URAt2'
'ASPCT','CYTDt2r','EX_ura(e)'
'ASPCT','CYTDt2r','UPPRT'
'ASPCT','CYTDt2r','URAt2'
'ASPCT','CYTK1','EX_ura(e)'
'ASPCT','CYTK1','UPPRT'
'ASPCT','CYTK1','URAt2'
'ASPCT','DCTPD2','EX_ura(e)'
'ASPCT','DCTPD2','UPPRT'
'ASPCT','DCTPD2','URAt2'
'ASPCT','EX_cytd(e)','EX_ura(e)'
'ASPCT','EX_cytd(e)','UPPRT'
'ASPCT','EX_cytd(e)','URAt2'
'ASPCT','EX_ura(e)','NDPK9'
'ASPCT','NDPK9','UPPRT'
'ASPCT','NDPK9','URAt2'
'ATPS4','ENO','EX_ac(e)'
'ATPS4','ENO','PTAr'
'ATPS4','EX_ac(e)','GAPD'
'ATPS4','EX_ac(e)','PGK'
'ATPS4','EX_ac(e)','PGM'
'ATPS4','GAPD','PTAr'
'ATPS4','PGK','PTAr'
'ATPS4','PGM','PTAr'
'CBPS','CYTDK3','EX_ura(e)'
'CBPS','CYTDK3','UPPRT'
'CBPS','CYTDK3','URAt2'
'CBPS','CYTDt2r','EX_ura(e)'
'CBPS','CYTDt2r','UPPRT'
'CBPS','CYTDt2r','URAt2'
'CBPS','CYTK1','EX_ura(e)'
'CBPS','CYTK1','UPPRT'
'CBPS','CYTK1','URAt2'
'CBPS','DCTPD2','EX_ura(e)'
'CBPS','DCTPD2','UPPRT'
'CBPS','DCTPD2','URAt2'
'CBPS','EX_cytd(e)','EX_ura(e)'
'CBPS','EX_cytd(e)','UPPRT'
'CBPS','EX_cytd(e)','URAt2'
'CBPS','EX_ura(e)','NDPK9'
'CBPS','NDPK9','UPPRT'
'CBPS','NDPK9','URAt2'
'CGLYabc','CYSt2r','EX_glycys(e)'
'CGLYabc','CYSt2r','GLYCYSabc'
'CGLYabc','EX_cys_L(e)','EX_glycys(e)'
'CGLYabc','EX_cys_L(e)','GLYCYSabc'
'CHORM','EX_glytyr(e)','EX_tyr_L(e)'
'CHORM','EX_glytyr(e)','TYRt2r'
'CHORM','EX_tyr_L(e)','GLYTYR1c'
'CHORM','EX_tyr_L(e)','GLYTYRabc'
'CHORM','GLYTYR1c','TYRt2r'
'CHORM','GLYTYRabc','TYRt2r'
'CTPS1','CTPS2','CYTDK3'
'CTPS1','CTPS2','CYTDt2r'
'CTPS1','CTPS2','CYTK1'
'CTPS1','CTPS2','EX_cytd(e)'
'CTPS1','CTPS2','NDPK9'
'CYSt2r','EX_cgly(e)','EX_glycys(e)'
'CYSt2r','EX_cgly(e)','GLYCYSabc'
'CYTDK3','DHORTS','EX_ura(e)'
'CYTDK3','DHORTS','UPPRT'
'CYTDK3','DHORTS','URAt2'
'CYTDK3','EX_ura(e)','H2CO3D'
'CYTDK3','EX_ura(e)','OMPDC'
'CYTDK3','EX_ura(e)','OROTPT'
'CYTDK3','H2CO3D','UPPRT'
'CYTDK3','H2CO3D','URAt2'
'CYTDK3','OMPDC','UPPRT'
'CYTDK3','OMPDC','URAt2'
'CYTDK3','OROTPT','UPPRT'
'CYTDK3','OROTPT','URAt2'
'CYTDt2r','DHORTS','EX_ura(e)'
'CYTDt2r','DHORTS','UPPRT'
'CYTDt2r','DHORTS','URAt2'
'CYTDt2r','EX_ura(e)','H2CO3D'
'CYTDt2r','EX_ura(e)','OMPDC'
'CYTDt2r','EX_ura(e)','OROTPT'
'CYTDt2r','H2CO3D','UPPRT'
'CYTDt2r','H2CO3D','URAt2'
'CYTDt2r','OMPDC','UPPRT'
'CYTDt2r','OMPDC','URAt2'
'CYTDt2r','OROTPT','UPPRT'
'CYTDt2r','OROTPT','URAt2'
'CYTK1','DHORTS','EX_ura(e)'
'CYTK1','DHORTS','UPPRT'
'CYTK1','DHORTS','URAt2'
'CYTK1','EX_ura(e)','H2CO3D'
'CYTK1','EX_ura(e)','OMPDC'
'CYTK1','EX_ura(e)','OROTPT'
'CYTK1','H2CO3D','UPPRT'
'CYTK1','H2CO3D','URAt2'
'CYTK1','OMPDC','UPPRT'
'CYTK1','OMPDC','URAt2'
'CYTK1','OROTPT','UPPRT'
'CYTK1','OROTPT','URAt2'
'DCTPD','RNDR4','RNTR4'
'DCTPD2','DHORTS','EX_ura(e)'
'DCTPD2','DHORTS','UPPRT'
'DCTPD2','DHORTS','URAt2'
'DCTPD2','EX_ura(e)','H2CO3D'
'DCTPD2','EX_ura(e)','OMPDC'
'DCTPD2','EX_ura(e)','OROTPT'
'DCTPD2','H2CO3D','UPPRT'
'DCTPD2','H2CO3D','URAt2'
'DCTPD2','OMPDC','UPPRT'
'DCTPD2','OMPDC','URAt2'
'DCTPD2','OROTPT','UPPRT'
'DCTPD2','OROTPT','URAt2'
'DHORTS','EX_cytd(e)','EX_ura(e)'
'DHORTS','EX_cytd(e)','UPPRT'
'DHORTS','EX_cytd(e)','URAt2'
'DHORTS','EX_ura(e)','NDPK9'
'DHORTS','NDPK9','UPPRT'
'DHORTS','NDPK9','URAt2'
'DMPPS','DMPPS2r','IPDDI'
'DM_dhptd(c)','EX_glyc3p(e)','EX_pi(e)'
'DM_dhptd(c)','EX_glyc3p(e)','PIt6b'
'DM_dhptd(c)','EX_pi(e)','GLYC3Pabc'
'DM_dhptd(c)','EX_pi(e)','TPI'
'DM_dhptd(c)','GLYC3Pabc','PIt6b'
'DM_dhptd(c)','PIt6b','TPI'
'ENO','EX_ser_L(e)','GAPD'
'ENO','EX_ser_L(e)','PGK'
'ENO','GAPD','SERt2r'
'ENO','GND','TPI'
'ENO','PGK','SERt2r'
'ENO','PGL','TPI'
'ENO','RPE','TPI'
'ENO','TALA','TPI'
'ENO','TKT1','TPI'
'ENO','TKT2','TPI'
'EX_ac(e)','GF6PTA','PTAr'
'EX_alathr(e)','EX_thr_L(e)','HSK'
'EX_alathr(e)','EX_thr_L(e)','THRS'
'EX_alathr(e)','HSK','THRt2r'
'EX_alathr(e)','THRS','THRt2r'
'EX_cgly(e)','EX_cys_L(e)','EX_glycys(e)'
'EX_cgly(e)','EX_cys_L(e)','GLYCYSabc'
'EX_cytd(e)','EX_ura(e)','H2CO3D'
'EX_cytd(e)','EX_ura(e)','OMPDC'
'EX_cytd(e)','EX_ura(e)','OROTPT'
'EX_cytd(e)','H2CO3D','UPPRT'
'EX_cytd(e)','H2CO3D','URAt2'
'EX_cytd(e)','OMPDC','UPPRT'
'EX_cytd(e)','OMPDC','URAt2'
'EX_cytd(e)','OROTPT','UPPRT'
'EX_cytd(e)','OROTPT','URAt2'
'EX_glu_L(e)','EX_hxan(e)','GLNS'
'EX_glu_L(e)','GLNS','HXPRT'
'EX_glu_L(e)','GLNS','HYXNt'
'EX_glyc3p(e)','EX_nac(e)','EX_pi(e)'
'EX_glyc3p(e)','EX_nac(e)','PIt6b'
'EX_glyc3p(e)','EX_nmn(e)','EX_pi(e)'
'EX_glyc3p(e)','EX_nmn(e)','PIt6b'
'EX_glyc3p(e)','EX_pi(e)','NACt2r'
'EX_glyc3p(e)','EX_pi(e)','NMNP'
'EX_glyc3p(e)','EX_pi(e)','NNAM'
'EX_glyc3p(e)','EX_pi(e)','NTD5_a'
'EX_glyc3p(e)','EX_pi(e)','PNP'
'EX_glyc3p(e)','EX_pi(e)','PUNP1'
'EX_glyc3p(e)','EX_pi(e)','RHCCE'
'EX_glyc3p(e)','NACt2r','PIt6b'
'EX_glyc3p(e)','NMNP','PIt6b'
'EX_glyc3p(e)','NNAM','PIt6b'
'EX_glyc3p(e)','NTD5_a','PIt6b'
'EX_glyc3p(e)','PIt6b','PNP'
'EX_glyc3p(e)','PIt6b','PUNP1'
'EX_glyc3p(e)','PIt6b','RHCCE'
'EX_glyphe(e)','EX_phe_L(e)','PHETA1'
'EX_glyphe(e)','EX_phe_L(e)','PPNDH'
'EX_glyphe(e)','PHETA1','PHEt2r'
'EX_glyphe(e)','PHEt2r','PPNDH'
'EX_glypro(e)','EX_pro_L(e)','G5SADs'
'EX_glypro(e)','EX_pro_L(e)','G5SDr'
'EX_glypro(e)','EX_pro_L(e)','GLU5K'
'EX_glypro(e)','EX_pro_L(e)','P5CRyr'
'EX_glypro(e)','G5SADs','PROabc'
'EX_glypro(e)','G5SDr','PROabc'
'EX_glypro(e)','GLU5K','PROabc'
'EX_glypro(e)','P5CRyr','PROabc'
'EX_glytyr(e)','EX_tyr_L(e)','LARGNAT'
'EX_glytyr(e)','LARGNAT','TYRt2r'
'EX_hxan(e)','GARFTi','GART'
'EX_hxan(e)','GLNS','GLUt2r'
'EX_nac(e)','EX_pi(e)','GLYC3Pabc'
'EX_nac(e)','EX_pi(e)','TPI'
'EX_nac(e)','GLYC3Pabc','PIt6b'
'EX_nac(e)','PIt6b','TPI'
'EX_nmn(e)','EX_pi(e)','GLYC3Pabc'
'EX_nmn(e)','EX_pi(e)','TPI'
'EX_nmn(e)','GLYC3Pabc','PIt6b'
'EX_nmn(e)','PIt6b','TPI'
'EX_phe_L(e)','GLYPHEHYc','PHETA1'
'EX_phe_L(e)','GLYPHEHYc','PPNDH'
'EX_phe_L(e)','GLYPHEabc','PHETA1'
'EX_phe_L(e)','GLYPHEabc','PPNDH'
'EX_pi(e)','GLYC3Pabc','NACt2r'
'EX_pi(e)','GLYC3Pabc','NMNP'
'EX_pi(e)','GLYC3Pabc','NNAM'
'EX_pi(e)','GLYC3Pabc','NTD5_a'
'EX_pi(e)','GLYC3Pabc','PNP'
'EX_pi(e)','GLYC3Pabc','PUNP1'
'EX_pi(e)','GLYC3Pabc','RHCCE'
'EX_pi(e)','NACt2r','TPI'
'EX_pi(e)','NMNP','TPI'
'EX_pi(e)','NNAM','TPI'
'EX_pi(e)','NTD5_a','TPI'
'EX_pi(e)','PNP','TPI'
'EX_pi(e)','PUNP1','TPI'
'EX_pi(e)','RHCCE','TPI'
'EX_ppi(e)','FBA','PPA'
'EX_ppi(e)','PFK(ppi)','PPA'
'EX_ppi(e)','PPA','TPI'
'EX_pro_L(e)','G5SADs','GLYPROPRO1c'
'EX_pro_L(e)','G5SADs','GLYPROabc'
'EX_pro_L(e)','G5SDr','GLYPROPRO1c'
'EX_pro_L(e)','G5SDr','GLYPROabc'
'EX_pro_L(e)','GLU5K','GLYPROPRO1c'
'EX_pro_L(e)','GLU5K','GLYPROabc'
'EX_pro_L(e)','GLYPROPRO1c','P5CRyr'
'EX_pro_L(e)','GLYPROabc','P5CRyr'
'EX_rib_D(e)','GND','RPE'
'EX_rib_D(e)','GND','TKT2'
'EX_rib_D(e)','PGL','RPE'
'EX_rib_D(e)','PGL','TKT2'
'EX_ser_L(e)','GAPD','PGM'
'EX_ser_L(e)','PGK','PGM'
'EX_succ(e)','FUM','SUCOAS'
'EX_tyr_L(e)','GLYTYR1c','LARGNAT'
'EX_tyr_L(e)','GLYTYRabc','LARGNAT'
'EX_ura(e)','H2CO3D','NDPK9'
'EX_ura(e)','NDPK9','OMPDC'
'EX_ura(e)','NDPK9','OROTPT'
'EX_val_L(e)','KARA1','KARA3'
'FBA','PPA','PPIt2e'
'FUM','SUCCt2r','SUCOAS'
'G5SADs','GLYPROPRO1c','PROabc'
'G5SADs','GLYPROabc','PROabc'
'G5SDr','GLYPROPRO1c','PROabc'
'G5SDr','GLYPROabc','PROabc'
'GAPD','GND','TPI'
'GAPD','PGL','TPI'
'GAPD','PGM','SERt2r'
'GAPD','RPE','TPI'
'GAPD','TALA','TPI'
'GAPD','TKT1','TPI'
'GAPD','TKT2','TPI'
'GARFTi','GART','HXPRT'
'GARFTi','GART','HYXNt'
'GLNS','GLUt2r','HXPRT'
'GLNS','GLUt2r','HYXNt'
'GLU5K','GLYPROPRO1c','PROabc'
'GLU5K','GLYPROabc','PROabc'
'GLYC3Pabc','NACt2r','PIt6b'
'GLYC3Pabc','NMNP','PIt6b'
'GLYC3Pabc','NNAM','PIt6b'
'GLYC3Pabc','NTD5_a','PIt6b'
'GLYC3Pabc','PIt6b','PNP'
'GLYC3Pabc','PIt6b','PUNP1'
'GLYC3Pabc','PIt6b','RHCCE'
'GLYPHEHYc','PHETA1','PHEt2r'
'GLYPHEHYc','PHEt2r','PPNDH'
'GLYPHEabc','PHETA1','PHEt2r'
'GLYPHEabc','PHEt2r','PPNDH'
'GLYPROPRO1c','P5CRyr','PROabc'
'GLYPROabc','P5CRyr','PROabc'
'GLYTYR1c','LARGNAT','TYRt2r'
'GLYTYRabc','LARGNAT','TYRt2r'
'GND','PGK','TPI'
'GND','PGM','TPI'
'GND','RBK','RPE'
'GND','RBK','TKT2'
'GND','RIBabc','RPE'
'GND','RIBabc','TKT2'
'GND','RPE','RPI'
'GND','RPI','TKT2'
'H2CO3D','NDPK9','UPPRT'
'H2CO3D','NDPK9','URAt2'
'IPDDI','IPDPS','IPDPS2'
'KARA1','KARA3','VALTA'
'KARA1','KARA3','VALt2r'
'NACt2r','PIt6b','TPI'
'NDPK9','OMPDC','UPPRT'
'NDPK9','OMPDC','URAt2'
'NDPK9','OROTPT','UPPRT'
'NDPK9','OROTPT','URAt2'
'NMNP','PIt6b','TPI'
'NNAM','PIt6b','TPI'
'NTD5_a','PIt6b','TPI'
'PDHa','PFL','PTAr'
'PDHbr','PFL','PTAr'
'PDHc','PFL','PTAr'
'PFK(ppi)','PPA','PPIt2e'
'PGK','PGL','TPI'
'PGK','PGM','SERt2r'
'PGK','RPE','TPI'
'PGK','TALA','TPI'
'PGK','TKT1','TPI'
'PGK','TKT2','TPI'
'PGL','PGM','TPI'
'PGL','RBK','RPE'
'PGL','RBK','TKT2'
'PGL','RIBabc','RPE'
'PGL','RIBabc','TKT2'
'PGL','RPE','RPI'
'PGL','RPI','TKT2'
'PGM','RPE','TPI'
'PGM','TALA','TPI'
'PGM','TKT1','TPI'
'PGM','TKT2','TPI'
'PIt6b','PNP','TPI'
'PIt6b','PUNP1','TPI'
'PIt6b','RHCCE','TPI'
'PPA','PPIt2e','TPI'
