[
  {
    "'g.878.peg.210'": "'Unknown'"
  },
  {
    "'g.878.peg.210'": "'g.878.peg.674'"
  },
  {
    "'g.878.peg.210'": "'g.878.peg.488'"
  },
  {
    "'g.878.peg.210'": "'g.878.peg.1988'"
  },
  {
    "'g.878.peg.210'": "'321955.3.peg.3669'"
  },
  {
    "'g.878.peg.210'": "'321955.3.peg.647'"
  },
  {
    "'g.878.peg.210'": "'321955.3.peg.597'"
  },
  {
    "'g.878.peg.210'": "'321955.3.peg.1551'"
  },
  {
    "'g.878.peg.210'": "'321955.3.peg.2905'"
  },
  {
    "'g.878.peg.210'": "'g.878.peg.949'"
  },
  {
    "'g.878.peg.210'": "'g.878.peg.1313'"
  },
  {
    "'g.878.peg.210'": "'321955.3.peg.1141'"
  },
  {
    "'g.878.peg.210'": "'g.878.peg.1770'"
  },
  {
    "'g.878.peg.210'": "'g.878.peg.2018'"
  },
  {
    "'g.878.peg.210'": "'g.878.peg.119'"
  },
  {
    "'g.878.peg.210'": "'321955.3.peg.2907'"
  },
  {
    "'g.878.peg.210'": "'g.878.peg.460'"
  },
  {
    "'g.878.peg.210'": "'321955.3.peg.3392'"
  },
  {
    "'g.878.peg.210'": "'321955.3.peg.1560'"
  },
  {
    "'g.878.peg.210'": "'g.878.peg.362'"
  },
  {
    "'g.878.peg.210'": "'g.878.peg.824'"
  },
  {
    "'g.878.peg.210'": "'g.878.peg.1329'"
  },
  {
    "'g.878.peg.210'": "'321955.3.peg.1095'"
  },
  {
    "'g.878.peg.210'": "'321955.3.peg.2423'"
  },
  {
    "'g.878.peg.210'": "'g.878.peg.59'"
  },
  {
    "'g.878.peg.210'": "'g.878.peg.2248'"
  },
  {
    "'g.878.peg.210'": "'g.878.peg.347'"
  },
  {
    "'g.878.peg.210'": "'321955.3.peg.3215'"
  },
  {
    "'g.878.peg.210'": "'g.878.peg.3674'"
  },
  {
    "'g.878.peg.210'": "'321955.3.peg.1462'"
  },
  {
    "'g.878.peg.210'": "'321955.3.peg.2678'"
  },
  {
    "'g.878.peg.210'": "'g.878.peg.2702'"
  },
  {
    "'g.878.peg.210'": "'321955.3.peg.593'"
  },
  {
    "'g.878.peg.210'": "'g.878.peg.650'"
  },
  {
    "'g.878.peg.210'": "'321955.3.peg.2760'"
  },
  {
    "'g.878.peg.210'": "'g.878.peg.153'"
  },
  {
    "'g.878.peg.210'": "'321955.3.peg.2367'"
  },
  {
    "'g.878.peg.210'": "'g.878.peg.2590'"
  },
  {
    "'g.878.peg.210'": "'321955.3.peg.2633'"
  },
  {
    "'g.878.peg.210'": "'321955.3.peg.1552'"
  },
  {
    "'g.878.peg.210'": "'g.878.peg.765'"
  },
  {
    "'g.878.peg.210'": "'g.878.peg.1163'"
  },
  {
    "'g.878.peg.210'": "'g.878.peg.1177'"
  },
  {
    "'g.878.peg.210'": "'g.878.peg.981'"
  },
  {
    "'g.878.peg.210'": "'321955.3.peg.2625'"
  },
  {
    "'g.878.peg.210'": "'g.878.peg.1966'"
  },
  {
    "'g.878.peg.210'": "'g.878.peg.194'"
  },
  {
    "'g.878.peg.210'": "'321955.3.peg.2624'"
  },
  {
    "'g.878.peg.210'": "'321955.3.peg.590'"
  },
  {
    "'g.878.peg.210'": "'321955.3.peg.592'"
  },
  {
    "'g.878.peg.210'": "'321955.3.peg.1124'"
  },
  {
    "'g.878.peg.210'": "'g.878.peg.1762'"
  },
  {
    "'g.878.peg.210'": "'321955.3.peg.2092'"
  },
  {
    "'g.878.peg.210'": "'g.878.peg.1614'"
  },
  {
    "'g.878.peg.210'": "'g.878.peg.1887'"
  },
  {
    "'g.878.peg.210'": "'321955.3.peg.2908'"
  },
  {
    "'g.878.peg.210'": "'321955.3.peg.2906'"
  },
  {
    "'g.878.peg.210'": "'321955.3.peg.1554'"
  },
  {
    "'g.878.peg.210'": "'321955.3.peg.1140'"
  },
  {
    "'g.878.peg.210'": "'321955.3.peg.1559'"
  },
  {
    "'g.878.peg.210'": "'321955.3.peg.1557'"
  },
  {
    "'g.878.peg.210'": "'321955.3.peg.1078'"
  },
  {
    "'g.878.peg.210'": "'g.878.peg.425'"
  },
  {
    "'g.878.peg.210'": "'g.878.peg.933'"
  },
  {
    "'g.878.peg.210'": "'g.878.peg.338'"
  },
  {
    "'g.878.peg.210'": "'g.878.peg.109'"
  },
  {
    "'g.878.peg.210'": "'g.878.peg.539'"
  },
  {
    "'g.878.peg.210'": "'g.878.peg.1799'"
  },
  {
    "'g.878.peg.210'": "'321955.3.peg.2781'"
  },
  {
    "'g.878.peg.210'": "'g.878.peg.108'"
  },
  {
    "'g.878.peg.210'": "'g.878.peg.11'"
  },
  {
    "'g.878.peg.210'": "'g.878.peg.1102'"
  },
  {
    "'g.878.peg.210'": "'g.878.peg.1190'"
  },
  {
    "'g.878.peg.210'": "'g.878.peg.1467'"
  },
  {
    "'g.878.peg.210'": "'g.878.peg.2115'"
  },
  {
    "'g.878.peg.210'": "'g.878.peg.2145'"
  },
  {
    "'g.878.peg.210'": "'g.878.peg.2347'"
  },
  {
    "'g.878.peg.210'": "'g.878.peg.2536'"
  },
  {
    "'g.878.peg.210'": "'g.878.peg.2719'"
  },
  {
    "'g.878.peg.210'": "'g.878.peg.4'"
  },
  {
    "'g.878.peg.210'": "'g.878.peg.418'"
  },
  {
    "'g.878.peg.210'": "'g.878.peg.478'"
  },
  {
    "'g.878.peg.210'": "'g.878.peg.597'"
  },
  {
    "'g.878.peg.210'": "'g.878.peg.746'"
  },
  {
    "'g.878.peg.210'": "'g.878.peg.891'"
  },
  {
    "'g.878.peg.210'": "'g.878.peg.908'"
  },
  {
    "'g.878.peg.210'": "'g.878.peg.99'"
  },
  {
    "'g.878.peg.210'": "'g.878.peg.1026'"
  },
  {
    "'g.878.peg.210'": "'g.878.peg.1028'"
  },
  {
    "'g.878.peg.210'": "'g.878.peg.1029'"
  },
  {
    "'g.878.peg.210'": "'g.878.peg.1056'"
  },
  {
    "'g.878.peg.210'": "'g.878.peg.1120'"
  },
  {
    "'g.878.peg.210'": "'g.878.peg.1207'"
  },
  {
    "'g.878.peg.210'": "'g.878.peg.1208'"
  },
  {
    "'g.878.peg.210'": "'g.878.peg.1222'"
  },
  {
    "'g.878.peg.210'": "'g.878.peg.1223'"
  },
  {
    "'g.878.peg.210'": "'g.878.peg.1246'"
  },
  {
    "'g.878.peg.210'": "'g.878.peg.1257'"
  },
  {
    "'g.878.peg.210'": "'g.878.peg.1295'"
  },
  {
    "'g.878.peg.210'": "'g.878.peg.1354'"
  },
  {
    "'g.878.peg.210'": "'g.878.peg.1391'"
  },
  {
    "'g.878.peg.210'": "'g.878.peg.144'"
  },
  {
    "'g.878.peg.210'": "'g.878.peg.1472'"
  },
  {
    "'g.878.peg.210'": "'g.878.peg.1482'"
  },
  {
    "'g.878.peg.210'": "'g.878.peg.1486'"
  },
  {
    "'g.878.peg.210'": "'g.878.peg.1502'"
  },
  {
    "'g.878.peg.210'": "'g.878.peg.1543'"
  },
  {
    "'g.878.peg.210'": "'g.878.peg.1583'"
  },
  {
    "'g.878.peg.210'": "'g.878.peg.1619'"
  },
  {
    "'g.878.peg.210'": "'g.878.peg.1621'"
  },
  {
    "'g.878.peg.210'": "'g.878.peg.1643'"
  },
  {
    "'g.878.peg.210'": "'g.878.peg.1685'"
  },
  {
    "'g.878.peg.210'": "'g.878.peg.1735'"
  },
  {
    "'g.878.peg.210'": "'g.878.peg.1780'"
  },
  {
    "'g.878.peg.210'": "'g.878.peg.1795'"
  },
  {
    "'g.878.peg.210'": "'g.878.peg.1899'"
  },
  {
    "'g.878.peg.210'": "'g.878.peg.1921'"
  },
  {
    "'g.878.peg.210'": "'g.878.peg.1931'"
  },
  {
    "'g.878.peg.210'": "'g.878.peg.1942'"
  },
  {
    "'g.878.peg.210'": "'g.878.peg.1965'"
  },
  {
    "'g.878.peg.210'": "'g.878.peg.1985'"
  },
  {
    "'g.878.peg.210'": "'g.878.peg.2042'"
  },
  {
    "'g.878.peg.210'": "'g.878.peg.2065'"
  },
  {
    "'g.878.peg.210'": "'g.878.peg.2085'"
  },
  {
    "'g.878.peg.210'": "'g.878.peg.2221'"
  },
  {
    "'g.878.peg.210'": "'g.878.peg.2313'"
  },
  {
    "'g.878.peg.210'": "'g.878.peg.2466'"
  },
  {
    "'g.878.peg.210'": "'g.878.peg.252'"
  },
  {
    "'g.878.peg.210'": "'g.878.peg.2560'"
  },
  {
    "'g.878.peg.210'": "'g.878.peg.2673'"
  },
  {
    "'g.878.peg.210'": "'g.878.peg.2745'"
  },
  {
    "'g.878.peg.210'": "'g.878.peg.2793'"
  },
  {
    "'g.878.peg.210'": "'g.878.peg.280'"
  },
  {
    "'g.878.peg.210'": "'g.878.peg.2854'"
  },
  {
    "'g.878.peg.210'": "'g.878.peg.2883'"
  },
  {
    "'g.878.peg.210'": "'g.878.peg.291'"
  },
  {
    "'g.878.peg.210'": "'g.878.peg.292'"
  },
  {
    "'g.878.peg.210'": "'g.878.peg.2970'"
  },
  {
    "'g.878.peg.210'": "'g.878.peg.3192'"
  },
  {
    "'g.878.peg.210'": "'g.878.peg.3559'"
  },
  {
    "'g.878.peg.210'": "'g.878.peg.3575'"
  },
  {
    "'g.878.peg.210'": "'g.878.peg.3759'"
  },
  {
    "'g.878.peg.210'": "'g.878.peg.390'"
  },
  {
    "'g.878.peg.210'": "'g.878.peg.3981'"
  },
  {
    "'g.878.peg.210'": "'g.878.peg.432'"
  },
  {
    "'g.878.peg.210'": "'g.878.peg.631'"
  },
  {
    "'g.878.peg.210'": "'g.878.peg.634'"
  },
  {
    "'g.878.peg.210'": "'g.878.peg.687'"
  },
  {
    "'g.878.peg.210'": "'g.878.peg.721'"
  },
  {
    "'g.878.peg.210'": "'g.878.peg.776'"
  },
  {
    "'g.878.peg.210'": "'g.878.peg.786'"
  },
  {
    "'g.878.peg.210'": "'g.878.peg.834'"
  },
  {
    "'g.878.peg.210'": "'g.878.peg.852'"
  },
  {
    "'g.878.peg.210'": "'g.878.peg.980'"
  },
  {
    "'g.878.peg.210'": "'g.878.peg.1703'"
  },
  {
    "'g.878.peg.210'": "'g.878.peg.1777'"
  },
  {
    "'g.878.peg.210'": "'g.878.peg.2069'"
  },
  {
    "'g.878.peg.210'": "'g.878.peg.2344'"
  },
  {
    "'g.878.peg.210'": "'g.878.peg.2398'"
  },
  {
    "'g.878.peg.210'": "'g.878.peg.352'"
  },
  {
    "'g.878.peg.210'": "'g.878.peg.3520'"
  },
  {
    "'g.878.peg.210'": "'g.878.peg.640'"
  },
  {
    "'g.878.peg.210'": "'g.878.peg.932'"
  }
]