[
  {
    "'g.878.peg.909'": "'g.878.peg.909'",
    "'g.878.peg.1076'": "'g.878.peg.1875'",
    "'g.878.peg.2659'": "'g.878.peg.370'"
  },
  {
    "'g.878.peg.909'": "'g.878.peg.2876'",
    "'g.878.peg.1076'": "'g.878.peg.907'",
    "'g.878.peg.2659'": "'g.878.peg.201'"
  },
  {
    "'g.878.peg.909'": "'321955.3.peg.2530'",
    "'g.878.peg.1076'": "'g.878.peg.1071'",
    "'g.878.peg.2659'": "'g.878.peg.947'"
  },
  {
    "'g.878.peg.909'": "'321955.3.peg.3581'",
    "'g.878.peg.1076'": "'321955.3.peg.3582'",
    "'g.878.peg.2659'": "'g.878.peg.196'"
  },
  {
    "'g.878.peg.909'": "'321955.3.peg.3581'",
    "'g.878.peg.1076'": "'321955.3.peg.3582'",
    "'g.878.peg.2659'": "'g.878.peg.1645'"
  },
  {
    "'g.878.peg.909'": "'g.878.peg.1541'",
    "'g.878.peg.1076'": "'321955.3.peg.1131'",
    "'g.878.peg.2659'": "'321955.3.peg.1132'"
  },
  {
    "'g.878.peg.909'": "'g.878.peg.1768'",
    "'g.878.peg.1076'": "'g.878.peg.1076'",
    "'g.878.peg.2659'": "'g.878.peg.2659'"
  },
  {
    "'g.878.peg.909'": "'g.878.peg.1768'",
    "'g.878.peg.1076'": "'g.878.peg.1875'",
    "'g.878.peg.2659'": "'g.878.peg.370'"
  },
  {
    "'g.878.peg.909'": "'321955.3.peg.1135'",
    "'g.878.peg.1076'": "'g.878.peg.3002'",
    "'g.878.peg.2659'": "'g.878.peg.5'"
  },
  {
    "'g.878.peg.909'": "'321955.3.peg.1135'",
    "'g.878.peg.1076'": "'g.878.peg.3313'",
    "'g.878.peg.2659'": "'g.878.peg.5'"
  },
  {
    "'g.878.peg.909'": "'321955.3.peg.948'",
    "'g.878.peg.1076'": "'g.878.peg.169'",
    "'g.878.peg.2659'": "'321955.3.peg.1082'"
  },
  {
    "'g.878.peg.909'": "'321955.3.peg.948'",
    "'g.878.peg.1076'": "'321955.3.peg.3123'",
    "'g.878.peg.2659'": "'321955.3.peg.811'"
  },
  {
    "'g.878.peg.909'": "'321955.3.peg.949'",
    "'g.878.peg.1076'": "'g.878.peg.169'",
    "'g.878.peg.2659'": "'321955.3.peg.1082'"
  },
  {
    "'g.878.peg.909'": "'321955.3.peg.949'",
    "'g.878.peg.1076'": "'321955.3.peg.3123'",
    "'g.878.peg.2659'": "'321955.3.peg.811'"
  },
  {
    "'g.878.peg.909'": "'321955.3.peg.950'",
    "'g.878.peg.1076'": "'g.878.peg.169'",
    "'g.878.peg.2659'": "'321955.3.peg.1082'"
  },
  {
    "'g.878.peg.909'": "'321955.3.peg.950'",
    "'g.878.peg.1076'": "'321955.3.peg.3123'",
    "'g.878.peg.2659'": "'321955.3.peg.811'"
  },
  {
    "'g.878.peg.909'": "'321955.3.peg.951'",
    "'g.878.peg.1076'": "'g.878.peg.169'",
    "'g.878.peg.2659'": "'321955.3.peg.1082'"
  },
  {
    "'g.878.peg.909'": "'321955.3.peg.951'",
    "'g.878.peg.1076'": "'321955.3.peg.3123'",
    "'g.878.peg.2659'": "'321955.3.peg.811'"
  },
  {
    "'g.878.peg.909'": "'321955.3.peg.952'",
    "'g.878.peg.1076'": "'g.878.peg.169'",
    "'g.878.peg.2659'": "'321955.3.peg.1082'"
  },
  {
    "'g.878.peg.909'": "'321955.3.peg.952'",
    "'g.878.peg.1076'": "'321955.3.peg.3123'",
    "'g.878.peg.2659'": "'321955.3.peg.811'"
  },
  {
    "'g.878.peg.909'": "'321955.3.peg.953'",
    "'g.878.peg.1076'": "'g.878.peg.169'",
    "'g.878.peg.2659'": "'321955.3.peg.1082'"
  },
  {
    "'g.878.peg.909'": "'321955.3.peg.953'",
    "'g.878.peg.1076'": "'321955.3.peg.3123'",
    "'g.878.peg.2659'": "'321955.3.peg.811'"
  },
  {
    "'g.878.peg.909'": "'321955.3.peg.954'",
    "'g.878.peg.1076'": "'g.878.peg.169'",
    "'g.878.peg.2659'": "'321955.3.peg.1082'"
  },
  {
    "'g.878.peg.909'": "'321955.3.peg.954'",
    "'g.878.peg.1076'": "'321955.3.peg.3123'",
    "'g.878.peg.2659'": "'321955.3.peg.811'"
  },
  {
    "'g.878.peg.909'": "'321955.3.peg.955'",
    "'g.878.peg.1076'": "'g.878.peg.169'",
    "'g.878.peg.2659'": "'321955.3.peg.1082'"
  },
  {
    "'g.878.peg.909'": "'321955.3.peg.955'",
    "'g.878.peg.1076'": "'321955.3.peg.3123'",
    "'g.878.peg.2659'": "'321955.3.peg.811'"
  },
  {
    "'g.878.peg.909'": "'321955.3.peg.2835'",
    "'g.878.peg.1076'": "'321955.3.peg.2836'",
    "'g.878.peg.2659'": "'321955.3.peg.1756'"
  },
  {
    "'g.878.peg.909'": "'321955.3.peg.2835'",
    "'g.878.peg.1076'": "'321955.3.peg.2836'",
    "'g.878.peg.2659'": "'321955.3.peg.1757'"
  },
  {
    "'g.878.peg.909'": "'321955.3.peg.2835'",
    "'g.878.peg.1076'": "'321955.3.peg.2836'",
    "'g.878.peg.2659'": "'321955.3.peg.1758'"
  },
  {
    "'g.878.peg.909'": "'321955.3.peg.2835'",
    "'g.878.peg.1076'": "'321955.3.peg.2836'",
    "'g.878.peg.2659'": "'321955.3.peg.1759'"
  },
  {
    "'g.878.peg.909'": "'321955.3.peg.2835'",
    "'g.878.peg.1076'": "'321955.3.peg.2837'",
    "'g.878.peg.2659'": "'321955.3.peg.1756'"
  },
  {
    "'g.878.peg.909'": "'321955.3.peg.2835'",
    "'g.878.peg.1076'": "'321955.3.peg.2837'",
    "'g.878.peg.2659'": "'321955.3.peg.1757'"
  },
  {
    "'g.878.peg.909'": "'321955.3.peg.2835'",
    "'g.878.peg.1076'": "'321955.3.peg.2837'",
    "'g.878.peg.2659'": "'321955.3.peg.1758'"
  },
  {
    "'g.878.peg.909'": "'321955.3.peg.2835'",
    "'g.878.peg.1076'": "'321955.3.peg.2837'",
    "'g.878.peg.2659'": "'321955.3.peg.1759'"
  },
  {
    "'g.878.peg.909'": "'321955.3.peg.2835'",
    "'g.878.peg.1076'": "'321955.3.peg.2838'",
    "'g.878.peg.2659'": "'321955.3.peg.1756'"
  },
  {
    "'g.878.peg.909'": "'321955.3.peg.2835'",
    "'g.878.peg.1076'": "'321955.3.peg.2838'",
    "'g.878.peg.2659'": "'321955.3.peg.1757'"
  },
  {
    "'g.878.peg.909'": "'321955.3.peg.2835'",
    "'g.878.peg.1076'": "'321955.3.peg.2838'",
    "'g.878.peg.2659'": "'321955.3.peg.1758'"
  },
  {
    "'g.878.peg.909'": "'321955.3.peg.2835'",
    "'g.878.peg.1076'": "'321955.3.peg.2838'",
    "'g.878.peg.2659'": "'321955.3.peg.1759'"
  },
  {
    "'g.878.peg.909'": "'321955.3.peg.2841'",
    "'g.878.peg.1076'": "'321955.3.peg.2836'",
    "'g.878.peg.2659'": "'321955.3.peg.1756'"
  },
  {
    "'g.878.peg.909'": "'321955.3.peg.2841'",
    "'g.878.peg.1076'": "'321955.3.peg.2836'",
    "'g.878.peg.2659'": "'321955.3.peg.1757'"
  },
  {
    "'g.878.peg.909'": "'321955.3.peg.2841'",
    "'g.878.peg.1076'": "'321955.3.peg.2836'",
    "'g.878.peg.2659'": "'321955.3.peg.1758'"
  },
  {
    "'g.878.peg.909'": "'321955.3.peg.2841'",
    "'g.878.peg.1076'": "'321955.3.peg.2836'",
    "'g.878.peg.2659'": "'321955.3.peg.1759'"
  },
  {
    "'g.878.peg.909'": "'321955.3.peg.2841'",
    "'g.878.peg.1076'": "'321955.3.peg.2837'",
    "'g.878.peg.2659'": "'321955.3.peg.1756'"
  },
  {
    "'g.878.peg.909'": "'321955.3.peg.2841'",
    "'g.878.peg.1076'": "'321955.3.peg.2837'",
    "'g.878.peg.2659'": "'321955.3.peg.1757'"
  },
  {
    "'g.878.peg.909'": "'321955.3.peg.2841'",
    "'g.878.peg.1076'": "'321955.3.peg.2837'",
    "'g.878.peg.2659'": "'321955.3.peg.1758'"
  },
  {
    "'g.878.peg.909'": "'321955.3.peg.2841'",
    "'g.878.peg.1076'": "'321955.3.peg.2837'",
    "'g.878.peg.2659'": "'321955.3.peg.1759'"
  },
  {
    "'g.878.peg.909'": "'321955.3.peg.2841'",
    "'g.878.peg.1076'": "'321955.3.peg.2838'",
    "'g.878.peg.2659'": "'321955.3.peg.1756'"
  },
  {
    "'g.878.peg.909'": "'321955.3.peg.2841'",
    "'g.878.peg.1076'": "'321955.3.peg.2838'",
    "'g.878.peg.2659'": "'321955.3.peg.1757'"
  },
  {
    "'g.878.peg.909'": "'321955.3.peg.2841'",
    "'g.878.peg.1076'": "'321955.3.peg.2838'",
    "'g.878.peg.2659'": "'321955.3.peg.1758'"
  },
  {
    "'g.878.peg.909'": "'321955.3.peg.2841'",
    "'g.878.peg.1076'": "'321955.3.peg.2838'",
    "'g.878.peg.2659'": "'321955.3.peg.1759'"
  },
  {
    "'g.878.peg.909'": "'321955.3.peg.2842'",
    "'g.878.peg.1076'": "'321955.3.peg.2836'",
    "'g.878.peg.2659'": "'321955.3.peg.1756'"
  },
  {
    "'g.878.peg.909'": "'321955.3.peg.2842'",
    "'g.878.peg.1076'": "'321955.3.peg.2836'",
    "'g.878.peg.2659'": "'321955.3.peg.1757'"
  },
  {
    "'g.878.peg.909'": "'321955.3.peg.2842'",
    "'g.878.peg.1076'": "'321955.3.peg.2836'",
    "'g.878.peg.2659'": "'321955.3.peg.1758'"
  },
  {
    "'g.878.peg.909'": "'321955.3.peg.2842'",
    "'g.878.peg.1076'": "'321955.3.peg.2836'",
    "'g.878.peg.2659'": "'321955.3.peg.1759'"
  },
  {
    "'g.878.peg.909'": "'321955.3.peg.2842'",
    "'g.878.peg.1076'": "'321955.3.peg.2837'",
    "'g.878.peg.2659'": "'321955.3.peg.1756'"
  },
  {
    "'g.878.peg.909'": "'321955.3.peg.2842'",
    "'g.878.peg.1076'": "'321955.3.peg.2837'",
    "'g.878.peg.2659'": "'321955.3.peg.1757'"
  },
  {
    "'g.878.peg.909'": "'321955.3.peg.2842'",
    "'g.878.peg.1076'": "'321955.3.peg.2837'",
    "'g.878.peg.2659'": "'321955.3.peg.1758'"
  },
  {
    "'g.878.peg.909'": "'321955.3.peg.2842'",
    "'g.878.peg.1076'": "'321955.3.peg.2837'",
    "'g.878.peg.2659'": "'321955.3.peg.1759'"
  },
  {
    "'g.878.peg.909'": "'321955.3.peg.2842'",
    "'g.878.peg.1076'": "'321955.3.peg.2838'",
    "'g.878.peg.2659'": "'321955.3.peg.1756'"
  },
  {
    "'g.878.peg.909'": "'321955.3.peg.2842'",
    "'g.878.peg.1076'": "'321955.3.peg.2838'",
    "'g.878.peg.2659'": "'321955.3.peg.1757'"
  },
  {
    "'g.878.peg.909'": "'321955.3.peg.2842'",
    "'g.878.peg.1076'": "'321955.3.peg.2838'",
    "'g.878.peg.2659'": "'321955.3.peg.1758'"
  },
  {
    "'g.878.peg.909'": "'321955.3.peg.2842'",
    "'g.878.peg.1076'": "'321955.3.peg.2838'",
    "'g.878.peg.2659'": "'321955.3.peg.1759'"
  },
  {
    "'g.878.peg.909'": "'g.878.peg.3567'",
    "'g.878.peg.1076'": "'g.878.peg.1112'",
    "'g.878.peg.2659'": "'g.878.peg.50'"
  },
  {
    "'g.878.peg.909'": "'g.878.peg.3567'",
    "'g.878.peg.1076'": "'g.878.peg.1509'",
    "'g.878.peg.2659'": "'g.878.peg.638'"
  },
  {
    "'g.878.peg.909'": "'g.878.peg.3567'",
    "'g.878.peg.1076'": "'g.878.peg.1906'",
    "'g.878.peg.2659'": "'g.878.peg.830'"
  },
  {
    "'g.878.peg.909'": "'g.878.peg.676'",
    "'g.878.peg.1076'": "'g.878.peg.1534'",
    "'g.878.peg.2659'": "'g.878.peg.1585'"
  },
  {
    "'g.878.peg.909'": "'g.878.peg.1973'",
    "'g.878.peg.1076'": "'g.878.peg.1983'",
    "'g.878.peg.2659'": "'g.878.peg.1552'"
  },
  {
    "'g.878.peg.909'": "'g.878.peg.1250'",
    "'g.878.peg.1076'": "'321955.3.peg.2368'",
    "'g.878.peg.2659'": "'321955.3.peg.2535'"
  },
  {
    "'g.878.peg.909'": "'321955.3.peg.143'",
    "'g.878.peg.1076'": "'321955.3.peg.121'",
    "'g.878.peg.2659'": "'321955.3.peg.3615'"
  },
  {
    "'g.878.peg.909'": "'321955.3.peg.2847'",
    "'g.878.peg.1076'": "'g.878.peg.3002'",
    "'g.878.peg.2659'": "'g.878.peg.5'"
  },
  {
    "'g.878.peg.909'": "'321955.3.peg.2847'",
    "'g.878.peg.1076'": "'g.878.peg.3313'",
    "'g.878.peg.2659'": "'g.878.peg.5'"
  },
  {
    "'g.878.peg.909'": "'321955.3.peg.1134'",
    "'g.878.peg.1076'": "'g.878.peg.3002'",
    "'g.878.peg.2659'": "'g.878.peg.5'"
  },
  {
    "'g.878.peg.909'": "'321955.3.peg.1134'",
    "'g.878.peg.1076'": "'g.878.peg.3313'",
    "'g.878.peg.2659'": "'g.878.peg.5'"
  },
  {
    "'g.878.peg.909'": "'g.878.peg.1473'",
    "'g.878.peg.1076'": "'321955.3.peg.2368'",
    "'g.878.peg.2659'": "'321955.3.peg.2535'"
  },
  {
    "'g.878.peg.909'": "'g.878.peg.481'",
    "'g.878.peg.1076'": "'321955.3.peg.2371'",
    "'g.878.peg.2659'": "'g.878.peg.26'"
  },
  {
    "'g.878.peg.909'": "'g.878.peg.2896'",
    "'g.878.peg.1076'": "'321955.3.peg.2371'",
    "'g.878.peg.2659'": "'g.878.peg.26'"
  },
  {
    "'g.878.peg.909'": "'g.878.peg.3002'",
    "'g.878.peg.1076'": "'g.878.peg.1875'",
    "'g.878.peg.2659'": "'g.878.peg.5'"
  },
  {
    "'g.878.peg.909'": "'g.878.peg.3002'",
    "'g.878.peg.1076'": "'321955.3.peg.1130'",
    "'g.878.peg.2659'": "'g.878.peg.5'"
  },
  {
    "'g.878.peg.909'": "'g.878.peg.3002'",
    "'g.878.peg.1076'": "'321955.3.peg.2984'",
    "'g.878.peg.2659'": "'g.878.peg.5'"
  },
  {
    "'g.878.peg.909'": "'g.878.peg.3313'",
    "'g.878.peg.1076'": "'g.878.peg.1875'",
    "'g.878.peg.2659'": "'g.878.peg.5'"
  },
  {
    "'g.878.peg.909'": "'g.878.peg.3313'",
    "'g.878.peg.1076'": "'321955.3.peg.1130'",
    "'g.878.peg.2659'": "'g.878.peg.5'"
  },
  {
    "'g.878.peg.909'": "'g.878.peg.3313'",
    "'g.878.peg.1076'": "'321955.3.peg.2984'",
    "'g.878.peg.2659'": "'g.878.peg.5'"
  },
  {
    "'g.878.peg.909'": "'321955.3.peg.2371'",
    "'g.878.peg.1076'": "'g.878.peg.26'",
    "'g.878.peg.2659'": "'g.878.peg.726'"
  },
  {
    "'g.878.peg.909'": "'321955.3.peg.2371'",
    "'g.878.peg.1076'": "'g.878.peg.26'",
    "'g.878.peg.2659'": "'321955.3.peg.975'"
  },
  {
    "'g.878.peg.909'": "'g.878.peg.802'",
    "'g.878.peg.1076'": "'g.878.peg.1800'",
    "'g.878.peg.2659'": "'g.878.peg.616'"
  },
  {
    "'g.878.peg.909'": "'g.878.peg.3380'",
    "'g.878.peg.1076'": "'g.878.peg.26'",
    "'g.878.peg.2659'": "'321955.3.peg.1080'"
  },
  {
    "'g.878.peg.909'": "'g.878.peg.3380'",
    "'g.878.peg.1076'": "'321955.3.peg.2065'",
    "'g.878.peg.2659'": "'321955.3.peg.1080'"
  },
  {
    "'g.878.peg.909'": "'321955.3.peg.577'",
    "'g.878.peg.1076'": "'g.878.peg.196'",
    "'g.878.peg.2659'": "'g.878.peg.2713'"
  },
  {
    "'g.878.peg.909'": "'321955.3.peg.121'",
    "'g.878.peg.1076'": "'321955.3.peg.127'",
    "'g.878.peg.2659'": "'321955.3.peg.3615'"
  },
  {
    "'g.878.peg.909'": "'g.878.peg.1415'",
    "'g.878.peg.1076'": "'g.878.peg.1112'",
    "'g.878.peg.2659'": "'g.878.peg.50'"
  },
  {
    "'g.878.peg.909'": "'g.878.peg.1415'",
    "'g.878.peg.1076'": "'g.878.peg.1509'",
    "'g.878.peg.2659'": "'g.878.peg.638'"
  },
  {
    "'g.878.peg.909'": "'g.878.peg.1415'",
    "'g.878.peg.1076'": "'g.878.peg.1906'",
    "'g.878.peg.2659'": "'g.878.peg.830'"
  },
  {
    "'g.878.peg.909'": "'g.878.peg.3708'",
    "'g.878.peg.1076'": "'g.878.peg.1659'",
    "'g.878.peg.2659'": "'321955.3.peg.3405'"
  },
  {
    "'g.878.peg.909'": "'g.878.peg.3011'",
    "'g.878.peg.1076'": "'g.878.peg.1155'",
    "'g.878.peg.2659'": "'g.878.peg.3901'"
  },
  {
    "'g.878.peg.909'": "'g.878.peg.3069'",
    "'g.878.peg.1076'": "'g.878.peg.1155'",
    "'g.878.peg.2659'": "'g.878.peg.3901'"
  },
  {
    "'g.878.peg.909'": "'g.878.peg.3100'",
    "'g.878.peg.1076'": "'g.878.peg.1155'",
    "'g.878.peg.2659'": "'g.878.peg.3901'"
  },
  {
    "'g.878.peg.909'": "'g.878.peg.1646'",
    "'g.878.peg.1076'": "'g.878.peg.1676'",
    "'g.878.peg.2659'": "'g.878.peg.2388'"
  }
]