ECP_0959,ECP_0251,ECP_4015
ECP_4301,ECP_0738,ECP_0739
ECP_4301,ECP_0738,ECP_0740
ECP_4301,ECP_0737,ECP_0739
ECP_4301,ECP_0737,ECP_0740
ECP_4301,ECP_0123,ECP_0739
ECP_4301,ECP_0123,ECP_0740
ECP_0535,ECP_3465,ECP_4767
ECP_0738,ECP_2909,ECP_0739
ECP_0738,ECP_2909,ECP_0740
ECP_0737,ECP_2909,ECP_0739
ECP_0737,ECP_2909,ECP_0740
ECP_0123,ECP_2552,ECP_0590
ECP_0123,ECP_2909,ECP_0739
ECP_0123,ECP_2909,ECP_0740
ECP_0123,ECP_0590,ECP_2905
ECP_0123,ECP_0590,ECP_4772
ECP_2552,ECP_0885,ECP_3718
ECP_2552,ECP_0885,ECP_3717
ECP_2552,ECP_2898,ECP_0590
ECP_2552,ECP_2897,ECP_0590
ECP_2552,ECP_2896,ECP_0590
ECP_2552,ECP_4225,ECP_4169
ECP_2552,ECP_4169,ECP_0733
ECP_2552,ECP_4169,ECP_0736
ECP_2552,ECP_4169,ECP_0735
ECP_2552,ECP_4169,ECP_0734
ECP_2329,ECP_2405,ECP_3676
ECP_4333,ECP_3471,ECP_2906
ECP_0576,ECP_4225,ECP_4169
ECP_0576,ECP_4169,ECP_0733
ECP_0576,ECP_4169,ECP_0736
ECP_0576,ECP_4169,ECP_0735
ECP_0576,ECP_4169,ECP_0734
ECP_0572,ECP_4225,ECP_4169
ECP_0572,ECP_4169,ECP_0733
ECP_0572,ECP_4169,ECP_0736
ECP_0572,ECP_4169,ECP_0735
ECP_0572,ECP_4169,ECP_0734
ECP_3934,ECP_1727,ECP_1794
ECP_3934,ECP_1727,ECP_1795
ECP_3934,ECP_1727,ECP_4128
ECP_3934,ECP_1794,ECP_2915
ECP_3934,ECP_1795,ECP_2915
ECP_3934,ECP_2915,ECP_4128
ECP_3932,ECP_1727,ECP_1794
ECP_3932,ECP_1727,ECP_1795
ECP_3932,ECP_1727,ECP_4128
ECP_3932,ECP_1794,ECP_2915
ECP_3932,ECP_1795,ECP_2915
ECP_3932,ECP_2915,ECP_4128
ECP_3931,ECP_1727,ECP_1794
ECP_3931,ECP_1727,ECP_1795
ECP_3931,ECP_1727,ECP_4128
ECP_3931,ECP_1794,ECP_2915
ECP_3931,ECP_1795,ECP_2915
ECP_3931,ECP_2915,ECP_4128
ECP_3935,ECP_1727,ECP_1794
ECP_3935,ECP_1727,ECP_1795
ECP_3935,ECP_1727,ECP_4128
ECP_3935,ECP_1794,ECP_2915
ECP_3935,ECP_1795,ECP_2915
ECP_3935,ECP_2915,ECP_4128
ECP_3930,ECP_1727,ECP_1794
ECP_3930,ECP_1727,ECP_1795
ECP_3930,ECP_1727,ECP_4128
ECP_3930,ECP_1794,ECP_2915
ECP_3930,ECP_1795,ECP_2915
ECP_3930,ECP_2915,ECP_4128
ECP_3937,ECP_1727,ECP_1794
ECP_3937,ECP_1727,ECP_1795
ECP_3937,ECP_1727,ECP_4128
ECP_3937,ECP_1794,ECP_2915
ECP_3937,ECP_1795,ECP_2915
ECP_3937,ECP_2915,ECP_4128
ECP_3936,ECP_1727,ECP_1794
ECP_3936,ECP_1727,ECP_1795
ECP_3936,ECP_1727,ECP_4128
ECP_3936,ECP_1794,ECP_2915
ECP_3936,ECP_1795,ECP_2915
ECP_3936,ECP_2915,ECP_4128
ECP_3933,ECP_1727,ECP_1794
ECP_3933,ECP_1727,ECP_1795
ECP_3933,ECP_1727,ECP_4128
ECP_3933,ECP_1794,ECP_2915
ECP_3933,ECP_1795,ECP_2915
ECP_3933,ECP_2915,ECP_4128
ECP_4010,ECP_4492,ECP_3572
ECP_4010,ECP_4492,ECP_3574
ECP_4010,ECP_4492,ECP_3573
ECP_4010,ECP_4492,ECP_3571
ECP_4010,ECP_4492,ECP_3575
ECP_0412,ECP_0921,ECP_2726
ECP_1652,ECP_0765,ECP_2602
ECP_3973,ECP_2584,ECP_3590
ECP_1556,ECP_1555,ECP_4169
ECP_1727,ECP_4225,ECP_1649
ECP_1727,ECP_1649,ECP_0733
ECP_1727,ECP_1649,ECP_0736
ECP_1727,ECP_1649,ECP_0735
ECP_1727,ECP_1649,ECP_0734
ECP_2760,ECP_3489,ECP_1649
ECP_2898,ECP_0590,ECP_2905
ECP_2898,ECP_0590,ECP_4772
ECP_2897,ECP_0590,ECP_2905
ECP_2897,ECP_0590,ECP_4772
ECP_2896,ECP_0590,ECP_2905
ECP_2896,ECP_0590,ECP_4772
ECP_3590,ECP_2278,ECP_4487
ECP_3590,ECP_2277,ECP_4487
ECP_2862,ECP_4225,ECP_4169
ECP_2862,ECP_4169,ECP_0733
ECP_2862,ECP_4169,ECP_0736
ECP_2862,ECP_4169,ECP_0735
ECP_2862,ECP_4169,ECP_0734
ECP_2860,ECP_4225,ECP_4169
ECP_2860,ECP_4169,ECP_0733
ECP_2860,ECP_4169,ECP_0736
ECP_2860,ECP_4169,ECP_0735
ECP_2860,ECP_4169,ECP_0734
ECP_2861,ECP_4225,ECP_4169
ECP_2861,ECP_4169,ECP_0733
ECP_2861,ECP_4169,ECP_0736
ECP_2861,ECP_4169,ECP_0735
ECP_2861,ECP_4169,ECP_0734
ECP_4225,ECP_0590,ECP_4169
ECP_4225,ECP_2905,ECP_4169
ECP_4225,ECP_2915,ECP_1649
ECP_4225,ECP_4169,ECP_4772
ECP_4225,ECP_4169,ECP_0566
ECP_4224,ECP_3053,ECP_4169
ECP_3482,ECP_0159,ECP_2524
ECP_2448,ECP_0777,ECP_4126
ECP_2448,ECP_0776,ECP_4126
ECP_2448,ECP_0775,ECP_4126
ECP_0590,ECP_0913,ECP_4164
ECP_0590,ECP_0913,ECP_4165
ECP_0590,ECP_3207,ECP_4164
ECP_0590,ECP_3207,ECP_4165
ECP_0590,ECP_4169,ECP_0733
ECP_0590,ECP_4169,ECP_0736
ECP_0590,ECP_4169,ECP_0735
ECP_0590,ECP_4169,ECP_0734
ECP_1331,ECP_0855,ECP_3147
ECP_2905,ECP_4169,ECP_0733
ECP_2905,ECP_4169,ECP_0736
ECP_2905,ECP_4169,ECP_0735
ECP_2905,ECP_4169,ECP_0734
ECP_2915,ECP_1649,ECP_0733
ECP_2915,ECP_1649,ECP_0736
ECP_2915,ECP_1649,ECP_0735
ECP_2915,ECP_1649,ECP_0734
ECP_4169,ECP_4772,ECP_0733
ECP_4169,ECP_4772,ECP_0736
ECP_4169,ECP_4772,ECP_0735
ECP_4169,ECP_4772,ECP_0734
ECP_4169,ECP_0733,ECP_0566
ECP_4169,ECP_0736,ECP_0566
ECP_4169,ECP_0735,ECP_0566
ECP_4169,ECP_0734,ECP_0566
ECP_3465,ECP_4767,ECP_1255
ECP_2278,ECP_2641,ECP_4487
ECP_2278,ECP_2640,ECP_4487
ECP_2277,ECP_2641,ECP_4487
ECP_2277,ECP_2640,ECP_4487
ECP_2641,ECP_4487,ECP_0902
ECP_2640,ECP_4487,ECP_0902
